
[1/4] Loading dataset …
Processing...
  Category filter: ['Bench_vice', 'C_Clamps', 'Pipe_vice', 'Gate_Valve', 'Press_Tool', 'Tool_Post', 'Crane_hook']
  237 STEP files after category filter
  Found 237 STEP file(s) in /Users/mbp/Documents/MTECH/Sem4/Individual_project/AI_Assisted_3D_Assembly_Design/AI-Assisted-3D-Assembly-Design/Source_3d_models/Best_models_for_training
  [1/237] [CACHED] Bench_Vice_02/Bench_Vice_02.STEP — 26 nodes
  [2/237] [CACHED] Bench_Vice_03/Bench_Vice_03.step — 18 nodes
  [3/237] [CACHED] Bench_Vice_04/Bench_Vice_04.STEP — 47 nodes
  [4/237] [CACHED] Bench_Vice_06/Bench_Vice_06.stp — 16 nodes
  [5/237] [CACHED] Bench_Vice_07/Bench_Vice_07.STEP — 12 nodes
  [6/237] [CACHED] Bench_Vice_08/Bench_Vice_08.step — 55 nodes
  [7/237] [CACHED] Bench_Vice_09/Bench_Vice_09.stp — 22 nodes
  [8/237] [CACHED] Bench_Vice_11/Bench_Vice_11.STEP — 20 nodes
  [9/237] [CACHED] Bench_Vice_12/Bench_Vice_12.stp — 31 nodes
  [10/237] [CACHED] Bench_Vice_13/Bench_Vice_13.STEP — 27 nodes
  [11/237] [CACHED] Bench_Vice_14/Bench_Vice_14.STEP — 24 nodes
  [12/237] [CACHED] Bench_Vice_17/Bench_Vice_17.STEP — 25 nodes
  [13/237] [CACHED] Bench_Vice_18/Bench_Vice_18.stp — 7 nodes
  [14/237] [CACHED] Bench_Vice_20/Bench_Vice_20.stp — 21 nodes
  [15/237] [CACHED] Bench_Vice_21/Bench_Vice_21.STEP — 12 nodes
  [16/237] [CACHED] Bench_Vice_22/Bench_Vice_22.stp — 22 nodes
  [17/237] [CACHED] Bench_Vice_23/Bench_Vice_23.stp — 27 nodes
  [18/237] [CACHED] Bench_Vice_26/Bench_Vice_26.step — 17 nodes
  [19/237] [CACHED] Bench_Vice_27/Bench_Vice_27.stp — 10 nodes
  [20/237] [CACHED] Bench_Vice_28/Bench_Vice_28.stp — 46 nodes
  [21/237] [CACHED] Bench_Vice_31/Bench_Vice_31.stp — 20 nodes
  [22/237] [CACHED] Bench_Vice_34/Bench_Vice_34.stp — 23 nodes
  [23/237] [CACHED] Bench_Vice_38/Bench_Vice_38.step — 20 nodes
  [24/237] [CACHED] Bench_Vice_39/Bench_Vice_39.step — 14 nodes
  [25/237] [CACHED] Bench_Vice_41/Bench_Vice_41.stp — 22 nodes
  [26/237] [CACHED] Bench_Vice_42/Bench_Vice_42.stp — 15 nodes
  [27/237] [CACHED] Bench_Vice_43/Bench_Vice_43.step — 16 nodes
  [28/237] [CACHED] Bench_Vice_45/Bench_Vice_45.step — 25 nodes
  [29/237] [CACHED] Bench_Vice_46/Bench_Vice_46.stp — 18 nodes
  [30/237] [CACHED] Bench_Vice_47/Bench_Vice_47.STEP — 21 nodes
  [31/237] [CACHED] Bench_Vice_50/Bench_Vice_50.STEP — 31 nodes
  [32/237] [CACHED] Bench_Vice_51/Bench_Vice_51.STEP — 13 nodes
  [33/237] [CACHED] Bench_Vice_52/Bench_Vice_52.stp — 57 nodes
  [34/237] [CACHED] Bench_Vice_53/Bench_Vice_53.STEP — 27 nodes
  [35/237] [CACHED] Bench_Vice_58/Bench_Vice_58.stp — 6 nodes
  [36/237] [CACHED] Bench_Vice_59/Bench_Vice_59.STEP — 97 nodes
  [37/237] [CACHED] Bench_Vice_60/Bench_Vice_60.stp — 24 nodes
  [38/237] [CACHED] Bench_Vice_61/Bench_Vice_61.stp — 48 nodes
  [39/237] [CACHED] Bench_Vice_65/Bench_Vice_65.stp — 28 nodes
  [40/237] [CACHED] Bench_Vice_66/Bench_Vice_66.step — 26 nodes
  [41/237] [CACHED] Bench_Vice_67/Bench_Vice_67.stp — 26 nodes
  [42/237] [CACHED] Bench_Vice_68/Bench_Vice_68.stp — 24 nodes
  [43/237] [CACHED] Bench_Vice_69/Bench_Vice_69.stp — 22 nodes
  [44/237] [CACHED] Bench_Vice_72/Bench_Vice_72.stp — 25 nodes
  [45/237] [CACHED] Bench_Vice_73/Bench_Vice_73.stp — 2 nodes
  [46/237] [CACHED] Bench_Vice_74/Bench_Vice_74.stp — 15 nodes
  [47/237] [CACHED] Bench_Vice_75/Bench_Vice_75.STEP — 33 nodes
  [48/237] [CACHED] Bench_Vice_76/Bench_Vice_76.stp — 37 nodes
  [49/237] [CACHED] Bench_Vice_77/Bench_Vice_77.STEP — 6 nodes
  [50/237] [CACHED] Bench_Vice_78/Bench_Vice_78.STEP — 35 nodes
  [51/237] [CACHED] Bench_Vice_79/Bench_Vice_79.STEP — 19 nodes
  [52/237] [CACHED] Bench_Vice_80/Bench_Vice_80.STEP — 16 nodes
  [53/237] [CACHED] Bench_Vice_81/Bench_Vice_81.stp — 36 nodes
  [54/237] [CACHED] Bench_Vice_82/Bench_Vice_82.stp — 41 nodes
  [55/237] [CACHED] C_Clamps_01/C_Clamps_01.stp — 8 nodes
  [56/237] [CACHED] C_Clamps_03/C_Clamps_03.STEP — 10 nodes
  [57/237] [CACHED] C_Clamps_04/C_Clamps_04.stp — 10 nodes
  [58/237] [CACHED] C_Clamps_05/C_Clamps_05.STEP — 5 nodes
  [59/237] [CACHED] C_Clamps_06/C_Clamps_06.stp — 9 nodes
  [60/237] [CACHED] C_Clamps_07/C_Clamps_07.stp — 7 nodes
  [61/237] [CACHED] C_Clamps_08/C_Clamps_08.stp — 2 nodes
  [62/237] [CACHED] C_Clamps_09/C_Clamps_09.STEP — 9 nodes
  [63/237] [CACHED] C_Clamps_10/C_Clamps_10.stp — 7 nodes
  [64/237] [CACHED] C_Clamps_11/C_Clamps_11.STEP — 2 nodes
  [65/237] [CACHED] C_Clamps_12/C_Clamps_12.stp — 5 nodes
  [66/237] [CACHED] C_Clamps_13/C_Clamps_13.STEP — 6 nodes
  [67/237] [CACHED] C_Clamps_14/C_Clamps_14.STEP — 4 nodes
  [68/237] [CACHED] C_Clamps_15/C_Clamps_15.stp — 4 nodes
  [69/237] [CACHED] C_Clamps_16/C_Clamps_16.stp — 10 nodes
  [70/237] [CACHED] C_Clamps_18/C_Clamps_18.stp — 3 nodes
  [71/237] [CACHED] C_Clamps_19/C_Clamps_19.stp — 6 nodes
  [72/237] [CACHED] C_Clamps_20/C_Clamps_20.stp — 2 nodes
  [73/237] [CACHED] C_Clamps_21/C_Clamps_21.STEP — 6 nodes
  [74/237] [CACHED] C_Clamps_22/C_Clamps_22.stp — 7 nodes
  [75/237] [CACHED] C_Clamps_23/C_Clamps_23.STEP — 16 nodes
  [76/237] [CACHED] C_Clamps_26/C_Clamps_26.stp — 11 nodes
  [77/237] [CACHED] C_Clamps_28/C_Clamps_28.step — 10 nodes
  [78/237] [CACHED] C_Clamps_29/C_Clamps_29.stp — 7 nodes
  [79/237] [CACHED] C_Clamps_31/C_Clamps_31.stp — 6 nodes
  [80/237] [CACHED] C_Clamps_32/C_Clamps_32.step — 10 nodes
  [81/237] [CACHED] C_Clamps_33/C_Clamps_33.stp — 9 nodes
  [82/237] [CACHED] C_Clamps_36/C_Clamps_36.STEP — 5 nodes
  [83/237] [CACHED] C_Clamps_37/C_Clamps_37.step — 5 nodes
  [84/237] [CACHED] C_Clamps_38/C_Clamps_38.STEP — 8 nodes
  [85/237] [CACHED] C_Clamps_40/C_Clamps_40.stp — 4 nodes
  [86/237] [CACHED] Crane_Hook_01/Crane_Hook_01.stp — 33 nodes
  [87/237] [CACHED] Crane_Hook_02/Crane_Hook_02.STEP — 35 nodes
  [88/237] [CACHED] Crane_Hook_04/Crane_Hook_04.STEP — 44 nodes
  [89/237] [CACHED] Crane_Hook_05/Crane_Hook_05.STEP — 15 nodes
  [90/237] [CACHED] Crane_Hook_06/Crane_Hook_06.step — 20 nodes
  [91/237] [CACHED] Crane_Hook_07/Crane_Hook_07.stp — 46 nodes
  [92/237] [CACHED] Crane_Hook_09/Crane_Hook_09.step — 28 nodes
  [93/237] [CACHED] Crane_Hook_10/Crane_Hook_10.stp — 46 nodes
  [94/237] [CACHED] Crane_Hook_11/Crane_Hook_11.stp — 19 nodes
  [95/237] [CACHED] Crane_Hook_12/Crane_Hook_12.stp — 53 nodes
  [96/237] [CACHED] Crane_Hook_13/Crane_Hook_13.stp — 28 nodes
  [97/237] [CACHED] Crane_Hook_15/Crane_Hook_15.STEP — 86 nodes
  [98/237] [CACHED] Crane_Hook_17/Crane_Hook_17.stp — 49 nodes
  [99/237] [CACHED] Crane_Hook_21/Crane_Hook_21.STEP — 57 nodes
  [100/237] [CACHED] Crane_Hook_22/Crane_Hook_22.STEP — 66 nodes
  [101/237] [CACHED] Crane_Hook_23/Crane_Hook_23.step — 24 nodes
  [102/237] Parsing: Crane_Hook_24/Crane_Hook_24.stp
  [OK]  Crane_Hook_24/Crane_Hook_24.stp — 46 nodes  91 edges  (5.6s)
  [103/237] Parsing: Crane_Hook_25/Crane_Hook_25.stp
  [OK]  Crane_Hook_25/Crane_Hook_25.stp — 46 nodes  91 edges  (5.3s)
  [104/237] Parsing: Crane_Hook_26/Crane_Hook_26.stp
  [OK]  Crane_Hook_26/Crane_Hook_26.stp — 53 nodes  88 edges  (5.2s)
  [105/237] Parsing: Crane_Hook_27/Crane_Hook_27.stp
  [OK]  Crane_Hook_27/Crane_Hook_27.stp — 53 nodes  88 edges  (5.1s)
  [106/237] Parsing: Crane_Hook_28/Crane_Hook_28.STEP
  [OK]  Crane_Hook_28/Crane_Hook_28.STEP — 86 nodes  157 edges  (8.3s)
  [107/237] Parsing: Crane_Hook_29/Crane_Hook_29.stp
  [OK]  Crane_Hook_29/Crane_Hook_29.stp — 49 nodes  79 edges  (5.3s)
  [108/237] Parsing: Crane_Hook_30/Crane_Hook_30.STEP
  [OK]  Crane_Hook_30/Crane_Hook_30.STEP — 57 nodes  107 edges  (5.5s)
  [109/237] Parsing: Crane_Hook_31/Crane_Hook_31.stp
  [OK]  Crane_Hook_31/Crane_Hook_31.stp — 53 nodes  88 edges  (5.1s)
  [110/237] Parsing: Crane_Hook_32/Crane_Hook_32.step
  [OK]  Crane_Hook_32/Crane_Hook_32.step — 86 nodes  157 edges  (8.3s)
  [111/237] [CACHED] Gate_Valve_02/Gate_Valve_02.STEP — 4 nodes
  [112/237] [CACHED] Gate_Valve_03/Gate_Valve_03.stp — 40 nodes
  [113/237] [CACHED] Gate_Valve_04/Gate_Valve_04.stp — 63 nodes
  [114/237] [CACHED] Gate_Valve_05/Gate_Valve_05.stp — 87 nodes
  [115/237] [CACHED] Gate_Valve_06/Gate_Valve_06.stp — 41 nodes
  [116/237] [CACHED] Gate_Valve_07/Gate_Valve_07.stp — 69 nodes
  [117/237] [CACHED] Gate_Valve_10/Gate_Valve_10.stp — 61 nodes
  [118/237] [CACHED] Gate_Valve_11/Gate_Valve_11.STEP — 47 nodes
  [119/237] [CACHED] Gate_Valve_14/Gate_Valve_14.stp — 59 nodes
  [120/237] [CACHED] Gate_Valve_15/Gate_Valve_15.stp — 51 nodes
  [121/237] [CACHED] Gate_Valve_23/Gate_Valve_23.STEP — 35 nodes
  [122/237] [CACHED] Gate_Valve_24/Gate_Valve_24.STEP — 81 nodes
  [123/237] Parsing: Gate_Valve_25/Gate_Valve_2543465.STEP
    [skip] Gate_Valve_2543465.STEP: timeout after 300s
  [TIMEOUT] Gate_Valve_25/Gate_Valve_2543465.STEP (300.6s)
  [124/237] [CACHED] Gate_Valve_31/Gate_Valve_31.STEP — 4 nodes
  [125/237] [CACHED] Gate_Valve_34/Gate_Valve_34.stp — 62 nodes
  [126/237] [CACHED] Gate_Valve_35/Gate_Valve_35.step — 43 nodes
  [127/237] [CACHED] Gate_Valve_36/Gate_Valve_36.STEP — 93 nodes
  [128/237] [CACHED] Gate_Valve_37/Gate_Valve_37.step — 2 nodes
  [129/237] [CACHED] Gate_Valve_38/Gate_Valve_38.stp — 176 nodes
  [130/237] Parsing: Gate_Valve_39/Gate_Valve_39.STEP
  [OK]  Gate_Valve_39/Gate_Valve_39.STEP — 35 nodes  26 edges  (18.1s)
  [131/237] Parsing: Gate_Valve_40/Gate_Valve_40.STEP
    [skip] Gate_Valve_40.STEP: timeout after 300s
  [TIMEOUT] Gate_Valve_40/Gate_Valve_40.STEP (300.6s)
  [132/237] Parsing: Gate_Valve_41/Gate_Valve_41.STEP
    [skip] Gate_Valve_41.STEP: timeout after 300s
  [TIMEOUT] Gate_Valve_41/Gate_Valve_41.STEP (300.6s)
  [133/237] Parsing: Gate_Valve_42/Gate_Valve_42.step
    [skip] Gate_Valve_42.step: timeout after 300s
  [TIMEOUT] Gate_Valve_42/Gate_Valve_42.step (300.6s)
  [134/237] Parsing: Gate_Valve_43/Gate_Valve_43.stp
  [OK]  Gate_Valve_43/Gate_Valve_43.stp — 62 nodes  83 edges  (41.2s)
  [135/237] Parsing: Gate_Valve_44/Gate_Valve_44.step
  [OK]  Gate_Valve_44/Gate_Valve_44.step — 43 nodes  71 edges  (147.5s)
  [136/237] Parsing: Gate_Valve_45/Gate_Valve_45.STEP
  [OK]  Gate_Valve_45/Gate_Valve_45.STEP — 97 nodes  141 edges  (16.5s)
  [137/237] Parsing: Gate_Valve_46/Gate_Valve_46.step
  [OK]  Gate_Valve_46/Gate_Valve_46.step — 43 nodes  71 edges  (146.1s)
  [138/237] Parsing: Gate_Valve_47/Gate_Valve_47.stp
  [OK]  Gate_Valve_47/Gate_Valve_47.stp — 176 nodes  244 edges  (42.5s)
  [139/237] Parsing: Gate_Valve_48/Gate_Valve_48.step
  [OK]  Gate_Valve_48/Gate_Valve_48.step — 148 nodes  227 edges  (52.8s)
  [140/237] [CACHED] Pipe_Vice_01/Pipe_Vice_01.stp — 10 nodes
  [141/237] [CACHED] Pipe_Vice_03/Pipe_Vice_03.STEP — 6 nodes
  [142/237] [CACHED] Pipe_Vice_04/Pipe_Vice_04.stp — 6 nodes
  [143/237] [CACHED] Pipe_Vice_07/Pipe_Vice_07.STEP — 20 nodes
  [144/237] [CACHED] Pipe_Vice_08/Pipe_Vice_08.STEP — 5 nodes
  [145/237] [CACHED] Pipe_Vice_09/Pipe_Vice_09.STEP — 7 nodes
  [146/237] [CACHED] Pipe_Vice_10/Pipe_Vice_10.stp — 11 nodes
  [147/237] [CACHED] Pipe_Vice_11/Pipe_Vice_11.STEP — 36 nodes
  [148/237] [CACHED] Pipe_Vice_14/Pipe_Vice_14.stp — 10 nodes
  [149/237] [CACHED] Pipe_Vice_15/Pipe_Vice_15.STEP — 6 nodes
  [150/237] [CACHED] Pipe_Vice_16/Pipe_Vice_16.stp — 21 nodes
  [151/237] [CACHED] Pipe_Vice_17/Pipe_Vice_17.step — 16 nodes
  [152/237] [CACHED] Pipe_Vice_19/Pipe_Vice_19.stp — 16 nodes
  [153/237] [CACHED] Pipe_Vice_20/Pipe_Vice_20.stp — 20 nodes
  [154/237] [CACHED] Pipe_Vice_21/Pipe_Vice_21.step — 3 nodes
  [155/237] [CACHED] Pipe_Vice_22/Pipe_Vice_22.stp — 8 nodes
  [156/237] [CACHED] Pipe_Vice_23/Pipe_Vice_23.STEP — 21 nodes
  [157/237] [CACHED] Pipe_Vice_24/Pipe_Vice_24.stp — 10 nodes
  [158/237] [CACHED] Pipe_Vice_25/Pipe_Vice_25.stp — 16 nodes
  [159/237] [CACHED] Pipe_Vice_27/Pipe_Vice_27.STEP — 17 nodes
  [160/237] [CACHED] Pipe_Vice_28/Pipe_Vice_28.stp — 7 nodes
  [161/237] [CACHED] Pipe_Vice_29/Pipe_Vice_29.stp — 6 nodes
  [162/237] [CACHED] Pipe_Vice_30/Pipe_Vice_30.STEP — 6 nodes
  [163/237] [CACHED] Pipe_Vice_31/Pipe_Vice_31.stp — 7 nodes
  [164/237] [CACHED] Pipe_Vice_32/Pipe_Vice_32.stp — 9 nodes
  [165/237] [CACHED] Pipe_Vice_33/Pipe_Vice_33.stp — 6 nodes
  [166/237] [CACHED] Pipe_Vice_35/Pipe_Vice_35.stp — 10 nodes
  [167/237] [CACHED] Pipe_Vice_36/Pipe_Vice_36.STEP — 7 nodes
  [168/237] [CACHED] Pipe_Vice_37/Pipe_Vice_37.stp — 8 nodes
  [169/237] [CACHED] Pipe_Vice_38/Pipe_Vice_38.stp — 10 nodes
  [170/237] [CACHED] Pipe_Vice_40/Pipe_Vice_40.stp — 39 nodes
  [171/237] [CACHED] Pipe_Vice_41/Pipe_Vice_41.stp — 5 nodes
  [172/237] [CACHED] Pipe_Vice_42/Pipe_Vice_42.stp — 6 nodes
  [173/237] [CACHED] Pipe_Vice_43/Pipe_Vice_43.stp — 15 nodes
  [174/237] [CACHED] Pipe_Vice_44/Pipe_Vice_44.STEP — 39 nodes
  [175/237] [CACHED] Pipe_Vice_45/Pipe_Vice_45.STEP — 30 nodes
  [176/237] [CACHED] Pipe_Vice_46/Pipe_Vice_46.stp — 6 nodes
  [177/237] [CACHED] Pipe_Vice_48/Pipe_Vice_48.step — 8 nodes
  [178/237] [CACHED] Pipe_Vice_49/Pipe_Vice_49.STEP — 19 nodes
  [179/237] [CACHED] Pipe_Vice_50/Pipe_Vice_50.stp — 8 nodes
  [180/237] [CACHED] Pipe_Vice_51/Pipe_Vice_51.step — 6 nodes
  [181/237] [CACHED] Pipe_Vice_53/Pipe_Vice_53.step — 5 nodes
  [182/237] [CACHED] Press_Tool_02/Press_Tool_02.stp — 10 nodes
  [183/237] [CACHED] Press_Tool_04/Press_Tool_04.stp — 98 nodes
  [184/237] [CACHED] Press_Tool_05/Press_Tool_05.stp — 14 nodes
  [185/237] [CACHED] Press_Tool_06/Press_Tool_06.STEP — 10 nodes
  [186/237] [CACHED] Press_Tool_07/Press_Tool_07.stp — 170 nodes
  [187/237] [CACHED] Press_Tool_08/Press_Tool_08.step — 178 nodes
  [188/237] [CACHED] Press_Tool_09/Press_Tool_09.STEP — 89 nodes
  [189/237] [CACHED] Press_Tool_10/Press_Tool_10.step — 145 nodes
  [190/237] [CACHED] Press_Tool_12/Press_Tool_12.STEP — 198 nodes
  [191/237] [CACHED] Press_Tool_13/Press_Tool_13.stp — 10 nodes
  [192/237] [CACHED] Press_Tool_14/Press_Tool_14.stp — 10 nodes
  [193/237] [CACHED] Press_Tool_15/Press_Tool_15.stp — 10 nodes
  [194/237] [CACHED] Press_Tool_16/Press_Tool_16.stp — 10 nodes
  [195/237] [CACHED] Press_Tool_17/Press_Tool_17.step — 10 nodes
  [196/237] [CACHED] Press_Tool_18/Press_Tool_18.step — 8 nodes
  [197/237] [CACHED] Press_Tool_19/Press_Tool_19.step — 37 nodes
  [198/237] [CACHED] Press_Tool_21/Press_Tool_21.stp — 43 nodes
  [199/237] [CACHED] Press_Tool_23/Press_Tool_23.stp — 10 nodes
  [200/237] [CACHED] Press_Tool_24/Press_Tool_24.STEP — 10 nodes
  [201/237] [CACHED] Press_Tool_25/Press_Tool_25.stp — 14 nodes
  [202/237] [CACHED] Press_Tool_26/Press_Tool_26.step — 16 nodes
  [203/237] Parsing: Press_Tool_27/Press_Tool_27.step
  [OK]  Press_Tool_27/Press_Tool_27.step — 10 nodes  12 edges  (3.6s)
  [204/237] Parsing: Press_Tool_28/Press_Tool_28.STEP
  [OK]  Press_Tool_28/Press_Tool_28.STEP — 85 nodes  135 edges  (8.6s)
  [205/237] Parsing: Press_Tool_29/Press_Tool_29.step
  [OK]  Press_Tool_29/Press_Tool_29.step — 84 nodes  133 edges  (8.5s)
  [206/237] Parsing: Press_Tool_30/Press_Tool_30.STEP
  [OK]  Press_Tool_30/Press_Tool_30.STEP — 84 nodes  133 edges  (8.4s)
  [207/237] Parsing: Press_Tool_31/Press_Tool_31.stp
  [OK]  Press_Tool_31/Press_Tool_31.stp — 10 nodes  12 edges  (3.5s)
  [208/237] Parsing: Press_Tool_32/Press_Tool_32.stp
  [OK]  Press_Tool_32/Press_Tool_32.stp — 10 nodes  12 edges  (3.3s)
  [209/237] Parsing: Press_Tool_33/Press_Tool_33.stp
  [OK]  Press_Tool_33/Press_Tool_33.stp — 10 nodes  12 edges  (3.2s)
  [210/237] Parsing: Press_Tool_34/Press_Tool_34.stp
  [OK]  Press_Tool_34/Press_Tool_34.stp — 10 nodes  12 edges  (3.1s)
  [211/237] Parsing: Press_Tool_35/Press_Tool_35.step
  [OK]  Press_Tool_35/Press_Tool_35.step — 10 nodes  12 edges  (3.2s)
  [212/237] Parsing: Press_Tool_36/Press_Tool_36.step
  [OK]  Press_Tool_36/Press_Tool_36.step — 10 nodes  12 edges  (3.6s)
  [213/237] [CACHED] Tool_Post_01/Tool_Post_01.step — 31 nodes
  [214/237] [CACHED] Tool_Post_02/Tool_Post_02.stp — 28 nodes
  [215/237] [CACHED] Tool_Post_05/Tool_Post_05.STEP — 54 nodes
  [216/237] [CACHED] Tool_Post_08/Tool_Post_08.stp — 15 nodes
  [217/237] [CACHED] Tool_Post_10/Tool_Post_10.stp — 50 nodes
  [218/237] [CACHED] Tool_Post_13/Tool_Post_13.stp — 27 nodes
  [219/237] [CACHED] Tool_Post_14/Tool_Post_14.stp — 24 nodes
  [220/237] [CACHED] Tool_Post_17/Tool_Post_17.STEP — 31 nodes
  [221/237] Parsing: Tool_Post_18/Tool_Post_18.step
  [OK]  Tool_Post_18/Tool_Post_18.step — 31 nodes  42 edges  (4.6s)
  [222/237] Parsing: Tool_Post_19/Tool_Post_19.step
  [OK]  Tool_Post_19/Tool_Post_19.step — 31 nodes  42 edges  (4.6s)
  [223/237] Parsing: Tool_Post_20/Tool_Post_20.stp
  [OK]  Tool_Post_20/Tool_Post_20.stp — 28 nodes  25 edges  (93.1s)
  [224/237] Parsing: Tool_Post_21/Tool_Post_21.STEP
  [OK]  Tool_Post_21/Tool_Post_21.STEP — 54 nodes  68 edges  (57.8s)
  [225/237] Parsing: Tool_Post_22/Tool_Post_22.STEP
  [OK]  Tool_Post_22/Tool_Post_22.STEP — 54 nodes  68 edges  (57.8s)
  [226/237] Parsing: Tool_Post_23/Tool_Post_23.stp
  [OK]  Tool_Post_23/Tool_Post_23.stp — 12 nodes  12 edges  (4.8s)
  [227/237] Parsing: Tool_Post_24/Tool_Post_24.stp
  [OK]  Tool_Post_24/Tool_Post_24.stp — 12 nodes  12 edges  (4.7s)
  [228/237] Parsing: Tool_Post_25/Tool_Post_25.stp
  [OK]  Tool_Post_25/Tool_Post_25.stp — 50 nodes  50 edges  (11.1s)
  [229/237] Parsing: Tool_Post_26/Tool_Post_26.stp
  [OK]  Tool_Post_26/Tool_Post_26.stp — 50 nodes  50 edges  (11.1s)
  [230/237] Parsing: Tool_Post_27/Tool_Post_27.stp
  [OK]  Tool_Post_27/Tool_Post_27.stp — 25 nodes  33 edges  (3.7s)
  [231/237] Parsing: Tool_Post_28/Tool_Post_28.stp
  [OK]  Tool_Post_28/Tool_Post_28.stp — 25 nodes  33 edges  (3.7s)
  [232/237] Parsing: Tool_Post_29/Tool_Post_29.stp
  [OK]  Tool_Post_29/Tool_Post_29.stp — 24 nodes  30 edges  (4.2s)
  [233/237] Parsing: Tool_Post_30/Tool_Post_30.stp
  [OK]  Tool_Post_30/Tool_Post_30.stp — 24 nodes  30 edges  (4.3s)
  [234/237] Parsing: Tool_Post_31/Tool_Post_31.STEP
  [OK]  Tool_Post_31/Tool_Post_31.STEP — 22 nodes  23 edges  (16.0s)
  [235/237] Parsing: Tool_Post_32/Tool_Post_32.STEP
  [OK]  Tool_Post_32/Tool_Post_32.STEP — 20 nodes  20 edges  (16.1s)
  [236/237] Parsing: Tool_Post_33/Tool_Post_33.STEP
  [OK]  Tool_Post_33/Tool_Post_33.STEP — 19 nodes  19 edges  (14.3s)
  [237/237] Parsing: Tool_Post_34/Tool_Post_34.stp
  [OK]  Tool_Post_34/Tool_Post_34.stp — 31 nodes  42 edges  (4.6s)
  Parsed 43 new  |  cached: 190  errors: 0  timeouts: 4

  Retrying 4 timed-out file(s) with 600s budget …
  [RETRY] Parsing: Gate_Valve_25/Gate_Valve_2543465.STEP
    [skip] Gate_Valve_2543465.STEP: timeout after 600s
  [RETRY-TIMEOUT] Gate_Valve_25/Gate_Valve_2543465.STEP (600.1s) — giving up
  [RETRY] Parsing: Gate_Valve_40/Gate_Valve_40.STEP
    [skip] Gate_Valve_40.STEP: timeout after 600s
  [RETRY-TIMEOUT] Gate_Valve_40/Gate_Valve_40.STEP (600.1s) — giving up
  [RETRY] Parsing: Gate_Valve_41/Gate_Valve_41.STEP
    [skip] Gate_Valve_41.STEP: timeout after 600s
  [RETRY-TIMEOUT] Gate_Valve_41/Gate_Valve_41.STEP (600.2s) — giving up
  [RETRY] Parsing: Gate_Valve_42/Gate_Valve_42.step
    [skip] Gate_Valve_42.step: timeout after 600s
  [RETRY-TIMEOUT] Gate_Valve_42/Gate_Valve_42.step (600.1s) — giving up
  Recovered 0/4 previously-timed-out file(s)  |  remaining timeouts: 4
  Using 233 real assembly graph(s) — no synthetic data.
  Saved 233 graphs → data/processed/processed/data.pt
  Saved source paths    → data/processed/processed/sources.json
  Saved categories      → data/processed/processed/categories.json
Done!
      233 graphs loaded.
      Dataset: 233 graphs | mean nodes=30.5 | mean edges=91.3 | categories: Bench_vice=54 C_Clamps=31 Crane_hook=25 Gate_Valve=25 Pipe_vice=42 Press_Tool=31 Tool_Post=25

[2/4] Building model …  (5-fold CV)

[3/4] Training (5 folds) …

=======================================================
  FOLD 1 / 5
=======================================================
    [DIAG] graph 44: 2 nodes, 2 dir-edges, 1 pos, requested 1 neg but only 0 possible
/Users/mbp/Documents/MTECH/Sem4/Individual_project/AI_Assisted_3D_Assembly_Design/AI-Assisted-3D-Assembly-Design/.venv/lib/python3.12/site-packages/torch_geometric/transforms/base_transform.py:32: UserWarning: There are not enough negative edges to satisfy the provided sampling ratio. The ratio will be adjusted to 0.00.
  return self.forward(copy.copy(data))
    [DIAG] graph 60: 2 nodes, 2 dir-edges, 1 pos, requested 1 neg but only 0 possible
    [DIAG] graph 63: 2 nodes, 2 dir-edges, 1 pos, requested 1 neg but only 0 possible
    [DIAG] graph 71: 2 nodes, 2 dir-edges, 1 pos, requested 1 neg but only 0 possible
    [DIAG] graph 126: 2 nodes, 2 dir-edges, 1 pos, requested 1 neg but only 0 possible
  Fold 1/5 — train: 162  val: 41  test: 30
Model built on mps  |  total params: 2,441,809
    batch 1/11
    batch 6/11
    batch 11/11
  Ep   1/200  loss=1.8183  AUC=0.5555  AP=0.6319  smoothAUC=0.5555  (49.0s)
  ✓ Fold 1 new best smoothed AUC=0.5555  saved.
    batch 1/11
    batch 6/11
    batch 11/11
  Ep   2/200  loss=1.6608  AUC=0.5896  AP=0.6678  smoothAUC=0.5725  (57.9s)
  ✓ Fold 1 new best smoothed AUC=0.5725  saved.
    batch 1/11
    batch 6/11
    batch 11/11
  Ep   3/200  loss=1.5674  AUC=0.6137  AP=0.7001  smoothAUC=0.5862  (50.7s)
  ✓ Fold 1 new best smoothed AUC=0.5862  saved.
    batch 1/11
    batch 6/11
    batch 11/11
  Ep   4/200  loss=1.6602  AUC=0.6202  AP=0.7054  smoothAUC=0.6078  (54.0s)
  ✓ Fold 1 new best smoothed AUC=0.6078  saved.
    batch 1/11
    batch 6/11
    batch 11/11
  Ep   5/200  loss=1.6040  AUC=0.6163  AP=0.6720  smoothAUC=0.6167  (60.0s)
  ✓ Fold 1 new best smoothed AUC=0.6167  saved.
    batch 1/11
    batch 6/11
    batch 11/11
  Ep   6/200  loss=1.4859  AUC=0.6460  AP=0.6775  smoothAUC=0.6275  (52.4s)
  ✓ Fold 1 new best smoothed AUC=0.6275  saved.
    batch 1/11
    batch 6/11
    batch 11/11
  Ep   7/200  loss=1.4998  AUC=0.6547  AP=0.6961  smoothAUC=0.6390  (73.3s)
  ✓ Fold 1 new best smoothed AUC=0.6390  saved.
    batch 1/11
    batch 6/11
    batch 11/11
  Ep   8/200  loss=1.5253  AUC=0.6576  AP=0.6775  smoothAUC=0.6528  (56.6s)
  ✓ Fold 1 new best smoothed AUC=0.6528  saved.
    batch 1/11
    batch 6/11
    batch 11/11
  Ep   9/200  loss=1.4756  AUC=0.6244  AP=0.6635  smoothAUC=0.6456  (50.6s)
    batch 1/11
    batch 6/11
    batch 11/11
  Ep  10/200  loss=1.4060  AUC=0.6118  AP=0.6760  smoothAUC=0.6313  (56.8s)
    batch 1/11
    batch 6/11
    [swap-guard] 92.2% swap used (batch 6/11) -- pausing 3s for extra cleanup
    batch 11/11
  Ep  11/200  loss=1.4871  AUC=0.6634  AP=0.7149  smoothAUC=0.6332  (60.5s)
    batch 1/11
    batch 6/11
    batch 11/11
  Ep  12/200  loss=1.4414  AUC=0.6626  AP=0.7154  smoothAUC=0.6460  (54.2s)
    batch 1/11
    batch 6/11
    batch 11/11
  Ep  13/200  loss=1.4340  AUC=0.6699  AP=0.7223  smoothAUC=0.6653  (52.6s)
  ✓ Fold 1 new best smoothed AUC=0.6653  saved.
    batch 1/11
    batch 6/11
    batch 11/11
  Ep  14/200  loss=1.3532  AUC=0.6754  AP=0.7421  smoothAUC=0.6693  (58.0s)
  ✓ Fold 1 new best smoothed AUC=0.6693  saved.
    batch 1/11
    batch 6/11
    batch 11/11
  Ep  15/200  loss=1.4249  AUC=0.6764  AP=0.7437  smoothAUC=0.6739  (61.6s)
  ✓ Fold 1 new best smoothed AUC=0.6739  saved.
    batch 1/11
    batch 6/11
    batch 11/11
  Ep  16/200  loss=1.3338  AUC=0.6942  AP=0.7603  smoothAUC=0.6820  (59.0s)
  ✓ Fold 1 new best smoothed AUC=0.6820  saved.
    batch 1/11
    batch 6/11
    batch 11/11
  Ep  17/200  loss=1.3696  AUC=0.7066  AP=0.7751  smoothAUC=0.6924  (50.7s)
  ✓ Fold 1 new best smoothed AUC=0.6924  saved.
    batch 1/11
    batch 6/11
    batch 11/11
  Ep  18/200  loss=1.3095  AUC=0.7007  AP=0.7740  smoothAUC=0.7005  (48.4s)
  ✓ Fold 1 new best smoothed AUC=0.7005  saved.
    batch 1/11
    batch 6/11
    batch 11/11
  Ep  19/200  loss=1.3363  AUC=0.6893  AP=0.7645  smoothAUC=0.6989  (66.0s)
    batch 1/11
    batch 6/11
    batch 11/11
  Ep  20/200  loss=1.2414  AUC=0.7160  AP=0.7749  smoothAUC=0.7020  (71.2s)
  ✓ Fold 1 new best smoothed AUC=0.7020  saved.
    batch 1/11
    batch 6/11
    batch 11/11
  Ep  21/200  loss=1.2343  AUC=0.7183  AP=0.7791  smoothAUC=0.7079  (58.3s)
  ✓ Fold 1 new best smoothed AUC=0.7079  saved.
    batch 1/11
    [swap-guard] 90.4% swap used (batch 3/11) -- pausing 3s for extra cleanup
    batch 6/11
    [swap-guard] 91.9% swap used (batch 9/11) -- pausing 3s for extra cleanup
    batch 11/11
    [swap-guard] 90.3% swap used (epoch end) -- pausing 3s for extra cleanup
  Ep  22/200  loss=1.2447  AUC=0.7209  AP=0.7727  smoothAUC=0.7184  (77.2s)
  ✓ Fold 1 new best smoothed AUC=0.7184  saved.
    batch 1/11
    batch 6/11
    [swap-guard] 94.8% swap used (batch 9/11) -- pausing 3s for extra cleanup
    batch 11/11
  Ep  23/200  loss=1.2154  AUC=0.7239  AP=0.7840  smoothAUC=0.7210  (80.2s)
  ✓ Fold 1 new best smoothed AUC=0.7210  saved.
    batch 1/11
    batch 6/11
    batch 11/11
  Ep  24/200  loss=1.1812  AUC=0.7388  AP=0.8006  smoothAUC=0.7279  (76.5s)
  ✓ Fold 1 new best smoothed AUC=0.7279  saved.
    batch 1/11
    batch 6/11
    [swap-guard] 93.0% swap used (batch 6/11) -- pausing 3s for extra cleanup
    [swap-guard] 90.6% swap used (batch 9/11) -- pausing 3s for extra cleanup
    batch 11/11
  Ep  25/200  loss=1.1669  AUC=0.7386  AP=0.8043  smoothAUC=0.7338  (77.3s)
  ✓ Fold 1 new best smoothed AUC=0.7338  saved.
    batch 1/11
    batch 6/11
    [swap-guard] 90.4% swap used (batch 9/11) -- pausing 3s for extra cleanup
    batch 11/11
  Ep  26/200  loss=1.1309  AUC=0.7499  AP=0.8005  smoothAUC=0.7424  (90.0s)
  ✓ Fold 1 new best smoothed AUC=0.7424  saved.
    batch 1/11
    [swap-guard] 92.1% swap used (batch 3/11) -- pausing 3s for extra cleanup
    batch 6/11
    [swap-guard] 93.3% swap used (batch 6/11) -- pausing 3s for extra cleanup
    batch 11/11
    [swap-guard] 90.9% swap used (epoch end) -- pausing 3s for extra cleanup
    [swap-guard] 90.7% swap used (fold 1 epoch 27 val) -- pausing 3s for extra cleanup
  Ep  27/200  loss=1.1044  AUC=0.7383  AP=0.7927  smoothAUC=0.7423  (89.8s)
    batch 1/11
    batch 6/11
    [swap-guard] 92.1% swap used (batch 9/11) -- pausing 3s for extra cleanup
    batch 11/11
  Ep  28/200  loss=1.0690  AUC=0.7299  AP=0.7801  smoothAUC=0.7393  (69.9s)
    batch 1/11
    batch 6/11
    batch 11/11
  Ep  29/200  loss=1.0669  AUC=0.7334  AP=0.7605  smoothAUC=0.7339  (65.6s)
    batch 1/11
    batch 6/11
    [swap-guard] 96.4% swap used (batch 9/11) -- pausing 3s for extra cleanup
    batch 11/11
    [swap-guard] 94.6% swap used (epoch end) -- pausing 3s for extra cleanup
    [swap-guard] 94.3% swap used (fold 1 epoch 30 val) -- pausing 3s for extra cleanup
  Ep  30/200  loss=1.1088  AUC=0.7397  AP=0.7850  smoothAUC=0.7343  (85.7s)
    batch 1/11
    [swap-guard] 93.5% swap used (batch 3/11) -- pausing 3s for extra cleanup
    batch 6/11
    [swap-guard] 92.1% swap used (batch 6/11) -- pausing 3s for extra cleanup
    [swap-guard] 91.4% swap used (batch 9/11) -- pausing 3s for extra cleanup
    batch 11/11
    [swap-guard] 90.2% swap used (epoch end) -- pausing 3s for extra cleanup
    [swap-guard] 90.1% swap used (fold 1 epoch 31 val) -- pausing 3s for extra cleanup
  Ep  31/200  loss=1.1216  AUC=0.7436  AP=0.8131  smoothAUC=0.7389  (82.5s)
    batch 1/11
    [swap-guard] 94.1% swap used (batch 3/11) -- pausing 3s for extra cleanup
    batch 6/11
    [swap-guard] 91.7% swap used (batch 6/11) -- pausing 3s for extra cleanup
    batch 11/11
  Ep  32/200  loss=1.1060  AUC=0.7383  AP=0.8001  smoothAUC=0.7405  (81.1s)
    batch 1/11
    batch 6/11
    [swap-guard] 92.2% swap used (batch 9/11) -- pausing 3s for extra cleanup
    batch 11/11
    [swap-guard] 91.7% swap used (epoch end) -- pausing 3s for extra cleanup
    [swap-guard] 91.5% swap used (fold 1 epoch 33 val) -- pausing 3s for extra cleanup
  Ep  33/200  loss=1.0302  AUC=0.7117  AP=0.7899  smoothAUC=0.7312  (79.9s)
    batch 1/11
    [swap-guard] 93.9% swap used (batch 3/11) -- pausing 3s for extra cleanup
    batch 6/11
    [swap-guard] 95.8% swap used (batch 9/11) -- pausing 3s for extra cleanup
    batch 11/11
    [swap-guard] 94.7% swap used (epoch end) -- pausing 3s for extra cleanup
    [swap-guard] 94.6% swap used (fold 1 epoch 34 val) -- pausing 3s for extra cleanup
  Ep  34/200  loss=1.0652  AUC=0.7251  AP=0.8062  smoothAUC=0.7250  (97.0s)
    batch 1/11
    batch 6/11
    [swap-guard] 91.3% swap used (batch 6/11) -- pausing 3s for extra cleanup
    batch 11/11
    [swap-guard] 90.5% swap used (epoch end) -- pausing 3s for extra cleanup
    [swap-guard] 90.0% swap used (fold 1 epoch 35 val) -- pausing 3s for extra cleanup
  Ep  35/200  loss=1.0526  AUC=0.7339  AP=0.8108  smoothAUC=0.7236  (81.3s)
    batch 1/11
    [swap-guard] 90.9% swap used (batch 3/11) -- pausing 3s for extra cleanup
    batch 6/11
    [swap-guard] 92.6% swap used (batch 6/11) -- pausing 3s for extra cleanup
    [swap-guard] 95.8% swap used (batch 9/11) -- pausing 3s for extra cleanup
    batch 11/11
    [swap-guard] 94.7% swap used (epoch end) -- pausing 3s for extra cleanup
    [swap-guard] 94.3% swap used (fold 1 epoch 36 val) -- pausing 3s for extra cleanup
  Ep  36/200  loss=1.0325  AUC=0.7360  AP=0.8050  smoothAUC=0.7317  (112.5s)
    batch 1/11
    batch 6/11
    [swap-guard] 95.3% swap used (batch 6/11) -- pausing 3s for extra cleanup
    batch 11/11
    [swap-guard] 91.5% swap used (epoch end) -- pausing 3s for extra cleanup
    [swap-guard] 91.2% swap used (fold 1 epoch 37 val) -- pausing 3s for extra cleanup
  Ep  37/200  loss=0.9961  AUC=0.7366  AP=0.8101  smoothAUC=0.7355  (83.3s)
    batch 1/11
    batch 6/11
    [swap-guard] 92.5% swap used (batch 6/11) -- pausing 3s for extra cleanup
    batch 11/11
    [swap-guard] 92.2% swap used (epoch end) -- pausing 3s for extra cleanup
    [swap-guard] 92.1% swap used (fold 1 epoch 38 val) -- pausing 3s for extra cleanup
  Ep  38/200  loss=0.9525  AUC=0.7391  AP=0.8117  smoothAUC=0.7372  (90.7s)
    batch 1/11
    [swap-guard] 93.7% swap used (batch 3/11) -- pausing 3s for extra cleanup
    batch 6/11
    [swap-guard] 96.4% swap used (batch 9/11) -- pausing 3s for extra cleanup
    batch 11/11
    [swap-guard] 95.9% swap used (epoch end) -- pausing 3s for extra cleanup
    [swap-guard] 95.6% swap used (fold 1 epoch 39 val) -- pausing 3s for extra cleanup
  Ep  39/200  loss=0.9336  AUC=0.7428  AP=0.8144  smoothAUC=0.7395  (83.3s)
    batch 1/11
    [swap-guard] 91.7% swap used (batch 3/11) -- pausing 3s for extra cleanup
    batch 6/11
    [swap-guard] 90.1% swap used (batch 6/11) -- pausing 3s for extra cleanup
    batch 11/11
  Ep  40/200  loss=0.9386  AUC=0.7530  AP=0.8205  smoothAUC=0.7450  (90.0s)
  ✓ Fold 1 new best smoothed AUC=0.7450  saved.
    batch 1/11
    [swap-guard] 93.2% swap used (batch 3/11) -- pausing 3s for extra cleanup
    batch 6/11
    [swap-guard] 91.1% swap used (batch 6/11) -- pausing 3s for extra cleanup
    [swap-guard] 93.1% swap used (batch 9/11) -- pausing 3s for extra cleanup
    batch 11/11
    [swap-guard] 92.3% swap used (epoch end) -- pausing 3s for extra cleanup
    [swap-guard] 92.0% swap used (fold 1 epoch 41 val) -- pausing 3s for extra cleanup
  Ep  41/200  loss=0.9260  AUC=0.7527  AP=0.8208  smoothAUC=0.7495  (91.6s)
  ✓ Fold 1 new best smoothed AUC=0.7495  saved.
    batch 1/11
    [swap-guard] 93.1% swap used (batch 3/11) -- pausing 3s for extra cleanup
    batch 6/11
    [swap-guard] 94.3% swap used (batch 6/11) -- pausing 3s for extra cleanup
    batch 11/11
    [swap-guard] 90.7% swap used (epoch end) -- pausing 3s for extra cleanup
    [swap-guard] 90.5% swap used (fold 1 epoch 42 val) -- pausing 3s for extra cleanup
  Ep  42/200  loss=0.9386  AUC=0.7433  AP=0.8161  smoothAUC=0.7497  (100.5s)
  ✓ Fold 1 new best smoothed AUC=0.7497  saved.
    batch 1/11
    [swap-guard] 93.4% swap used (batch 3/11) -- pausing 3s for extra cleanup
    batch 6/11
    batch 11/11
    [swap-guard] 91.8% swap used (epoch end) -- pausing 3s for extra cleanup
    [swap-guard] 91.7% swap used (fold 1 epoch 43 val) -- pausing 3s for extra cleanup
  Ep  43/200  loss=0.9025  AUC=0.7413  AP=0.8199  smoothAUC=0.7458  (90.6s)
    batch 1/11
    batch 6/11
    [swap-guard] 92.9% swap used (batch 6/11) -- pausing 3s for extra cleanup
    batch 11/11
    [swap-guard] 93.9% swap used (epoch end) -- pausing 3s for extra cleanup
    [swap-guard] 93.8% swap used (fold 1 epoch 44 val) -- pausing 3s for extra cleanup
  Ep  44/200  loss=0.9275  AUC=0.7455  AP=0.8206  smoothAUC=0.7434  (83.4s)
    batch 1/11
    batch 6/11
    [swap-guard] 94.5% swap used (batch 6/11) -- pausing 3s for extra cleanup
    batch 11/11
  Ep  45/200  loss=0.8355  AUC=0.7472  AP=0.8181  smoothAUC=0.7447  (103.2s)
    batch 1/11
    [swap-guard] 93.9% swap used (batch 3/11) -- pausing 3s for extra cleanup
    batch 6/11
    [swap-guard] 92.8% swap used (batch 9/11) -- pausing 3s for extra cleanup
    batch 11/11
    [swap-guard] 91.9% swap used (epoch end) -- pausing 3s for extra cleanup
    [swap-guard] 91.7% swap used (fold 1 epoch 46 val) -- pausing 3s for extra cleanup
  Ep  46/200  loss=0.8795  AUC=0.7430  AP=0.8096  smoothAUC=0.7452  (105.6s)
    batch 1/11
    batch 6/11
    [swap-guard] 92.8% swap used (batch 9/11) -- pausing 3s for extra cleanup
    batch 11/11
  Ep  47/200  loss=0.8743  AUC=0.7497  AP=0.8123  smoothAUC=0.7466  (89.9s)
    batch 1/11
    [swap-guard] 90.6% swap used (batch 3/11) -- pausing 3s for extra cleanup
    batch 6/11
    [swap-guard] 94.7% swap used (batch 6/11) -- pausing 3s for extra cleanup
    [swap-guard] 92.9% swap used (batch 9/11) -- pausing 3s for extra cleanup
    batch 11/11
    [swap-guard] 92.0% swap used (epoch end) -- pausing 3s for extra cleanup
    [swap-guard] 91.9% swap used (fold 1 epoch 48 val) -- pausing 3s for extra cleanup
  Ep  48/200  loss=0.8737  AUC=0.7570  AP=0.8203  smoothAUC=0.7499  (94.8s)
  ✓ Fold 1 new best smoothed AUC=0.7499  saved.
    batch 1/11
    batch 6/11
    [swap-guard] 91.1% swap used (batch 9/11) -- pausing 3s for extra cleanup
    batch 11/11
    [swap-guard] 90.2% swap used (epoch end) -- pausing 3s for extra cleanup
    [swap-guard] 90.0% swap used (fold 1 epoch 49 val) -- pausing 3s for extra cleanup
  Ep  49/200  loss=0.8314  AUC=0.7705  AP=0.8352  smoothAUC=0.7591  (108.7s)
  ✓ Fold 1 new best smoothed AUC=0.7591  saved.
    batch 1/11
    [swap-guard] 91.5% swap used (batch 3/11) -- pausing 3s for extra cleanup
    batch 6/11
    [swap-guard] 91.7% swap used (batch 6/11) -- pausing 3s for extra cleanup
    [swap-guard] 96.9% swap used (batch 9/11) -- pausing 3s for extra cleanup
    batch 11/11
    [swap-guard] 94.6% swap used (epoch end) -- pausing 3s for extra cleanup
    [swap-guard] 94.4% swap used (fold 1 epoch 50 val) -- pausing 3s for extra cleanup
  Ep  50/200  loss=0.8285  AUC=0.7777  AP=0.8431  smoothAUC=0.7684  (100.9s)
  ✓ Fold 1 new best smoothed AUC=0.7684  saved.
    batch 1/11
    batch 6/11
    [swap-guard] 92.2% swap used (batch 6/11) -- pausing 3s for extra cleanup
    batch 11/11
    [swap-guard] 93.8% swap used (epoch end) -- pausing 3s for extra cleanup
    [swap-guard] 93.5% swap used (fold 1 epoch 51 val) -- pausing 3s for extra cleanup
  Ep  51/200  loss=0.8256  AUC=0.7775  AP=0.8464  smoothAUC=0.7752  (99.8s)
  ✓ Fold 1 new best smoothed AUC=0.7752  saved.
    batch 1/11
    [swap-guard] 97.0% swap used (batch 3/11) -- pausing 3s for extra cleanup
    batch 6/11
    [swap-guard] 93.0% swap used (batch 6/11) -- pausing 3s for extra cleanup
    [swap-guard] 95.2% swap used (batch 9/11) -- pausing 3s for extra cleanup
    batch 11/11
    [swap-guard] 93.6% swap used (epoch end) -- pausing 3s for extra cleanup
    [swap-guard] 93.5% swap used (fold 1 epoch 52 val) -- pausing 3s for extra cleanup
  Ep  52/200  loss=0.8723  AUC=0.7747  AP=0.8476  smoothAUC=0.7766  (103.9s)
  ✓ Fold 1 new best smoothed AUC=0.7766  saved.
    batch 1/11
    [swap-guard] 91.9% swap used (batch 3/11) -- pausing 3s for extra cleanup
    batch 6/11
    [swap-guard] 92.7% swap used (batch 6/11) -- pausing 3s for extra cleanup
    batch 11/11
  Ep  53/200  loss=0.8196  AUC=0.7722  AP=0.8405  smoothAUC=0.7748  (80.8s)
    batch 1/11
    [swap-guard] 97.3% swap used (batch 3/11) -- pausing 3s for extra cleanup
    batch 6/11
    batch 11/11
    [swap-guard] 91.3% swap used (epoch end) -- pausing 3s for extra cleanup
    [swap-guard] 90.8% swap used (fold 1 epoch 54 val) -- pausing 3s for extra cleanup
  Ep  54/200  loss=0.8125  AUC=0.7741  AP=0.8343  smoothAUC=0.7737  (99.6s)
    batch 1/11
    [swap-guard] 93.4% swap used (batch 3/11) -- pausing 3s for extra cleanup
    batch 6/11
    [swap-guard] 91.5% swap used (batch 6/11) -- pausing 3s for extra cleanup
    [swap-guard] 91.0% swap used (batch 9/11) -- pausing 3s for extra cleanup
    batch 11/11
    [swap-guard] 92.1% swap used (epoch end) -- pausing 3s for extra cleanup
    [swap-guard] 91.9% swap used (fold 1 epoch 55 val) -- pausing 3s for extra cleanup
  Ep  55/200  loss=0.8231  AUC=0.7737  AP=0.8328  smoothAUC=0.7733  (95.1s)
    batch 1/11
    [swap-guard] 95.1% swap used (batch 3/11) -- pausing 3s for extra cleanup
    batch 6/11
    [swap-guard] 91.1% swap used (batch 6/11) -- pausing 3s for extra cleanup
    [swap-guard] 95.3% swap used (batch 9/11) -- pausing 3s for extra cleanup
    batch 11/11
    [swap-guard] 94.4% swap used (epoch end) -- pausing 3s for extra cleanup
    [swap-guard] 94.3% swap used (fold 1 epoch 56 val) -- pausing 3s for extra cleanup
  Ep  56/200  loss=0.7582  AUC=0.7709  AP=0.8291  smoothAUC=0.7729  (109.5s)
    batch 1/11
    [swap-guard] 91.9% swap used (batch 3/11) -- pausing 3s for extra cleanup
    batch 6/11
    [swap-guard] 95.1% swap used (batch 6/11) -- pausing 3s for extra cleanup
    [swap-guard] 93.8% swap used (batch 9/11) -- pausing 3s for extra cleanup
    batch 11/11
    [swap-guard] 93.2% swap used (epoch end) -- pausing 3s for extra cleanup
    [swap-guard] 93.1% swap used (fold 1 epoch 57 val) -- pausing 3s for extra cleanup
  Ep  57/200  loss=0.7944  AUC=0.7692  AP=0.8326  smoothAUC=0.7713  (107.6s)
    batch 1/11
    [swap-guard] 94.8% swap used (batch 3/11) -- pausing 3s for extra cleanup
    batch 6/11
    [swap-guard] 98.4% swap used (batch 6/11) -- pausing 3s for extra cleanup
    [swap-guard] 96.0% swap used (batch 9/11) -- pausing 3s for extra cleanup
    batch 11/11
    [swap-guard] 93.6% swap used (epoch end) -- pausing 3s for extra cleanup
    [swap-guard] 93.5% swap used (fold 1 epoch 58 val) -- pausing 3s for extra cleanup
  Ep  58/200  loss=0.7921  AUC=0.7596  AP=0.8263  smoothAUC=0.7666  (116.2s)
    batch 1/11
    [swap-guard] 95.6% swap used (batch 3/11) -- pausing 3s for extra cleanup
    batch 6/11
    [swap-guard] 92.5% swap used (batch 6/11) -- pausing 3s for extra cleanup
    batch 11/11
    [swap-guard] 90.3% swap used (epoch end) -- pausing 3s for extra cleanup
  Ep  59/200  loss=0.7364  AUC=0.7629  AP=0.8328  smoothAUC=0.7639  (101.6s)
    batch 1/11
    [swap-guard] 97.5% swap used (batch 3/11) -- pausing 3s for extra cleanup
    batch 6/11
    [swap-guard] 93.4% swap used (batch 6/11) -- pausing 3s for extra cleanup
    [swap-guard] 93.2% swap used (batch 9/11) -- pausing 3s for extra cleanup
    batch 11/11
    [swap-guard] 92.5% swap used (epoch end) -- pausing 3s for extra cleanup
    [swap-guard] 92.2% swap used (fold 1 epoch 60 val) -- pausing 3s for extra cleanup
  Ep  60/200  loss=0.7262  AUC=0.7702  AP=0.8353  smoothAUC=0.7642  (115.9s)
    batch 1/11
    batch 6/11
    [swap-guard] 91.7% swap used (batch 9/11) -- pausing 3s for extra cleanup
    batch 11/11
    [swap-guard] 90.4% swap used (epoch end) -- pausing 3s for extra cleanup
    [swap-guard] 90.0% swap used (fold 1 epoch 61 val) -- pausing 3s for extra cleanup
  Ep  61/200  loss=0.8217  AUC=0.7679  AP=0.8366  smoothAUC=0.7670  (102.6s)
    batch 1/11
    [swap-guard] 96.8% swap used (batch 3/11) -- pausing 3s for extra cleanup
    batch 6/11
    batch 11/11
    [swap-guard] 92.4% swap used (epoch end) -- pausing 3s for extra cleanup
    [swap-guard] 92.3% swap used (fold 1 epoch 62 val) -- pausing 3s for extra cleanup
  Ep  62/200  loss=0.7861  AUC=0.7663  AP=0.8350  smoothAUC=0.7681  (96.9s)
    batch 1/11
    [swap-guard] 94.5% swap used (batch 3/11) -- pausing 3s for extra cleanup
    batch 6/11
    [swap-guard] 94.6% swap used (batch 6/11) -- pausing 3s for extra cleanup
    [swap-guard] 92.6% swap used (batch 9/11) -- pausing 3s for extra cleanup
    batch 11/11
    [swap-guard] 91.8% swap used (epoch end) -- pausing 3s for extra cleanup
    [swap-guard] 91.7% swap used (fold 1 epoch 63 val) -- pausing 3s for extra cleanup
  Ep  63/200  loss=0.7245  AUC=0.7655  AP=0.8329  smoothAUC=0.7666  (116.7s)
    batch 1/11
    batch 6/11
    [swap-guard] 92.1% swap used (batch 6/11) -- pausing 3s for extra cleanup
    [swap-guard] 95.6% swap used (batch 9/11) -- pausing 3s for extra cleanup
    batch 11/11
    [swap-guard] 92.6% swap used (epoch end) -- pausing 3s for extra cleanup
    [swap-guard] 92.3% swap used (fold 1 epoch 64 val) -- pausing 3s for extra cleanup
  Ep  64/200  loss=0.6964  AUC=0.7669  AP=0.8283  smoothAUC=0.7662  (105.7s)
    batch 1/11
    [swap-guard] 92.8% swap used (batch 3/11) -- pausing 3s for extra cleanup
    batch 6/11
    [swap-guard] 93.7% swap used (batch 9/11) -- pausing 3s for extra cleanup
    batch 11/11
    [swap-guard] 94.7% swap used (epoch end) -- pausing 3s for extra cleanup
    [swap-guard] 94.3% swap used (fold 1 epoch 65 val) -- pausing 3s for extra cleanup
  Ep  65/200  loss=0.7246  AUC=0.7705  AP=0.8313  smoothAUC=0.7676  (123.9s)
    batch 1/11
    [swap-guard] 95.0% swap used (batch 3/11) -- pausing 3s for extra cleanup
    batch 6/11
    [swap-guard] 91.3% swap used (batch 6/11) -- pausing 3s for extra cleanup
    [swap-guard] 95.2% swap used (batch 9/11) -- pausing 3s for extra cleanup
    batch 11/11
    [swap-guard] 94.5% swap used (epoch end) -- pausing 3s for extra cleanup
    [swap-guard] 94.3% swap used (fold 1 epoch 66 val) -- pausing 3s for extra cleanup
  Ep  66/200  loss=0.7452  AUC=0.7712  AP=0.8358  smoothAUC=0.7695  (175.0s)
    batch 1/11
    [swap-guard] 97.0% swap used (batch 3/11) -- pausing 3s for extra cleanup
    batch 6/11
    [swap-guard] 93.9% swap used (batch 6/11) -- pausing 3s for extra cleanup
    [swap-guard] 93.4% swap used (batch 9/11) -- pausing 3s for extra cleanup
    batch 11/11
    [swap-guard] 93.9% swap used (fold 1 epoch 67 val) -- pausing 3s for extra cleanup
  Ep  67/200  loss=0.7423  AUC=0.7696  AP=0.8308  smoothAUC=0.7704  (130.8s)
    batch 1/11
    [swap-guard] 95.6% swap used (batch 3/11) -- pausing 3s for extra cleanup
    batch 6/11
    [swap-guard] 92.2% swap used (batch 6/11) -- pausing 3s for extra cleanup
    batch 11/11
    [swap-guard] 92.2% swap used (epoch end) -- pausing 3s for extra cleanup
    [swap-guard] 92.0% swap used (fold 1 epoch 68 val) -- pausing 3s for extra cleanup
  Ep  68/200  loss=0.7236  AUC=0.7713  AP=0.8305  smoothAUC=0.7707  (112.1s)
    batch 1/11
    batch 6/11
    [swap-guard] 96.0% swap used (batch 6/11) -- pausing 3s for extra cleanup
    [swap-guard] 95.0% swap used (batch 9/11) -- pausing 3s for extra cleanup
    batch 11/11
    [swap-guard] 92.4% swap used (epoch end) -- pausing 3s for extra cleanup
    [swap-guard] 92.2% swap used (fold 1 epoch 69 val) -- pausing 3s for extra cleanup
  Ep  69/200  loss=0.7115  AUC=0.7698  AP=0.8338  smoothAUC=0.7702  (129.7s)
    batch 1/11
    [swap-guard] 93.8% swap used (batch 3/11) -- pausing 3s for extra cleanup
    batch 6/11
    [swap-guard] 94.5% swap used (batch 6/11) -- pausing 3s for extra cleanup
    [swap-guard] 94.2% swap used (batch 9/11) -- pausing 3s for extra cleanup
    batch 11/11
    [swap-guard] 93.5% swap used (epoch end) -- pausing 3s for extra cleanup
    [swap-guard] 93.4% swap used (fold 1 epoch 70 val) -- pausing 3s for extra cleanup
  Ep  70/200  loss=0.7057  AUC=0.7702  AP=0.8382  smoothAUC=0.7704  (94.7s)
    batch 1/11
    [swap-guard] 97.6% swap used (batch 3/11) -- pausing 3s for extra cleanup
    batch 6/11
    [swap-guard] 95.3% swap used (batch 6/11) -- pausing 3s for extra cleanup
    [swap-guard] 96.5% swap used (batch 9/11) -- pausing 3s for extra cleanup
    batch 11/11
    [swap-guard] 92.6% swap used (epoch end) -- pausing 3s for extra cleanup
    [swap-guard] 92.3% swap used (fold 1 epoch 71 val) -- pausing 3s for extra cleanup
  Ep  71/200  loss=0.6692  AUC=0.7718  AP=0.8389  smoothAUC=0.7706  (139.7s)
    batch 1/11
    [swap-guard] 92.6% swap used (batch 3/11) -- pausing 3s for extra cleanup
    batch 6/11
    [swap-guard] 95.8% swap used (batch 6/11) -- pausing 3s for extra cleanup
    [swap-guard] 96.1% swap used (batch 9/11) -- pausing 3s for extra cleanup
    batch 11/11
    [swap-guard] 94.3% swap used (epoch end) -- pausing 3s for extra cleanup
    [swap-guard] 93.8% swap used (fold 1 epoch 72 val) -- pausing 3s for extra cleanup
  Ep  72/200  loss=0.6975  AUC=0.7724  AP=0.8387  smoothAUC=0.7715  (125.1s)

  Early stopping at epoch 72.

  Fold 1 test — AUC=0.8209  AP=0.7936  (random=0.5000)
    [swap-guard] 93.4% swap used (fold 1 boundary) -- pausing 3s for extra cleanup

=======================================================
  FOLD 2 / 5
=======================================================
/Users/mbp/Documents/MTECH/Sem4/Individual_project/AI_Assisted_3D_Assembly_Design/AI-Assisted-3D-Assembly-Design/.venv/lib/python3.12/site-packages/torch_geometric/transforms/base_transform.py:32: UserWarning: There are not enough negative edges to satisfy the provided sampling ratio. The ratio will be adjusted to 0.00.
  return self.forward(copy.copy(data))
    [DIAG] graph 63: 2 nodes, 2 dir-edges, 1 pos, requested 1 neg but only 0 possible
    [DIAG] graph 44: 2 nodes, 2 dir-edges, 1 pos, requested 1 neg but only 0 possible
    [DIAG] graph 60: 2 nodes, 2 dir-edges, 1 pos, requested 1 neg but only 0 possible
    [DIAG] graph 71: 2 nodes, 2 dir-edges, 1 pos, requested 1 neg but only 0 possible
    [DIAG] graph 126: 2 nodes, 2 dir-edges, 1 pos, requested 1 neg but only 0 possible
  Fold 2/5 — train: 162  val: 41  test: 30
Model built on mps  |  total params: 2,441,809
    batch 1/11
    batch 6/11
    [swap-guard] 94.6% swap used (batch 6/11) -- pausing 3s for extra cleanup
    [swap-guard] 96.0% swap used (batch 9/11) -- pausing 3s for extra cleanup
    batch 11/11
    [swap-guard] 94.6% swap used (epoch end) -- pausing 3s for extra cleanup
    [swap-guard] 93.5% swap used (fold 2 epoch 1 val) -- pausing 3s for extra cleanup
  Ep   1/200  loss=1.6642  AUC=0.5567  AP=0.5407  smoothAUC=0.5567  (150.2s)
  ✓ Fold 2 new best smoothed AUC=0.5567  saved.
    batch 1/11
    [swap-guard] 96.8% swap used (batch 3/11) -- pausing 3s for extra cleanup
    batch 6/11
    [swap-guard] 94.0% swap used (batch 6/11) -- pausing 3s for extra cleanup
    [swap-guard] 91.7% swap used (batch 9/11) -- pausing 3s for extra cleanup
    batch 11/11
    [swap-guard] 90.2% swap used (epoch end) -- pausing 3s for extra cleanup
    [swap-guard] 95.6% swap used (fold 2 epoch 2 val) -- pausing 3s for extra cleanup
  Ep   2/200  loss=1.6485  AUC=0.5334  AP=0.5287  smoothAUC=0.5450  (168.2s)
    batch 1/11
    [swap-guard] 95.5% swap used (batch 3/11) -- pausing 3s for extra cleanup
    batch 6/11
    [swap-guard] 96.3% swap used (batch 6/11) -- pausing 3s for extra cleanup
    [swap-guard] 96.9% swap used (batch 9/11) -- pausing 3s for extra cleanup
    batch 11/11
    [swap-guard] 91.9% swap used (epoch end) -- pausing 3s for extra cleanup
    [swap-guard] 91.7% swap used (fold 2 epoch 3 val) -- pausing 3s for extra cleanup
  Ep   3/200  loss=1.5779  AUC=0.5243  AP=0.5238  smoothAUC=0.5381  (144.0s)
    batch 1/11
    [swap-guard] 95.0% swap used (batch 3/11) -- pausing 3s for extra cleanup
    batch 6/11
    [swap-guard] 97.8% swap used (batch 6/11) -- pausing 3s for extra cleanup
    [swap-guard] 93.6% swap used (batch 9/11) -- pausing 3s for extra cleanup
    batch 11/11
    [swap-guard] 93.9% swap used (epoch end) -- pausing 3s for extra cleanup
    [swap-guard] 93.6% swap used (fold 2 epoch 4 val) -- pausing 3s for extra cleanup
  Ep   4/200  loss=1.6250  AUC=0.5745  AP=0.5548  smoothAUC=0.5441  (155.9s)
    batch 1/11
    [swap-guard] 94.0% swap used (batch 3/11) -- pausing 3s for extra cleanup
    batch 6/11
    [swap-guard] 94.5% swap used (batch 6/11) -- pausing 3s for extra cleanup
    [swap-guard] 94.7% swap used (batch 9/11) -- pausing 3s for extra cleanup
    batch 11/11
    [swap-guard] 94.1% swap used (epoch end) -- pausing 3s for extra cleanup
    [swap-guard] 93.8% swap used (fold 2 epoch 5 val) -- pausing 3s for extra cleanup
  Ep   5/200  loss=1.5751  AUC=0.5864  AP=0.5544  smoothAUC=0.5618  (158.4s)
  ✓ Fold 2 new best smoothed AUC=0.5618  saved.
    batch 1/11
    [swap-guard] 92.4% swap used (batch 3/11) -- pausing 3s for extra cleanup
    batch 6/11
    [swap-guard] 95.6% swap used (batch 6/11) -- pausing 3s for extra cleanup
    [swap-guard] 96.5% swap used (batch 9/11) -- pausing 3s for extra cleanup
    batch 11/11
    [swap-guard] 93.6% swap used (epoch end) -- pausing 3s for extra cleanup
    [swap-guard] 93.4% swap used (fold 2 epoch 6 val) -- pausing 3s for extra cleanup
  Ep   6/200  loss=1.5102  AUC=0.6289  AP=0.5886  smoothAUC=0.5966  (173.8s)
  ✓ Fold 2 new best smoothed AUC=0.5966  saved.
    batch 1/11
    [swap-guard] 95.8% swap used (batch 3/11) -- pausing 3s for extra cleanup
    batch 6/11
    [swap-guard] 94.7% swap used (batch 6/11) -- pausing 3s for extra cleanup
    [swap-guard] 95.4% swap used (batch 9/11) -- pausing 3s for extra cleanup
    batch 11/11
    [swap-guard] 95.1% swap used (epoch end) -- pausing 3s for extra cleanup
    [swap-guard] 94.9% swap used (fold 2 epoch 7 val) -- pausing 3s for extra cleanup
  Ep   7/200  loss=1.5279  AUC=0.6236  AP=0.5960  smoothAUC=0.6130  (177.3s)
  ✓ Fold 2 new best smoothed AUC=0.6130  saved.
    batch 1/11
    [swap-guard] 94.2% swap used (batch 3/11) -- pausing 3s for extra cleanup
    batch 6/11
    [swap-guard] 96.8% swap used (batch 6/11) -- pausing 3s for extra cleanup
    [swap-guard] 95.9% swap used (batch 9/11) -- pausing 3s for extra cleanup
    batch 11/11
    [swap-guard] 90.8% swap used (epoch end) -- pausing 3s for extra cleanup
    [swap-guard] 90.7% swap used (fold 2 epoch 8 val) -- pausing 3s for extra cleanup
  Ep   8/200  loss=1.5692  AUC=0.6342  AP=0.6042  smoothAUC=0.6289  (172.5s)
  ✓ Fold 2 new best smoothed AUC=0.6289  saved.
    batch 1/11
    batch 6/11
    [swap-guard] 97.6% swap used (batch 6/11) -- pausing 3s for extra cleanup
    [swap-guard] 96.3% swap used (batch 9/11) -- pausing 3s for extra cleanup
    batch 11/11
    [swap-guard] 92.6% swap used (epoch end) -- pausing 3s for extra cleanup
    [swap-guard] 92.3% swap used (fold 2 epoch 9 val) -- pausing 3s for extra cleanup
  Ep   9/200  loss=1.4768  AUC=0.6067  AP=0.5725  smoothAUC=0.6215  (127.1s)
    batch 1/11
    batch 6/11
    [swap-guard] 93.1% swap used (batch 6/11) -- pausing 3s for extra cleanup
    [swap-guard] 94.8% swap used (batch 9/11) -- pausing 3s for extra cleanup
    batch 11/11
    [swap-guard] 91.6% swap used (epoch end) -- pausing 3s for extra cleanup
    [swap-guard] 91.3% swap used (fold 2 epoch 10 val) -- pausing 3s for extra cleanup
  Ep  10/200  loss=1.4644  AUC=0.5975  AP=0.5647  smoothAUC=0.6128  (169.4s)
    batch 1/11
    [swap-guard] 94.7% swap used (batch 3/11) -- pausing 3s for extra cleanup
    batch 6/11
    [swap-guard] 95.6% swap used (batch 9/11) -- pausing 3s for extra cleanup
    batch 11/11
    [swap-guard] 94.2% swap used (epoch end) -- pausing 3s for extra cleanup
    [swap-guard] 93.7% swap used (fold 2 epoch 11 val) -- pausing 3s for extra cleanup
  Ep  11/200  loss=1.4470  AUC=0.6106  AP=0.5806  smoothAUC=0.6050  (141.0s)
    batch 1/11
    [swap-guard] 94.3% swap used (batch 3/11) -- pausing 3s for extra cleanup
    batch 6/11
    [swap-guard] 96.9% swap used (batch 6/11) -- pausing 3s for extra cleanup
    [swap-guard] 96.7% swap used (batch 9/11) -- pausing 3s for extra cleanup
    batch 11/11
    [swap-guard] 95.7% swap used (epoch end) -- pausing 3s for extra cleanup
    [swap-guard] 95.3% swap used (fold 2 epoch 12 val) -- pausing 3s for extra cleanup
  Ep  12/200  loss=1.4502  AUC=0.6261  AP=0.5926  smoothAUC=0.6114  (160.5s)
    batch 1/11
    [swap-guard] 96.8% swap used (batch 3/11) -- pausing 3s for extra cleanup
    batch 6/11
    [swap-guard] 95.0% swap used (batch 6/11) -- pausing 3s for extra cleanup
    [swap-guard] 95.1% swap used (batch 9/11) -- pausing 3s for extra cleanup
    batch 11/11
    [swap-guard] 94.2% swap used (epoch end) -- pausing 3s for extra cleanup
    [swap-guard] 93.8% swap used (fold 2 epoch 13 val) -- pausing 3s for extra cleanup
  Ep  13/200  loss=1.3877  AUC=0.6403  AP=0.6084  smoothAUC=0.6257  (197.0s)
    batch 1/11
    [swap-guard] 94.4% swap used (batch 3/11) -- pausing 3s for extra cleanup
    batch 6/11
    [swap-guard] 94.7% swap used (batch 6/11) -- pausing 3s for extra cleanup
    [swap-guard] 97.4% swap used (batch 9/11) -- pausing 3s for extra cleanup
    batch 11/11
    [swap-guard] 95.5% swap used (epoch end) -- pausing 3s for extra cleanup
    [swap-guard] 95.2% swap used (fold 2 epoch 14 val) -- pausing 3s for extra cleanup
  Ep  14/200  loss=1.3573  AUC=0.6627  AP=0.6333  smoothAUC=0.6430  (207.5s)
  ✓ Fold 2 new best smoothed AUC=0.6430  saved.
    batch 1/11
    batch 6/11
    [swap-guard] 97.5% swap used (batch 6/11) -- pausing 3s for extra cleanup
    [swap-guard] 94.5% swap used (batch 9/11) -- pausing 3s for extra cleanup
    batch 11/11
    [swap-guard] 93.2% swap used (epoch end) -- pausing 3s for extra cleanup
    [swap-guard] 93.1% swap used (fold 2 epoch 15 val) -- pausing 3s for extra cleanup
  Ep  15/200  loss=1.3283  AUC=0.6734  AP=0.6256  smoothAUC=0.6588  (195.7s)
  ✓ Fold 2 new best smoothed AUC=0.6588  saved.
    batch 1/11
    [swap-guard] 94.4% swap used (batch 3/11) -- pausing 3s for extra cleanup
    batch 6/11
    [swap-guard] 94.0% swap used (batch 6/11) -- pausing 3s for extra cleanup
    batch 11/11
    [swap-guard] 94.2% swap used (epoch end) -- pausing 3s for extra cleanup
    [swap-guard] 94.0% swap used (fold 2 epoch 16 val) -- pausing 3s for extra cleanup
  Ep  16/200  loss=1.2903  AUC=0.6612  AP=0.6442  smoothAUC=0.6658  (150.8s)
  ✓ Fold 2 new best smoothed AUC=0.6658  saved.
    batch 1/11
    [swap-guard] 95.5% swap used (batch 3/11) -- pausing 3s for extra cleanup
    batch 6/11
    [swap-guard] 94.7% swap used (batch 6/11) -- pausing 3s for extra cleanup
    [swap-guard] 96.1% swap used (batch 9/11) -- pausing 3s for extra cleanup
    batch 11/11
    [swap-guard] 95.4% swap used (epoch end) -- pausing 3s for extra cleanup
    [swap-guard] 95.3% swap used (fold 2 epoch 17 val) -- pausing 3s for extra cleanup
  Ep  17/200  loss=1.2980  AUC=0.6922  AP=0.6871  smoothAUC=0.6756  (188.9s)
  ✓ Fold 2 new best smoothed AUC=0.6756  saved.
    batch 1/11
    [swap-guard] 94.6% swap used (batch 3/11) -- pausing 3s for extra cleanup
    batch 6/11
    [swap-guard] 96.4% swap used (batch 6/11) -- pausing 3s for extra cleanup
    [swap-guard] 96.1% swap used (batch 9/11) -- pausing 3s for extra cleanup
    batch 11/11
    [swap-guard] 93.9% swap used (epoch end) -- pausing 3s for extra cleanup
    [swap-guard] 93.5% swap used (fold 2 epoch 18 val) -- pausing 3s for extra cleanup
  Ep  18/200  loss=1.2852  AUC=0.6653  AP=0.6587  smoothAUC=0.6729  (198.0s)
    batch 1/11
    [swap-guard] 95.6% swap used (batch 3/11) -- pausing 3s for extra cleanup
    batch 6/11
    [swap-guard] 95.4% swap used (batch 6/11) -- pausing 3s for extra cleanup
    [swap-guard] 96.8% swap used (batch 9/11) -- pausing 3s for extra cleanup
    batch 11/11
    [swap-guard] 96.3% swap used (epoch end) -- pausing 3s for extra cleanup
    [swap-guard] 96.1% swap used (fold 2 epoch 19 val) -- pausing 3s for extra cleanup
  Ep  19/200  loss=1.3255  AUC=0.6690  AP=0.6491  smoothAUC=0.6755  (154.6s)
    batch 1/11
    batch 6/11
    [swap-guard] 95.7% swap used (batch 6/11) -- pausing 3s for extra cleanup
    [swap-guard] 94.7% swap used (batch 9/11) -- pausing 3s for extra cleanup
    batch 11/11
    [swap-guard] 93.3% swap used (epoch end) -- pausing 3s for extra cleanup
    [swap-guard] 92.7% swap used (fold 2 epoch 20 val) -- pausing 3s for extra cleanup
  Ep  20/200  loss=1.2988  AUC=0.6655  AP=0.6496  smoothAUC=0.6666  (179.9s)
    batch 1/11
    [swap-guard] 94.8% swap used (batch 3/11) -- pausing 3s for extra cleanup
    batch 6/11
    [swap-guard] 96.3% swap used (batch 6/11) -- pausing 3s for extra cleanup
    [swap-guard] 96.2% swap used (batch 9/11) -- pausing 3s for extra cleanup
    batch 11/11
    [swap-guard] 95.7% swap used (epoch end) -- pausing 3s for extra cleanup
    [swap-guard] 95.5% swap used (fold 2 epoch 21 val) -- pausing 3s for extra cleanup
  Ep  21/200  loss=1.3257  AUC=0.6685  AP=0.6498  smoothAUC=0.6677  (153.9s)
    batch 1/11
    [swap-guard] 97.5% swap used (batch 3/11) -- pausing 3s for extra cleanup
    batch 6/11
    [swap-guard] 97.9% swap used (batch 6/11) -- pausing 3s for extra cleanup
    batch 11/11
    [swap-guard] 95.3% swap used (epoch end) -- pausing 3s for extra cleanup
    [swap-guard] 95.2% swap used (fold 2 epoch 22 val) -- pausing 3s for extra cleanup
  Ep  22/200  loss=1.3007  AUC=0.6666  AP=0.6331  smoothAUC=0.6669  (174.0s)
    batch 1/11
    [swap-guard] 95.4% swap used (batch 3/11) -- pausing 3s for extra cleanup
    batch 6/11
    [swap-guard] 95.7% swap used (batch 9/11) -- pausing 3s for extra cleanup
    batch 11/11
    [swap-guard] 91.7% swap used (epoch end) -- pausing 3s for extra cleanup
    [swap-guard] 95.8% swap used (fold 2 epoch 23 val) -- pausing 3s for extra cleanup
  Ep  23/200  loss=1.3289  AUC=0.6737  AP=0.6461  smoothAUC=0.6696  (190.5s)
    batch 1/11
    [swap-guard] 97.6% swap used (batch 3/11) -- pausing 3s for extra cleanup
    batch 6/11
    [swap-guard] 93.9% swap used (batch 6/11) -- pausing 3s for extra cleanup
    [swap-guard] 96.5% swap used (batch 9/11) -- pausing 3s for extra cleanup
    batch 11/11
    [swap-guard] 95.4% swap used (epoch end) -- pausing 3s for extra cleanup
    [swap-guard] 95.3% swap used (fold 2 epoch 24 val) -- pausing 3s for extra cleanup
  Ep  24/200  loss=1.2452  AUC=0.6648  AP=0.6427  smoothAUC=0.6684  (187.8s)
    batch 1/11
    [swap-guard] 94.1% swap used (batch 3/11) -- pausing 3s for extra cleanup
    batch 6/11
    [swap-guard] 92.1% swap used (batch 6/11) -- pausing 3s for extra cleanup
    [swap-guard] 96.8% swap used (batch 9/11) -- pausing 3s for extra cleanup
    batch 11/11
    [swap-guard] 93.7% swap used (epoch end) -- pausing 3s for extra cleanup
    [swap-guard] 93.5% swap used (fold 2 epoch 25 val) -- pausing 3s for extra cleanup
  Ep  25/200  loss=1.2641  AUC=0.6605  AP=0.6549  smoothAUC=0.6664  (169.6s)
    batch 1/11
    [swap-guard] 91.7% swap used (batch 3/11) -- pausing 3s for extra cleanup
    batch 6/11
    [swap-guard] 94.5% swap used (batch 9/11) -- pausing 3s for extra cleanup
    batch 11/11
    [swap-guard] 93.2% swap used (epoch end) -- pausing 3s for extra cleanup
    [swap-guard] 93.1% swap used (fold 2 epoch 26 val) -- pausing 3s for extra cleanup
  Ep  26/200  loss=1.2104  AUC=0.6632  AP=0.6703  smoothAUC=0.6628  (168.1s)
    batch 1/11
    [swap-guard] 97.7% swap used (batch 3/11) -- pausing 3s for extra cleanup
    batch 6/11
    [swap-guard] 97.3% swap used (batch 6/11) -- pausing 3s for extra cleanup
    [swap-guard] 95.8% swap used (batch 9/11) -- pausing 3s for extra cleanup
    batch 11/11
    [swap-guard] 95.3% swap used (epoch end) -- pausing 3s for extra cleanup
    [swap-guard] 94.2% swap used (fold 2 epoch 27 val) -- pausing 3s for extra cleanup
  Ep  27/200  loss=1.2884  AUC=0.6743  AP=0.6829  smoothAUC=0.6660  (165.1s)
    batch 1/11
    [swap-guard] 97.6% swap used (batch 3/11) -- pausing 3s for extra cleanup
    batch 6/11
    [swap-guard] 95.2% swap used (batch 6/11) -- pausing 3s for extra cleanup
    [swap-guard] 95.5% swap used (batch 9/11) -- pausing 3s for extra cleanup
    batch 11/11
    [swap-guard] 95.0% swap used (epoch end) -- pausing 3s for extra cleanup
    [swap-guard] 94.8% swap used (fold 2 epoch 28 val) -- pausing 3s for extra cleanup
  Ep  28/200  loss=1.1492  AUC=0.6869  AP=0.6969  smoothAUC=0.6748  (176.0s)
    batch 1/11
    batch 6/11
    [swap-guard] 95.2% swap used (batch 6/11) -- pausing 3s for extra cleanup
    [swap-guard] 97.0% swap used (batch 9/11) -- pausing 3s for extra cleanup
    batch 11/11
    [swap-guard] 95.9% swap used (epoch end) -- pausing 3s for extra cleanup
    [swap-guard] 95.7% swap used (fold 2 epoch 29 val) -- pausing 3s for extra cleanup
  Ep  29/200  loss=1.1599  AUC=0.6833  AP=0.6868  smoothAUC=0.6815  (169.1s)
  ✓ Fold 2 new best smoothed AUC=0.6815  saved.
    batch 1/11
    [swap-guard] 95.6% swap used (batch 3/11) -- pausing 3s for extra cleanup
    batch 6/11
    [swap-guard] 95.9% swap used (batch 6/11) -- pausing 3s for extra cleanup
    [swap-guard] 95.6% swap used (batch 9/11) -- pausing 3s for extra cleanup
    batch 11/11
    [swap-guard] 95.7% swap used (epoch end) -- pausing 3s for extra cleanup
    [swap-guard] 95.6% swap used (fold 2 epoch 30 val) -- pausing 3s for extra cleanup
  Ep  30/200  loss=1.0988  AUC=0.6850  AP=0.6915  smoothAUC=0.6851  (185.5s)
  ✓ Fold 2 new best smoothed AUC=0.6851  saved.
    batch 1/11
    [swap-guard] 96.4% swap used (batch 3/11) -- pausing 3s for extra cleanup
    batch 6/11
    [swap-guard] 97.1% swap used (batch 6/11) -- pausing 3s for extra cleanup
    [swap-guard] 94.4% swap used (batch 9/11) -- pausing 3s for extra cleanup
    batch 11/11
    [swap-guard] 92.5% swap used (epoch end) -- pausing 3s for extra cleanup
    [swap-guard] 92.3% swap used (fold 2 epoch 31 val) -- pausing 3s for extra cleanup
  Ep  31/200  loss=1.1515  AUC=0.6961  AP=0.7057  smoothAUC=0.6881  (185.3s)
  ✓ Fold 2 new best smoothed AUC=0.6881  saved.
    batch 1/11
    [swap-guard] 93.4% swap used (batch 3/11) -- pausing 3s for extra cleanup
    batch 6/11
    [swap-guard] 95.6% swap used (batch 6/11) -- pausing 3s for extra cleanup
    [swap-guard] 94.7% swap used (batch 9/11) -- pausing 3s for extra cleanup
    batch 11/11
    [swap-guard] 92.9% swap used (epoch end) -- pausing 3s for extra cleanup
    [swap-guard] 92.7% swap used (fold 2 epoch 32 val) -- pausing 3s for extra cleanup
  Ep  32/200  loss=1.1060  AUC=0.7121  AP=0.7265  smoothAUC=0.6977  (216.6s)
  ✓ Fold 2 new best smoothed AUC=0.6977  saved.
    batch 1/11
    [swap-guard] 93.8% swap used (batch 3/11) -- pausing 3s for extra cleanup
    batch 6/11
    [swap-guard] 96.8% swap used (batch 6/11) -- pausing 3s for extra cleanup
    [swap-guard] 94.0% swap used (batch 9/11) -- pausing 3s for extra cleanup
    batch 11/11
    [swap-guard] 93.3% swap used (epoch end) -- pausing 3s for extra cleanup
    [swap-guard] 92.6% swap used (fold 2 epoch 33 val) -- pausing 3s for extra cleanup
  Ep  33/200  loss=1.1088  AUC=0.7126  AP=0.7279  smoothAUC=0.7069  (170.5s)
  ✓ Fold 2 new best smoothed AUC=0.7069  saved.
    batch 1/11
    [swap-guard] 94.2% swap used (batch 3/11) -- pausing 3s for extra cleanup
    batch 6/11
    [swap-guard] 96.4% swap used (batch 6/11) -- pausing 3s for extra cleanup
    [swap-guard] 94.6% swap used (batch 9/11) -- pausing 3s for extra cleanup
    batch 11/11
    [swap-guard] 96.5% swap used (epoch end) -- pausing 3s for extra cleanup
    [swap-guard] 96.2% swap used (fold 2 epoch 34 val) -- pausing 3s for extra cleanup
  Ep  34/200  loss=1.1093  AUC=0.7233  AP=0.7275  smoothAUC=0.7160  (156.2s)
  ✓ Fold 2 new best smoothed AUC=0.7160  saved.
    batch 1/11
    [swap-guard] 94.9% swap used (batch 3/11) -- pausing 3s for extra cleanup
    batch 6/11
    [swap-guard] 96.6% swap used (batch 6/11) -- pausing 3s for extra cleanup
    batch 11/11
    [swap-guard] 95.6% swap used (epoch end) -- pausing 3s for extra cleanup
    [swap-guard] 95.5% swap used (fold 2 epoch 35 val) -- pausing 3s for extra cleanup
  Ep  35/200  loss=1.0971  AUC=0.7174  AP=0.7189  smoothAUC=0.7178  (200.6s)
  ✓ Fold 2 new best smoothed AUC=0.7178  saved.
    batch 1/11
    [swap-guard] 96.6% swap used (batch 3/11) -- pausing 3s for extra cleanup
    batch 6/11
    [swap-guard] 93.1% swap used (batch 6/11) -- pausing 3s for extra cleanup
    [swap-guard] 97.1% swap used (batch 9/11) -- pausing 3s for extra cleanup
    batch 11/11
    [swap-guard] 96.1% swap used (epoch end) -- pausing 3s for extra cleanup
    [swap-guard] 96.0% swap used (fold 2 epoch 36 val) -- pausing 3s for extra cleanup
  Ep  36/200  loss=1.0974  AUC=0.7157  AP=0.7162  smoothAUC=0.7188  (199.1s)
  ✓ Fold 2 new best smoothed AUC=0.7188  saved.
    batch 1/11
    [swap-guard] 94.6% swap used (batch 3/11) -- pausing 3s for extra cleanup
    batch 6/11
    [swap-guard] 95.9% swap used (batch 6/11) -- pausing 3s for extra cleanup
    [swap-guard] 97.2% swap used (batch 9/11) -- pausing 3s for extra cleanup
    batch 11/11
    [swap-guard] 95.6% swap used (epoch end) -- pausing 3s for extra cleanup
    [swap-guard] 95.3% swap used (fold 2 epoch 37 val) -- pausing 3s for extra cleanup
  Ep  37/200  loss=1.0658  AUC=0.7118  AP=0.7238  smoothAUC=0.7150  (233.1s)
    batch 1/11
    [swap-guard] 95.1% swap used (batch 3/11) -- pausing 3s for extra cleanup
    batch 6/11
    [swap-guard] 96.4% swap used (batch 6/11) -- pausing 3s for extra cleanup
    [swap-guard] 97.8% swap used (batch 9/11) -- pausing 3s for extra cleanup
    batch 11/11
    [swap-guard] 93.1% swap used (epoch end) -- pausing 3s for extra cleanup
    [swap-guard] 92.8% swap used (fold 2 epoch 38 val) -- pausing 3s for extra cleanup
  Ep  38/200  loss=1.0706  AUC=0.7017  AP=0.7103  smoothAUC=0.7097  (206.2s)
    batch 1/11
    [swap-guard] 96.2% swap used (batch 3/11) -- pausing 3s for extra cleanup
    batch 6/11
    [swap-guard] 98.5% swap used (batch 6/11) -- pausing 3s for extra cleanup
    batch 11/11
    [swap-guard] 95.6% swap used (epoch end) -- pausing 3s for extra cleanup
    [swap-guard] 95.2% swap used (fold 2 epoch 39 val) -- pausing 3s for extra cleanup
  Ep  39/200  loss=1.1143  AUC=0.7027  AP=0.6949  smoothAUC=0.7054  (183.3s)
    batch 1/11
    [swap-guard] 95.5% swap used (batch 3/11) -- pausing 3s for extra cleanup
    batch 6/11
    [swap-guard] 98.0% swap used (batch 6/11) -- pausing 3s for extra cleanup
    [swap-guard] 96.6% swap used (batch 9/11) -- pausing 3s for extra cleanup
    batch 11/11
    [swap-guard] 97.0% swap used (epoch end) -- pausing 3s for extra cleanup
    [swap-guard] 96.7% swap used (fold 2 epoch 40 val) -- pausing 3s for extra cleanup
  Ep  40/200  loss=0.9916  AUC=0.7126  AP=0.7127  smoothAUC=0.7056  (228.6s)
    batch 1/11
    [swap-guard] 96.4% swap used (batch 3/11) -- pausing 3s for extra cleanup
    batch 6/11
    [swap-guard] 97.6% swap used (batch 6/11) -- pausing 3s for extra cleanup
    [swap-guard] 98.0% swap used (batch 9/11) -- pausing 3s for extra cleanup
    batch 11/11
    [swap-guard] 94.8% swap used (epoch end) -- pausing 3s for extra cleanup
    [swap-guard] 94.4% swap used (fold 2 epoch 41 val) -- pausing 3s for extra cleanup
  Ep  41/200  loss=0.9952  AUC=0.7132  AP=0.7158  smoothAUC=0.7095  (206.6s)
    batch 1/11
    [swap-guard] 98.6% swap used (batch 3/11) -- pausing 3s for extra cleanup
    batch 6/11
    [swap-guard] 95.8% swap used (batch 6/11) -- pausing 3s for extra cleanup
    [swap-guard] 96.2% swap used (batch 9/11) -- pausing 3s for extra cleanup
    batch 11/11
    [swap-guard] 96.3% swap used (epoch end) -- pausing 3s for extra cleanup
    [swap-guard] 96.0% swap used (fold 2 epoch 42 val) -- pausing 3s for extra cleanup
  Ep  42/200  loss=1.0852  AUC=0.7166  AP=0.7129  smoothAUC=0.7141  (179.3s)
    batch 1/11
    [swap-guard] 96.0% swap used (batch 3/11) -- pausing 3s for extra cleanup
    batch 6/11
    [swap-guard] 96.8% swap used (batch 6/11) -- pausing 3s for extra cleanup
    [swap-guard] 97.8% swap used (batch 9/11) -- pausing 3s for extra cleanup
    batch 11/11
    [swap-guard] 95.6% swap used (epoch end) -- pausing 3s for extra cleanup
    [swap-guard] 95.3% swap used (fold 2 epoch 43 val) -- pausing 3s for extra cleanup
  Ep  43/200  loss=0.9503  AUC=0.7183  AP=0.7105  smoothAUC=0.7161  (183.1s)
    batch 1/11
    [swap-guard] 97.3% swap used (batch 3/11) -- pausing 3s for extra cleanup
    batch 6/11
    [swap-guard] 96.7% swap used (batch 6/11) -- pausing 3s for extra cleanup
    [swap-guard] 96.9% swap used (batch 9/11) -- pausing 3s for extra cleanup
    batch 11/11
    [swap-guard] 96.0% swap used (epoch end) -- pausing 3s for extra cleanup
    [swap-guard] 95.1% swap used (fold 2 epoch 44 val) -- pausing 3s for extra cleanup
  Ep  44/200  loss=1.0444  AUC=0.7120  AP=0.6909  smoothAUC=0.7156  (201.0s)
    batch 1/11
    [swap-guard] 95.7% swap used (batch 3/11) -- pausing 3s for extra cleanup
    batch 6/11
    [swap-guard] 96.8% swap used (batch 6/11) -- pausing 3s for extra cleanup
    [swap-guard] 96.9% swap used (batch 9/11) -- pausing 3s for extra cleanup
    batch 11/11
    [swap-guard] 95.6% swap used (epoch end) -- pausing 3s for extra cleanup
    [swap-guard] 95.5% swap used (fold 2 epoch 45 val) -- pausing 3s for extra cleanup
  Ep  45/200  loss=1.0420  AUC=0.7144  AP=0.6971  smoothAUC=0.7149  (242.3s)
    batch 1/11
    [swap-guard] 97.3% swap used (batch 3/11) -- pausing 3s for extra cleanup
    batch 6/11
    [swap-guard] 97.9% swap used (batch 6/11) -- pausing 3s for extra cleanup
    [swap-guard] 95.6% swap used (batch 9/11) -- pausing 3s for extra cleanup
    batch 11/11
    [swap-guard] 93.0% swap used (epoch end) -- pausing 3s for extra cleanup
    [swap-guard] 92.7% swap used (fold 2 epoch 46 val) -- pausing 3s for extra cleanup
  Ep  46/200  loss=0.9704  AUC=0.7142  AP=0.6979  smoothAUC=0.7135  (234.3s)
    batch 1/11
    [swap-guard] 98.1% swap used (batch 3/11) -- pausing 3s for extra cleanup
    batch 6/11
    [swap-guard] 97.2% swap used (batch 6/11) -- pausing 3s for extra cleanup
    [swap-guard] 97.9% swap used (batch 9/11) -- pausing 3s for extra cleanup
    batch 11/11
    [swap-guard] 96.6% swap used (epoch end) -- pausing 3s for extra cleanup
    [swap-guard] 96.5% swap used (fold 2 epoch 47 val) -- pausing 3s for extra cleanup
  Ep  47/200  loss=1.0080  AUC=0.7162  AP=0.7038  smoothAUC=0.7149  (255.1s)
    batch 1/11
    [swap-guard] 96.7% swap used (batch 3/11) -- pausing 3s for extra cleanup
    batch 6/11
    [swap-guard] 95.8% swap used (batch 6/11) -- pausing 3s for extra cleanup
    [swap-guard] 95.2% swap used (batch 9/11) -- pausing 3s for extra cleanup
    batch 11/11
    [swap-guard] 95.4% swap used (epoch end) -- pausing 3s for extra cleanup
    [swap-guard] 95.3% swap used (fold 2 epoch 48 val) -- pausing 3s for extra cleanup
  Ep  48/200  loss=1.0326  AUC=0.7151  AP=0.7126  smoothAUC=0.7151  (202.1s)
    batch 1/11
    batch 6/11
    [swap-guard] 98.2% swap used (batch 6/11) -- pausing 3s for extra cleanup
    [swap-guard] 96.2% swap used (batch 9/11) -- pausing 3s for extra cleanup
    batch 11/11
    [swap-guard] 97.2% swap used (epoch end) -- pausing 3s for extra cleanup
    [swap-guard] 96.9% swap used (fold 2 epoch 49 val) -- pausing 3s for extra cleanup
  Ep  49/200  loss=0.9410  AUC=0.7147  AP=0.7139  smoothAUC=0.7153  (197.9s)
    batch 1/11
    batch 6/11
    [swap-guard] 97.4% swap used (batch 6/11) -- pausing 3s for extra cleanup
    [swap-guard] 98.1% swap used (batch 9/11) -- pausing 3s for extra cleanup
    batch 11/11
    [swap-guard] 94.4% swap used (epoch end) -- pausing 3s for extra cleanup
    [swap-guard] 94.3% swap used (fold 2 epoch 50 val) -- pausing 3s for extra cleanup
  Ep  50/200  loss=0.9659  AUC=0.7172  AP=0.7174  smoothAUC=0.7156  (242.9s)
    batch 1/11
    [swap-guard] 97.9% swap used (batch 3/11) -- pausing 3s for extra cleanup
    batch 6/11
    [swap-guard] 96.9% swap used (batch 9/11) -- pausing 3s for extra cleanup
    batch 11/11
    [swap-guard] 95.0% swap used (epoch end) -- pausing 3s for extra cleanup
    [swap-guard] 94.9% swap used (fold 2 epoch 51 val) -- pausing 3s for extra cleanup
  Ep  51/200  loss=0.9014  AUC=0.7212  AP=0.7275  smoothAUC=0.7177  (258.9s)
    batch 1/11
    [swap-guard] 95.2% swap used (batch 3/11) -- pausing 3s for extra cleanup
    batch 6/11
    [swap-guard] 95.8% swap used (batch 6/11) -- pausing 3s for extra cleanup
    [swap-guard] 96.2% swap used (batch 9/11) -- pausing 3s for extra cleanup
    batch 11/11
    [swap-guard] 95.2% swap used (epoch end) -- pausing 3s for extra cleanup
    [swap-guard] 95.0% swap used (fold 2 epoch 52 val) -- pausing 3s for extra cleanup
  Ep  52/200  loss=0.9464  AUC=0.7284  AP=0.7345  smoothAUC=0.7223  (273.3s)
  ✓ Fold 2 new best smoothed AUC=0.7223  saved.
    batch 1/11
    batch 6/11
    [swap-guard] 97.8% swap used (batch 6/11) -- pausing 3s for extra cleanup
    [swap-guard] 97.3% swap used (batch 9/11) -- pausing 3s for extra cleanup
    batch 11/11
    [swap-guard] 97.9% swap used (epoch end) -- pausing 3s for extra cleanup
    [swap-guard] 97.8% swap used (fold 2 epoch 53 val) -- pausing 3s for extra cleanup
  Ep  53/200  loss=0.9973  AUC=0.7320  AP=0.7411  smoothAUC=0.7272  (221.4s)
  ✓ Fold 2 new best smoothed AUC=0.7272  saved.
    batch 1/11
    batch 6/11
    [swap-guard] 97.7% swap used (batch 6/11) -- pausing 3s for extra cleanup
    [swap-guard] 96.0% swap used (batch 9/11) -- pausing 3s for extra cleanup
    batch 11/11
    [swap-guard] 93.5% swap used (epoch end) -- pausing 3s for extra cleanup
    [swap-guard] 93.4% swap used (fold 2 epoch 54 val) -- pausing 3s for extra cleanup
  Ep  54/200  loss=0.9637  AUC=0.7285  AP=0.7272  smoothAUC=0.7297  (211.3s)
  ✓ Fold 2 new best smoothed AUC=0.7297  saved.
    batch 1/11
    [swap-guard] 97.2% swap used (batch 3/11) -- pausing 3s for extra cleanup
    batch 6/11
    [swap-guard] 98.8% swap used (batch 6/11) -- pausing 3s for extra cleanup
    [swap-guard] 97.9% swap used (batch 9/11) -- pausing 3s for extra cleanup
    batch 11/11
    [swap-guard] 94.4% swap used (epoch end) -- pausing 3s for extra cleanup
    [swap-guard] 94.1% swap used (fold 2 epoch 55 val) -- pausing 3s for extra cleanup
  Ep  55/200  loss=0.9232  AUC=0.7195  AP=0.7117  smoothAUC=0.7267  (226.2s)
    batch 1/11
    [swap-guard] 96.6% swap used (batch 3/11) -- pausing 3s for extra cleanup
    batch 6/11
    [swap-guard] 96.0% swap used (batch 6/11) -- pausing 3s for extra cleanup
    batch 11/11
    [swap-guard] 94.3% swap used (epoch end) -- pausing 3s for extra cleanup
    [swap-guard] 94.0% swap used (fold 2 epoch 56 val) -- pausing 3s for extra cleanup
  Ep  56/200  loss=0.9654  AUC=0.7201  AP=0.7132  smoothAUC=0.7227  (197.7s)
    batch 1/11
    [swap-guard] 97.0% swap used (batch 3/11) -- pausing 3s for extra cleanup
    batch 6/11
    [swap-guard] 96.8% swap used (batch 9/11) -- pausing 3s for extra cleanup
    batch 11/11
    [swap-guard] 96.5% swap used (epoch end) -- pausing 3s for extra cleanup
    [swap-guard] 96.3% swap used (fold 2 epoch 57 val) -- pausing 3s for extra cleanup
  Ep  57/200  loss=0.8411  AUC=0.7163  AP=0.7066  smoothAUC=0.7186  (227.0s)
    batch 1/11
    [swap-guard] 97.0% swap used (batch 3/11) -- pausing 3s for extra cleanup
    batch 6/11
    [swap-guard] 96.0% swap used (batch 6/11) -- pausing 3s for extra cleanup
    [swap-guard] 96.5% swap used (batch 9/11) -- pausing 3s for extra cleanup
    batch 11/11
    [swap-guard] 95.3% swap used (epoch end) -- pausing 3s for extra cleanup
    [swap-guard] 95.0% swap used (fold 2 epoch 58 val) -- pausing 3s for extra cleanup
  Ep  58/200  loss=0.8637  AUC=0.7223  AP=0.7180  smoothAUC=0.7196  (264.8s)
    batch 1/11
    [swap-guard] 95.6% swap used (batch 3/11) -- pausing 3s for extra cleanup
    batch 6/11
    [swap-guard] 98.2% swap used (batch 6/11) -- pausing 3s for extra cleanup
    [swap-guard] 96.9% swap used (batch 9/11) -- pausing 3s for extra cleanup
    batch 11/11
    [swap-guard] 95.5% swap used (epoch end) -- pausing 3s for extra cleanup
    [swap-guard] 95.1% swap used (fold 2 epoch 59 val) -- pausing 3s for extra cleanup
  Ep  59/200  loss=0.8882  AUC=0.7282  AP=0.7278  smoothAUC=0.7223  (244.3s)
    batch 1/11
    [swap-guard] 96.2% swap used (batch 3/11) -- pausing 3s for extra cleanup
    batch 6/11
    [swap-guard] 97.8% swap used (batch 6/11) -- pausing 3s for extra cleanup
    [swap-guard] 97.5% swap used (batch 9/11) -- pausing 3s for extra cleanup
    batch 11/11
    [swap-guard] 96.7% swap used (epoch end) -- pausing 3s for extra cleanup
    [swap-guard] 96.3% swap used (fold 2 epoch 60 val) -- pausing 3s for extra cleanup
  Ep  60/200  loss=0.9002  AUC=0.7235  AP=0.7256  smoothAUC=0.7247  (266.2s)
    batch 1/11
    [swap-guard] 94.3% swap used (batch 3/11) -- pausing 3s for extra cleanup
    batch 6/11
    [swap-guard] 95.7% swap used (batch 6/11) -- pausing 3s for extra cleanup
    [swap-guard] 95.0% swap used (batch 9/11) -- pausing 3s for extra cleanup
    batch 11/11
    [swap-guard] 96.3% swap used (epoch end) -- pausing 3s for extra cleanup
    [swap-guard] 96.0% swap used (fold 2 epoch 61 val) -- pausing 3s for extra cleanup
  Ep  61/200  loss=0.8979  AUC=0.7228  AP=0.7249  smoothAUC=0.7248  (261.7s)
    batch 1/11
    [swap-guard] 97.3% swap used (batch 3/11) -- pausing 3s for extra cleanup
    batch 6/11
    [swap-guard] 97.5% swap used (batch 6/11) -- pausing 3s for extra cleanup
    [swap-guard] 96.5% swap used (batch 9/11) -- pausing 3s for extra cleanup
    batch 11/11
    [swap-guard] 96.6% swap used (epoch end) -- pausing 3s for extra cleanup
    [swap-guard] 96.4% swap used (fold 2 epoch 62 val) -- pausing 3s for extra cleanup
  Ep  62/200  loss=0.9080  AUC=0.7257  AP=0.7235  smoothAUC=0.7240  (244.9s)
    batch 1/11
    [swap-guard] 97.2% swap used (batch 3/11) -- pausing 3s for extra cleanup
    batch 6/11
    [swap-guard] 95.8% swap used (batch 6/11) -- pausing 3s for extra cleanup
    [swap-guard] 97.2% swap used (batch 9/11) -- pausing 3s for extra cleanup
    batch 11/11
    [swap-guard] 93.6% swap used (epoch end) -- pausing 3s for extra cleanup
    [swap-guard] 96.8% swap used (fold 2 epoch 63 val) -- pausing 3s for extra cleanup
  Ep  63/200  loss=0.8612  AUC=0.7297  AP=0.7289  smoothAUC=0.7260  (275.4s)
    batch 1/11
    batch 6/11
    [swap-guard] 97.7% swap used (batch 6/11) -- pausing 3s for extra cleanup
    [swap-guard] 97.3% swap used (batch 9/11) -- pausing 3s for extra cleanup
    batch 11/11
    [swap-guard] 93.5% swap used (epoch end) -- pausing 3s for extra cleanup
    [swap-guard] 93.3% swap used (fold 2 epoch 64 val) -- pausing 3s for extra cleanup
  Ep  64/200  loss=0.8857  AUC=0.7313  AP=0.7309  smoothAUC=0.7289  (223.5s)
    batch 1/11
    [swap-guard] 96.7% swap used (batch 3/11) -- pausing 3s for extra cleanup
    batch 6/11
    [swap-guard] 96.2% swap used (batch 6/11) -- pausing 3s for extra cleanup
    [swap-guard] 95.9% swap used (batch 9/11) -- pausing 3s for extra cleanup
    batch 11/11
    [swap-guard] 93.6% swap used (fold 2 epoch 65 val) -- pausing 3s for extra cleanup
  Ep  65/200  loss=0.9073  AUC=0.7336  AP=0.7294  smoothAUC=0.7315  (228.4s)
  ✓ Fold 2 new best smoothed AUC=0.7315  saved.
    batch 1/11
    [swap-guard] 98.2% swap used (batch 3/11) -- pausing 3s for extra cleanup
    batch 6/11
    [swap-guard] 95.0% swap used (batch 6/11) -- pausing 3s for extra cleanup
    [swap-guard] 97.0% swap used (batch 9/11) -- pausing 3s for extra cleanup
    batch 11/11
    [swap-guard] 95.2% swap used (epoch end) -- pausing 3s for extra cleanup
    [swap-guard] 95.0% swap used (fold 2 epoch 66 val) -- pausing 3s for extra cleanup
  Ep  66/200  loss=0.8265  AUC=0.7331  AP=0.7274  smoothAUC=0.7326  (313.2s)
  ✓ Fold 2 new best smoothed AUC=0.7326  saved.
    batch 1/11
    [swap-guard] 95.7% swap used (batch 3/11) -- pausing 3s for extra cleanup
    batch 6/11
    [swap-guard] 95.8% swap used (batch 6/11) -- pausing 3s for extra cleanup
    [swap-guard] 95.6% swap used (batch 9/11) -- pausing 3s for extra cleanup
    batch 11/11
    [swap-guard] 96.7% swap used (epoch end) -- pausing 3s for extra cleanup
    [swap-guard] 96.6% swap used (fold 2 epoch 67 val) -- pausing 3s for extra cleanup
  Ep  67/200  loss=0.8573  AUC=0.7402  AP=0.7358  smoothAUC=0.7356  (293.0s)
  ✓ Fold 2 new best smoothed AUC=0.7356  saved.
    batch 1/11
    [swap-guard] 96.3% swap used (batch 3/11) -- pausing 3s for extra cleanup
    batch 6/11
    [swap-guard] 97.8% swap used (batch 6/11) -- pausing 3s for extra cleanup
    [swap-guard] 96.9% swap used (batch 9/11) -- pausing 3s for extra cleanup
    batch 11/11
    [swap-guard] 95.9% swap used (epoch end) -- pausing 3s for extra cleanup
    [swap-guard] 95.5% swap used (fold 2 epoch 68 val) -- pausing 3s for extra cleanup
  Ep  68/200  loss=0.8618  AUC=0.7395  AP=0.7370  smoothAUC=0.7376  (440.5s)
  ✓ Fold 2 new best smoothed AUC=0.7376  saved.
    batch 1/11
    [swap-guard] 97.1% swap used (batch 3/11) -- pausing 3s for extra cleanup
    batch 6/11
    [swap-guard] 97.5% swap used (batch 6/11) -- pausing 3s for extra cleanup
    [swap-guard] 97.0% swap used (batch 9/11) -- pausing 3s for extra cleanup
    batch 11/11
    [swap-guard] 94.7% swap used (epoch end) -- pausing 3s for extra cleanup
    [swap-guard] 94.6% swap used (fold 2 epoch 69 val) -- pausing 3s for extra cleanup
  Ep  69/200  loss=0.9767  AUC=0.7385  AP=0.7362  smoothAUC=0.7394  (291.4s)
  ✓ Fold 2 new best smoothed AUC=0.7394  saved.
    batch 1/11
    [swap-guard] 97.6% swap used (batch 3/11) -- pausing 3s for extra cleanup
    batch 6/11
    [swap-guard] 97.2% swap used (batch 6/11) -- pausing 3s for extra cleanup
    [swap-guard] 97.0% swap used (batch 9/11) -- pausing 3s for extra cleanup
    batch 11/11
    [swap-guard] 95.3% swap used (epoch end) -- pausing 3s for extra cleanup
    [swap-guard] 95.1% swap used (fold 2 epoch 70 val) -- pausing 3s for extra cleanup
  Ep  70/200  loss=0.8760  AUC=0.7436  AP=0.7435  smoothAUC=0.7405  (284.1s)
  ✓ Fold 2 new best smoothed AUC=0.7405  saved.
    batch 1/11
    [swap-guard] 97.5% swap used (batch 3/11) -- pausing 3s for extra cleanup
    batch 6/11
    [swap-guard] 97.8% swap used (batch 6/11) -- pausing 3s for extra cleanup
    [swap-guard] 98.4% swap used (batch 9/11) -- pausing 3s for extra cleanup
    batch 11/11
    [swap-guard] 95.8% swap used (epoch end) -- pausing 3s for extra cleanup
    [swap-guard] 95.5% swap used (fold 2 epoch 71 val) -- pausing 3s for extra cleanup
  Ep  71/200  loss=0.8293  AUC=0.7469  AP=0.7478  smoothAUC=0.7430  (258.8s)
  ✓ Fold 2 new best smoothed AUC=0.7430  saved.
    batch 1/11
    [swap-guard] 97.5% swap used (batch 3/11) -- pausing 3s for extra cleanup
    batch 6/11
    [swap-guard] 96.2% swap used (batch 6/11) -- pausing 3s for extra cleanup
    [swap-guard] 96.3% swap used (batch 9/11) -- pausing 3s for extra cleanup
    batch 11/11
    [swap-guard] 97.1% swap used (epoch end) -- pausing 3s for extra cleanup
    [swap-guard] 96.9% swap used (fold 2 epoch 72 val) -- pausing 3s for extra cleanup
  Ep  72/200  loss=0.8839  AUC=0.7514  AP=0.7521  smoothAUC=0.7473  (269.1s)
  ✓ Fold 2 new best smoothed AUC=0.7473  saved.
    batch 1/11
    [swap-guard] 97.8% swap used (batch 3/11) -- pausing 3s for extra cleanup
    batch 6/11
    [swap-guard] 97.0% swap used (batch 6/11) -- pausing 3s for extra cleanup
    [swap-guard] 96.1% swap used (batch 9/11) -- pausing 3s for extra cleanup
    batch 11/11
    [swap-guard] 96.8% swap used (epoch end) -- pausing 3s for extra cleanup
    [swap-guard] 96.4% swap used (fold 2 epoch 73 val) -- pausing 3s for extra cleanup
  Ep  73/200  loss=0.8470  AUC=0.7460  AP=0.7494  smoothAUC=0.7481  (248.2s)
  ✓ Fold 2 new best smoothed AUC=0.7481  saved.
    batch 1/11
    [swap-guard] 97.7% swap used (batch 3/11) -- pausing 3s for extra cleanup
    batch 6/11
    [swap-guard] 97.9% swap used (batch 6/11) -- pausing 3s for extra cleanup
    [swap-guard] 96.0% swap used (batch 9/11) -- pausing 3s for extra cleanup
    batch 11/11
    [swap-guard] 93.9% swap used (epoch end) -- pausing 3s for extra cleanup
    [swap-guard] 93.8% swap used (fold 2 epoch 74 val) -- pausing 3s for extra cleanup
  Ep  74/200  loss=0.8570  AUC=0.7458  AP=0.7524  smoothAUC=0.7477  (365.5s)
    batch 1/11
    [swap-guard] 96.6% swap used (batch 3/11) -- pausing 3s for extra cleanup
    batch 6/11
    [swap-guard] 98.0% swap used (batch 6/11) -- pausing 3s for extra cleanup
    [swap-guard] 95.9% swap used (batch 9/11) -- pausing 3s for extra cleanup
    batch 11/11
    [swap-guard] 95.7% swap used (epoch end) -- pausing 3s for extra cleanup
    [swap-guard] 95.5% swap used (fold 2 epoch 75 val) -- pausing 3s for extra cleanup
  Ep  75/200  loss=0.8574  AUC=0.7471  AP=0.7542  smoothAUC=0.7463  (322.1s)
    batch 1/11
    [swap-guard] 95.7% swap used (batch 3/11) -- pausing 3s for extra cleanup
    batch 6/11
    [swap-guard] 97.3% swap used (batch 6/11) -- pausing 3s for extra cleanup
    [swap-guard] 96.8% swap used (batch 9/11) -- pausing 3s for extra cleanup
    batch 11/11
    [swap-guard] 94.7% swap used (epoch end) -- pausing 3s for extra cleanup
    [swap-guard] 94.5% swap used (fold 2 epoch 76 val) -- pausing 3s for extra cleanup
  Ep  76/200  loss=0.8352  AUC=0.7451  AP=0.7531  smoothAUC=0.7460  (260.6s)
    batch 1/11
    [swap-guard] 97.2% swap used (batch 3/11) -- pausing 3s for extra cleanup
    batch 6/11
    [swap-guard] 96.1% swap used (batch 6/11) -- pausing 3s for extra cleanup
    [swap-guard] 96.3% swap used (batch 9/11) -- pausing 3s for extra cleanup
    batch 11/11
    [swap-guard] 95.5% swap used (epoch end) -- pausing 3s for extra cleanup
    [swap-guard] 95.3% swap used (fold 2 epoch 77 val) -- pausing 3s for extra cleanup
  Ep  77/200  loss=0.7960  AUC=0.7470  AP=0.7540  smoothAUC=0.7464  (295.5s)
    batch 1/11
    [swap-guard] 95.2% swap used (batch 3/11) -- pausing 3s for extra cleanup
    batch 6/11
    [swap-guard] 97.7% swap used (batch 6/11) -- pausing 3s for extra cleanup
    [swap-guard] 96.7% swap used (batch 9/11) -- pausing 3s for extra cleanup
    batch 11/11
    [swap-guard] 98.2% swap used (epoch end) -- pausing 3s for extra cleanup
    [swap-guard] 97.8% swap used (fold 2 epoch 78 val) -- pausing 3s for extra cleanup
  Ep  78/200  loss=0.8522  AUC=0.7519  AP=0.7575  smoothAUC=0.7480  (348.8s)
    batch 1/11
    [swap-guard] 96.1% swap used (batch 3/11) -- pausing 3s for extra cleanup
    batch 6/11
    [swap-guard] 97.3% swap used (batch 6/11) -- pausing 3s for extra cleanup
    [swap-guard] 98.0% swap used (batch 9/11) -- pausing 3s for extra cleanup
    batch 11/11
    [swap-guard] 95.5% swap used (epoch end) -- pausing 3s for extra cleanup
    [swap-guard] 95.5% swap used (fold 2 epoch 79 val) -- pausing 3s for extra cleanup
  Ep  79/200  loss=0.8037  AUC=0.7504  AP=0.7533  smoothAUC=0.7498  (277.5s)
  ✓ Fold 2 new best smoothed AUC=0.7498  saved.
    batch 1/11
    [swap-guard] 94.8% swap used (batch 3/11) -- pausing 3s for extra cleanup
    batch 6/11
    [swap-guard] 95.3% swap used (batch 6/11) -- pausing 3s for extra cleanup
    [swap-guard] 96.8% swap used (batch 9/11) -- pausing 3s for extra cleanup
    batch 11/11
    [swap-guard] 95.5% swap used (epoch end) -- pausing 3s for extra cleanup
    [swap-guard] 94.8% swap used (fold 2 epoch 80 val) -- pausing 3s for extra cleanup
  Ep  80/200  loss=0.7743  AUC=0.7497  AP=0.7512  smoothAUC=0.7507  (528.6s)
  ✓ Fold 2 new best smoothed AUC=0.7507  saved.
    batch 1/11
    [swap-guard] 95.7% swap used (batch 3/11) -- pausing 3s for extra cleanup
    batch 6/11
    [swap-guard] 98.3% swap used (batch 6/11) -- pausing 3s for extra cleanup
    [swap-guard] 95.9% swap used (batch 9/11) -- pausing 3s for extra cleanup
    batch 11/11
    [swap-guard] 95.7% swap used (epoch end) -- pausing 3s for extra cleanup
    [swap-guard] 95.4% swap used (fold 2 epoch 81 val) -- pausing 3s for extra cleanup
  Ep  81/200  loss=0.9144  AUC=0.7473  AP=0.7532  smoothAUC=0.7491  (418.5s)
    batch 1/11
    [swap-guard] 97.9% swap used (batch 3/11) -- pausing 3s for extra cleanup
    batch 6/11
    [swap-guard] 95.6% swap used (batch 6/11) -- pausing 3s for extra cleanup
    [swap-guard] 96.7% swap used (batch 9/11) -- pausing 3s for extra cleanup
    batch 11/11
    [swap-guard] 95.7% swap used (epoch end) -- pausing 3s for extra cleanup
    [swap-guard] 95.3% swap used (fold 2 epoch 82 val) -- pausing 3s for extra cleanup
  Ep  82/200  loss=0.7638  AUC=0.7518  AP=0.7583  smoothAUC=0.7496  (394.5s)
    batch 1/11
    [swap-guard] 97.0% swap used (batch 3/11) -- pausing 3s for extra cleanup
    batch 6/11
    [swap-guard] 98.6% swap used (batch 6/11) -- pausing 3s for extra cleanup
    [swap-guard] 95.6% swap used (batch 9/11) -- pausing 3s for extra cleanup
    batch 11/11
    [swap-guard] 94.0% swap used (epoch end) -- pausing 3s for extra cleanup
    [swap-guard] 93.8% swap used (fold 2 epoch 83 val) -- pausing 3s for extra cleanup
  Ep  83/200  loss=0.8736  AUC=0.7513  AP=0.7529  smoothAUC=0.7501  (259.7s)
    batch 1/11
    [swap-guard] 98.5% swap used (batch 3/11) -- pausing 3s for extra cleanup
    batch 6/11
    [swap-guard] 98.1% swap used (batch 6/11) -- pausing 3s for extra cleanup
    [swap-guard] 95.1% swap used (batch 9/11) -- pausing 3s for extra cleanup
    batch 11/11
    [swap-guard] 98.1% swap used (epoch end) -- pausing 3s for extra cleanup
    [swap-guard] 97.8% swap used (fold 2 epoch 84 val) -- pausing 3s for extra cleanup
  Ep  84/200  loss=0.8322  AUC=0.7524  AP=0.7547  smoothAUC=0.7518  (315.2s)
  ✓ Fold 2 new best smoothed AUC=0.7518  saved.
    batch 1/11
    [swap-guard] 98.4% swap used (batch 3/11) -- pausing 3s for extra cleanup
    batch 6/11
    [swap-guard] 98.5% swap used (batch 6/11) -- pausing 3s for extra cleanup
    [swap-guard] 97.4% swap used (batch 9/11) -- pausing 3s for extra cleanup
    batch 11/11
    [swap-guard] 94.5% swap used (epoch end) -- pausing 3s for extra cleanup
    [swap-guard] 94.3% swap used (fold 2 epoch 85 val) -- pausing 3s for extra cleanup
  Ep  85/200  loss=0.8573  AUC=0.7496  AP=0.7507  smoothAUC=0.7511  (325.3s)
    batch 1/11
    [swap-guard] 98.8% swap used (batch 3/11) -- pausing 3s for extra cleanup
    batch 6/11
    [swap-guard] 98.2% swap used (batch 9/11) -- pausing 3s for extra cleanup
    batch 11/11
    [swap-guard] 94.4% swap used (epoch end) -- pausing 3s for extra cleanup
    [swap-guard] 94.2% swap used (fold 2 epoch 86 val) -- pausing 3s for extra cleanup
  Ep  86/200  loss=0.8233  AUC=0.7514  AP=0.7496  smoothAUC=0.7511  (308.0s)
    batch 1/11
    [swap-guard] 96.4% swap used (batch 3/11) -- pausing 3s for extra cleanup
    batch 6/11
    [swap-guard] 96.7% swap used (batch 6/11) -- pausing 3s for extra cleanup
    [swap-guard] 95.4% swap used (batch 9/11) -- pausing 3s for extra cleanup
    batch 11/11
    [swap-guard] 97.7% swap used (epoch end) -- pausing 3s for extra cleanup
    [swap-guard] 97.4% swap used (fold 2 epoch 87 val) -- pausing 3s for extra cleanup
  Ep  87/200  loss=0.7998  AUC=0.7548  AP=0.7544  smoothAUC=0.7519  (338.8s)
  ✓ Fold 2 new best smoothed AUC=0.7519  saved.
    batch 1/11
    [swap-guard] 95.0% swap used (batch 3/11) -- pausing 3s for extra cleanup
    batch 6/11
    [swap-guard] 95.9% swap used (batch 6/11) -- pausing 3s for extra cleanup
    [swap-guard] 98.1% swap used (batch 9/11) -- pausing 3s for extra cleanup
    batch 11/11
    [swap-guard] 97.6% swap used (epoch end) -- pausing 3s for extra cleanup
    [swap-guard] 97.4% swap used (fold 2 epoch 88 val) -- pausing 3s for extra cleanup
  Ep  88/200  loss=0.8351  AUC=0.7558  AP=0.7570  smoothAUC=0.7540  (308.8s)
  ✓ Fold 2 new best smoothed AUC=0.7540  saved.
    batch 1/11
    [swap-guard] 96.0% swap used (batch 3/11) -- pausing 3s for extra cleanup
    batch 6/11
    [swap-guard] 96.9% swap used (batch 6/11) -- pausing 3s for extra cleanup
    [swap-guard] 96.8% swap used (batch 9/11) -- pausing 3s for extra cleanup
    batch 11/11
    [swap-guard] 95.8% swap used (epoch end) -- pausing 3s for extra cleanup
    [swap-guard] 95.7% swap used (fold 2 epoch 89 val) -- pausing 3s for extra cleanup
  Ep  89/200  loss=0.7930  AUC=0.7571  AP=0.7573  smoothAUC=0.7559  (361.5s)
  ✓ Fold 2 new best smoothed AUC=0.7559  saved.
    batch 1/11
    [swap-guard] 96.1% swap used (batch 3/11) -- pausing 3s for extra cleanup
    batch 6/11
    [swap-guard] 97.8% swap used (batch 6/11) -- pausing 3s for extra cleanup
    [swap-guard] 97.7% swap used (batch 9/11) -- pausing 3s for extra cleanup
    batch 11/11
    [swap-guard] 98.4% swap used (epoch end) -- pausing 3s for extra cleanup
    [swap-guard] 98.2% swap used (fold 2 epoch 90 val) -- pausing 3s for extra cleanup
  Ep  90/200  loss=0.7716  AUC=0.7595  AP=0.7594  smoothAUC=0.7575  (447.5s)
  ✓ Fold 2 new best smoothed AUC=0.7575  saved.
    batch 1/11
    [swap-guard] 97.5% swap used (batch 3/11) -- pausing 3s for extra cleanup
    batch 6/11
    [swap-guard] 97.8% swap used (batch 6/11) -- pausing 3s for extra cleanup
    [swap-guard] 97.8% swap used (batch 9/11) -- pausing 3s for extra cleanup
    batch 11/11
    [swap-guard] 95.2% swap used (epoch end) -- pausing 3s for extra cleanup
    [swap-guard] 95.0% swap used (fold 2 epoch 91 val) -- pausing 3s for extra cleanup
  Ep  91/200  loss=0.7632  AUC=0.7565  AP=0.7592  smoothAUC=0.7577  (309.6s)
  ✓ Fold 2 new best smoothed AUC=0.7577  saved.
    batch 1/11
    [swap-guard] 97.0% swap used (batch 3/11) -- pausing 3s for extra cleanup
    batch 6/11
    [swap-guard] 97.4% swap used (batch 6/11) -- pausing 3s for extra cleanup
    [swap-guard] 96.4% swap used (batch 9/11) -- pausing 3s for extra cleanup
    batch 11/11
    [swap-guard] 97.6% swap used (epoch end) -- pausing 3s for extra cleanup
    [swap-guard] 97.2% swap used (fold 2 epoch 92 val) -- pausing 3s for extra cleanup
  Ep  92/200  loss=0.8266  AUC=0.7578  AP=0.7613  smoothAUC=0.7579  (350.8s)
  ✓ Fold 2 new best smoothed AUC=0.7579  saved.
    batch 1/11
    [swap-guard] 97.1% swap used (batch 3/11) -- pausing 3s for extra cleanup
    batch 6/11
    [swap-guard] 97.2% swap used (batch 6/11) -- pausing 3s for extra cleanup
    [swap-guard] 90.0% swap used (batch 9/11) -- pausing 3s for extra cleanup
    batch 11/11
    [swap-guard] 95.3% swap used (epoch end) -- pausing 3s for extra cleanup
    [swap-guard] 95.0% swap used (fold 2 epoch 93 val) -- pausing 3s for extra cleanup
  Ep  93/200  loss=0.8218  AUC=0.7579  AP=0.7577  smoothAUC=0.7574  (342.6s)
    batch 1/11
    [swap-guard] 95.4% swap used (batch 3/11) -- pausing 3s for extra cleanup
    batch 6/11
    [swap-guard] 96.9% swap used (batch 6/11) -- pausing 3s for extra cleanup
    [swap-guard] 98.1% swap used (batch 9/11) -- pausing 3s for extra cleanup
    batch 11/11
    [swap-guard] 97.3% swap used (epoch end) -- pausing 3s for extra cleanup
    [swap-guard] 97.1% swap used (fold 2 epoch 94 val) -- pausing 3s for extra cleanup
  Ep  94/200  loss=0.7936  AUC=0.7634  AP=0.7632  smoothAUC=0.7597  (329.6s)
  ✓ Fold 2 new best smoothed AUC=0.7597  saved.
    batch 1/11
    [swap-guard] 97.3% swap used (batch 3/11) -- pausing 3s for extra cleanup
    batch 6/11
    [swap-guard] 97.3% swap used (batch 6/11) -- pausing 3s for extra cleanup
    [swap-guard] 97.2% swap used (batch 9/11) -- pausing 3s for extra cleanup
    batch 11/11
    [swap-guard] 95.6% swap used (epoch end) -- pausing 3s for extra cleanup
    [swap-guard] 95.4% swap used (fold 2 epoch 95 val) -- pausing 3s for extra cleanup
  Ep  95/200  loss=0.7919  AUC=0.7616  AP=0.7612  smoothAUC=0.7610  (616.9s)
  ✓ Fold 2 new best smoothed AUC=0.7610  saved.
    batch 1/11
    [swap-guard] 97.5% swap used (batch 3/11) -- pausing 3s for extra cleanup
    batch 6/11
    [swap-guard] 97.9% swap used (batch 6/11) -- pausing 3s for extra cleanup
    [swap-guard] 96.0% swap used (batch 9/11) -- pausing 3s for extra cleanup
    batch 11/11
    [swap-guard] 94.9% swap used (epoch end) -- pausing 3s for extra cleanup
    [swap-guard] 94.7% swap used (fold 2 epoch 96 val) -- pausing 3s for extra cleanup
  Ep  96/200  loss=0.8107  AUC=0.7675  AP=0.7676  smoothAUC=0.7642  (669.8s)
  ✓ Fold 2 new best smoothed AUC=0.7642  saved.
    batch 1/11
    [swap-guard] 97.8% swap used (batch 3/11) -- pausing 3s for extra cleanup
    batch 6/11
    [swap-guard] 96.0% swap used (batch 6/11) -- pausing 3s for extra cleanup
    [swap-guard] 97.3% swap used (batch 9/11) -- pausing 3s for extra cleanup
    batch 11/11
    [swap-guard] 96.7% swap used (epoch end) -- pausing 3s for extra cleanup
    [swap-guard] 96.5% swap used (fold 2 epoch 97 val) -- pausing 3s for extra cleanup
  Ep  97/200  loss=0.8382  AUC=0.7718  AP=0.7654  smoothAUC=0.7669  (355.3s)
  ✓ Fold 2 new best smoothed AUC=0.7669  saved.
    batch 1/11
    batch 6/11
    [swap-guard] 96.8% swap used (batch 6/11) -- pausing 3s for extra cleanup
    [swap-guard] 98.3% swap used (batch 9/11) -- pausing 3s for extra cleanup
    batch 11/11
    [swap-guard] 96.0% swap used (epoch end) -- pausing 3s for extra cleanup
    [swap-guard] 95.9% swap used (fold 2 epoch 98 val) -- pausing 3s for extra cleanup
  Ep  98/200  loss=0.7294  AUC=0.7644  AP=0.7603  smoothAUC=0.7679  (551.6s)
  ✓ Fold 2 new best smoothed AUC=0.7679  saved.
    batch 1/11
    [swap-guard] 96.6% swap used (batch 3/11) -- pausing 3s for extra cleanup
    batch 6/11
    [swap-guard] 95.8% swap used (batch 6/11) -- pausing 3s for extra cleanup
    [swap-guard] 97.0% swap used (batch 9/11) -- pausing 3s for extra cleanup
    batch 11/11
    [swap-guard] 96.8% swap used (epoch end) -- pausing 3s for extra cleanup
    [swap-guard] 96.7% swap used (fold 2 epoch 99 val) -- pausing 3s for extra cleanup
  Ep  99/200  loss=0.7879  AUC=0.7612  AP=0.7588  smoothAUC=0.7658  (333.5s)
    batch 1/11
    [swap-guard] 97.1% swap used (batch 3/11) -- pausing 3s for extra cleanup
    batch 6/11
    [swap-guard] 97.4% swap used (batch 6/11) -- pausing 3s for extra cleanup
    [swap-guard] 97.1% swap used (batch 9/11) -- pausing 3s for extra cleanup
    batch 11/11
    [swap-guard] 96.9% swap used (epoch end) -- pausing 3s for extra cleanup
    [swap-guard] 96.7% swap used (fold 2 epoch 100 val) -- pausing 3s for extra cleanup
  Ep 100/200  loss=0.7418  AUC=0.7619  AP=0.7577  smoothAUC=0.7625  (341.6s)
    batch 1/11
    [swap-guard] 95.8% swap used (batch 3/11) -- pausing 3s for extra cleanup
    batch 6/11
    [swap-guard] 97.3% swap used (batch 6/11) -- pausing 3s for extra cleanup
    [swap-guard] 96.2% swap used (batch 9/11) -- pausing 3s for extra cleanup
    batch 11/11
    [swap-guard] 94.9% swap used (epoch end) -- pausing 3s for extra cleanup
    [swap-guard] 97.5% swap used (fold 2 epoch 101 val) -- pausing 3s for extra cleanup
  Ep 101/200  loss=0.7677  AUC=0.7611  AP=0.7583  smoothAUC=0.7614  (628.0s)
    batch 1/11
    [swap-guard] 97.7% swap used (batch 3/11) -- pausing 3s for extra cleanup
    batch 6/11
    [swap-guard] 96.6% swap used (batch 6/11) -- pausing 3s for extra cleanup
    [swap-guard] 98.5% swap used (batch 9/11) -- pausing 3s for extra cleanup
    batch 11/11
    [swap-guard] 96.0% swap used (epoch end) -- pausing 3s for extra cleanup
    [swap-guard] 95.7% swap used (fold 2 epoch 102 val) -- pausing 3s for extra cleanup
  Ep 102/200  loss=0.7270  AUC=0.7626  AP=0.7605  smoothAUC=0.7619  (597.6s)
    batch 1/11
    [swap-guard] 95.4% swap used (batch 3/11) -- pausing 3s for extra cleanup
    batch 6/11
    [swap-guard] 97.8% swap used (batch 6/11) -- pausing 3s for extra cleanup
    [swap-guard] 95.5% swap used (batch 9/11) -- pausing 3s for extra cleanup
    batch 11/11
    [swap-guard] 96.6% swap used (epoch end) -- pausing 3s for extra cleanup
    [swap-guard] 96.2% swap used (fold 2 epoch 103 val) -- pausing 3s for extra cleanup
  Ep 103/200  loss=0.7298  AUC=0.7644  AP=0.7639  smoothAUC=0.7627  (639.5s)
    batch 1/11
    [swap-guard] 97.7% swap used (batch 3/11) -- pausing 3s for extra cleanup
    batch 6/11
    [swap-guard] 95.6% swap used (batch 6/11) -- pausing 3s for extra cleanup
    [swap-guard] 97.5% swap used (batch 9/11) -- pausing 3s for extra cleanup
    batch 11/11
    [swap-guard] 95.8% swap used (epoch end) -- pausing 3s for extra cleanup
    [swap-guard] 95.6% swap used (fold 2 epoch 104 val) -- pausing 3s for extra cleanup
  Ep 104/200  loss=0.7648  AUC=0.7642  AP=0.7619  smoothAUC=0.7637  (912.4s)
    batch 1/11

[1/4] Loading dataset …
Processing...
  Category filter: ['Bench_vice', 'C_Clamps', 'Pipe_vice', 'Gate_Valve', 'Press_Tool', 'Tool_Post', 'Crane_hook']
  237 STEP files after category filter
  Found 237 STEP file(s) in /Users/mbp/Documents/MTECH/Sem4/Individual_project/AI_Assisted_3D_Assembly_Design/AI-Assisted-3D-Assembly-Design/Source_3d_models/Best_models_for_training
  [1/237] [CACHED] Bench_Vice_02/Bench_Vice_02.STEP — 26 nodes
  [2/237] [CACHED] Bench_Vice_03/Bench_Vice_03.step — 18 nodes
  [3/237] [CACHED] Bench_Vice_04/Bench_Vice_04.STEP — 47 nodes
  [4/237] [CACHED] Bench_Vice_06/Bench_Vice_06.stp — 16 nodes
  [5/237] [CACHED] Bench_Vice_07/Bench_Vice_07.STEP — 12 nodes
  [6/237] [CACHED] Bench_Vice_08/Bench_Vice_08.step — 55 nodes
  [7/237] [CACHED] Bench_Vice_09/Bench_Vice_09.stp — 22 nodes
  [8/237] [CACHED] Bench_Vice_11/Bench_Vice_11.STEP — 20 nodes
  [9/237] [CACHED] Bench_Vice_12/Bench_Vice_12.stp — 31 nodes
  [10/237] [CACHED] Bench_Vice_13/Bench_Vice_13.STEP — 27 nodes
  [11/237] [CACHED] Bench_Vice_14/Bench_Vice_14.STEP — 24 nodes
  [12/237] [CACHED] Bench_Vice_17/Bench_Vice_17.STEP — 25 nodes
  [13/237] [CACHED] Bench_Vice_18/Bench_Vice_18.stp — 7 nodes
  [14/237] [CACHED] Bench_Vice_20/Bench_Vice_20.stp — 21 nodes
  [15/237] [CACHED] Bench_Vice_21/Bench_Vice_21.STEP — 12 nodes
  [16/237] [CACHED] Bench_Vice_22/Bench_Vice_22.stp — 22 nodes
  [17/237] [CACHED] Bench_Vice_23/Bench_Vice_23.stp — 27 nodes
  [18/237] [CACHED] Bench_Vice_26/Bench_Vice_26.step — 17 nodes
  [19/237] [CACHED] Bench_Vice_27/Bench_Vice_27.stp — 10 nodes
  [20/237] [CACHED] Bench_Vice_28/Bench_Vice_28.stp — 46 nodes
  [21/237] [CACHED] Bench_Vice_31/Bench_Vice_31.stp — 20 nodes
  [22/237] [CACHED] Bench_Vice_34/Bench_Vice_34.stp — 23 nodes
  [23/237] [CACHED] Bench_Vice_38/Bench_Vice_38.step — 20 nodes
  [24/237] [CACHED] Bench_Vice_39/Bench_Vice_39.step — 14 nodes
  [25/237] [CACHED] Bench_Vice_41/Bench_Vice_41.stp — 22 nodes
  [26/237] [CACHED] Bench_Vice_42/Bench_Vice_42.stp — 15 nodes
  [27/237] [CACHED] Bench_Vice_43/Bench_Vice_43.step — 16 nodes
  [28/237] [CACHED] Bench_Vice_45/Bench_Vice_45.step — 25 nodes
  [29/237] [CACHED] Bench_Vice_46/Bench_Vice_46.stp — 18 nodes
  [30/237] [CACHED] Bench_Vice_47/Bench_Vice_47.STEP — 21 nodes
  [31/237] [CACHED] Bench_Vice_50/Bench_Vice_50.STEP — 31 nodes
  [32/237] [CACHED] Bench_Vice_51/Bench_Vice_51.STEP — 13 nodes
  [33/237] [CACHED] Bench_Vice_52/Bench_Vice_52.stp — 57 nodes
  [34/237] [CACHED] Bench_Vice_53/Bench_Vice_53.STEP — 27 nodes
  [35/237] [CACHED] Bench_Vice_58/Bench_Vice_58.stp — 6 nodes
  [36/237] [CACHED] Bench_Vice_59/Bench_Vice_59.STEP — 97 nodes
  [37/237] [CACHED] Bench_Vice_60/Bench_Vice_60.stp — 24 nodes
  [38/237] [CACHED] Bench_Vice_61/Bench_Vice_61.stp — 48 nodes
  [39/237] [CACHED] Bench_Vice_65/Bench_Vice_65.stp — 28 nodes
  [40/237] [CACHED] Bench_Vice_66/Bench_Vice_66.step — 26 nodes
  [41/237] [CACHED] Bench_Vice_67/Bench_Vice_67.stp — 26 nodes
  [42/237] [CACHED] Bench_Vice_68/Bench_Vice_68.stp — 24 nodes
  [43/237] [CACHED] Bench_Vice_69/Bench_Vice_69.stp — 22 nodes
  [44/237] [CACHED] Bench_Vice_72/Bench_Vice_72.stp — 25 nodes
  [45/237] [CACHED] Bench_Vice_73/Bench_Vice_73.stp — 2 nodes
  [46/237] [CACHED] Bench_Vice_74/Bench_Vice_74.stp — 15 nodes
  [47/237] [CACHED] Bench_Vice_75/Bench_Vice_75.STEP — 33 nodes
  [48/237] [CACHED] Bench_Vice_76/Bench_Vice_76.stp — 37 nodes
  [49/237] [CACHED] Bench_Vice_77/Bench_Vice_77.STEP — 6 nodes
  [50/237] [CACHED] Bench_Vice_78/Bench_Vice_78.STEP — 35 nodes
  [51/237] [CACHED] Bench_Vice_79/Bench_Vice_79.STEP — 19 nodes
  [52/237] [CACHED] Bench_Vice_80/Bench_Vice_80.STEP — 16 nodes
  [53/237] [CACHED] Bench_Vice_81/Bench_Vice_81.stp — 36 nodes
  [54/237] [CACHED] Bench_Vice_82/Bench_Vice_82.stp — 41 nodes
  [55/237] [CACHED] C_Clamps_01/C_Clamps_01.stp — 8 nodes
  [56/237] [CACHED] C_Clamps_03/C_Clamps_03.STEP — 10 nodes
  [57/237] [CACHED] C_Clamps_04/C_Clamps_04.stp — 10 nodes
  [58/237] [CACHED] C_Clamps_05/C_Clamps_05.STEP — 5 nodes
  [59/237] [CACHED] C_Clamps_06/C_Clamps_06.stp — 9 nodes
  [60/237] [CACHED] C_Clamps_07/C_Clamps_07.stp — 7 nodes
  [61/237] [CACHED] C_Clamps_08/C_Clamps_08.stp — 2 nodes
  [62/237] [CACHED] C_Clamps_09/C_Clamps_09.STEP — 9 nodes
  [63/237] [CACHED] C_Clamps_10/C_Clamps_10.stp — 7 nodes
  [64/237] [CACHED] C_Clamps_11/C_Clamps_11.STEP — 2 nodes
  [65/237] [CACHED] C_Clamps_12/C_Clamps_12.stp — 5 nodes
  [66/237] [CACHED] C_Clamps_13/C_Clamps_13.STEP — 6 nodes
  [67/237] [CACHED] C_Clamps_14/C_Clamps_14.STEP — 4 nodes
  [68/237] [CACHED] C_Clamps_15/C_Clamps_15.stp — 4 nodes
  [69/237] [CACHED] C_Clamps_16/C_Clamps_16.stp — 10 nodes
  [70/237] [CACHED] C_Clamps_18/C_Clamps_18.stp — 3 nodes
  [71/237] [CACHED] C_Clamps_19/C_Clamps_19.stp — 6 nodes
  [72/237] [CACHED] C_Clamps_20/C_Clamps_20.stp — 2 nodes
  [73/237] [CACHED] C_Clamps_21/C_Clamps_21.STEP — 6 nodes
  [74/237] [CACHED] C_Clamps_22/C_Clamps_22.stp — 7 nodes
  [75/237] [CACHED] C_Clamps_23/C_Clamps_23.STEP — 16 nodes
  [76/237] [CACHED] C_Clamps_26/C_Clamps_26.stp — 11 nodes
  [77/237] [CACHED] C_Clamps_28/C_Clamps_28.step — 10 nodes
  [78/237] [CACHED] C_Clamps_29/C_Clamps_29.stp — 7 nodes
  [79/237] [CACHED] C_Clamps_31/C_Clamps_31.stp — 6 nodes
  [80/237] [CACHED] C_Clamps_32/C_Clamps_32.step — 10 nodes
  [81/237] [CACHED] C_Clamps_33/C_Clamps_33.stp — 9 nodes
  [82/237] [CACHED] C_Clamps_36/C_Clamps_36.STEP — 5 nodes
  [83/237] [CACHED] C_Clamps_37/C_Clamps_37.step — 5 nodes
  [84/237] [CACHED] C_Clamps_38/C_Clamps_38.STEP — 8 nodes
  [85/237] [CACHED] C_Clamps_40/C_Clamps_40.stp — 4 nodes
  [86/237] [CACHED] Crane_Hook_01/Crane_Hook_01.stp — 33 nodes
  [87/237] [CACHED] Crane_Hook_02/Crane_Hook_02.STEP — 35 nodes
  [88/237] [CACHED] Crane_Hook_04/Crane_Hook_04.STEP — 44 nodes
  [89/237] [CACHED] Crane_Hook_05/Crane_Hook_05.STEP — 15 nodes
  [90/237] [CACHED] Crane_Hook_06/Crane_Hook_06.step — 20 nodes
  [91/237] [CACHED] Crane_Hook_07/Crane_Hook_07.stp — 46 nodes
  [92/237] [CACHED] Crane_Hook_09/Crane_Hook_09.step — 28 nodes
  [93/237] [CACHED] Crane_Hook_10/Crane_Hook_10.stp — 46 nodes
  [94/237] [CACHED] Crane_Hook_11/Crane_Hook_11.stp — 19 nodes
  [95/237] [CACHED] Crane_Hook_12/Crane_Hook_12.stp — 53 nodes
  [96/237] [CACHED] Crane_Hook_13/Crane_Hook_13.stp — 28 nodes
  [97/237] [CACHED] Crane_Hook_15/Crane_Hook_15.STEP — 86 nodes
  [98/237] [CACHED] Crane_Hook_17/Crane_Hook_17.stp — 49 nodes
  [99/237] [CACHED] Crane_Hook_21/Crane_Hook_21.STEP — 57 nodes
  [100/237] [CACHED] Crane_Hook_22/Crane_Hook_22.STEP — 66 nodes
  [101/237] [CACHED] Crane_Hook_23/Crane_Hook_23.step — 24 nodes
  [102/237] [CACHED] Crane_Hook_24/Crane_Hook_24.stp — 46 nodes
  [103/237] [CACHED] Crane_Hook_25/Crane_Hook_25.stp — 46 nodes
  [104/237] [CACHED] Crane_Hook_26/Crane_Hook_26.stp — 53 nodes
  [105/237] [CACHED] Crane_Hook_27/Crane_Hook_27.stp — 53 nodes
  [106/237] [CACHED] Crane_Hook_28/Crane_Hook_28.STEP — 86 nodes
  [107/237] [CACHED] Crane_Hook_29/Crane_Hook_29.stp — 49 nodes
  [108/237] [CACHED] Crane_Hook_30/Crane_Hook_30.STEP — 57 nodes
  [109/237] [CACHED] Crane_Hook_31/Crane_Hook_31.stp — 53 nodes
  [110/237] [CACHED] Crane_Hook_32/Crane_Hook_32.step — 86 nodes
  [111/237] [CACHED] Gate_Valve_02/Gate_Valve_02.STEP — 4 nodes
  [112/237] [CACHED] Gate_Valve_03/Gate_Valve_03.stp — 40 nodes
  [113/237] [CACHED] Gate_Valve_04/Gate_Valve_04.stp — 63 nodes
  [114/237] [CACHED] Gate_Valve_05/Gate_Valve_05.stp — 87 nodes
  [115/237] [CACHED] Gate_Valve_06/Gate_Valve_06.stp — 41 nodes
  [116/237] [CACHED] Gate_Valve_07/Gate_Valve_07.stp — 69 nodes
  [117/237] [CACHED] Gate_Valve_10/Gate_Valve_10.stp — 61 nodes
  [118/237] [CACHED] Gate_Valve_11/Gate_Valve_11.STEP — 47 nodes
  [119/237] [CACHED] Gate_Valve_14/Gate_Valve_14.stp — 59 nodes
  [120/237] [CACHED] Gate_Valve_15/Gate_Valve_15.stp — 51 nodes
  [121/237] [CACHED] Gate_Valve_23/Gate_Valve_23.STEP — 35 nodes
  [122/237] [CACHED] Gate_Valve_24/Gate_Valve_24.STEP — 81 nodes
  [123/237] Parsing: Gate_Valve_25/Gate_Valve_2543465.STEP

[1/4] Loading dataset …
Processing...
  Category filter: ['Bench_vice', 'C_Clamps', 'Pipe_vice', 'Gate_Valve', 'Press_Tool', 'Tool_Post', 'Crane_hook']
  237 STEP files after category filter
  Found 237 STEP file(s) in /Users/mbp/Documents/MTECH/Sem4/Individual_project/AI_Assisted_3D_Assembly_Design/AI-Assisted-3D-Assembly-Design/Source_3d_models/Best_models_for_training
  [1/237] [CACHED] Bench_Vice_02/Bench_Vice_02.STEP — 26 nodes
  [2/237] [CACHED] Bench_Vice_03/Bench_Vice_03.step — 18 nodes
  [3/237] [CACHED] Bench_Vice_04/Bench_Vice_04.STEP — 47 nodes
  [4/237] [CACHED] Bench_Vice_06/Bench_Vice_06.stp — 16 nodes
  [5/237] [CACHED] Bench_Vice_07/Bench_Vice_07.STEP — 12 nodes
  [6/237] [CACHED] Bench_Vice_08/Bench_Vice_08.step — 55 nodes
  [7/237] [CACHED] Bench_Vice_09/Bench_Vice_09.stp — 22 nodes
  [8/237] [CACHED] Bench_Vice_11/Bench_Vice_11.STEP — 20 nodes
  [9/237] [CACHED] Bench_Vice_12/Bench_Vice_12.stp — 31 nodes
  [10/237] [CACHED] Bench_Vice_13/Bench_Vice_13.STEP — 27 nodes
  [11/237] [CACHED] Bench_Vice_14/Bench_Vice_14.STEP — 24 nodes
  [12/237] [CACHED] Bench_Vice_17/Bench_Vice_17.STEP — 25 nodes
  [13/237] [CACHED] Bench_Vice_18/Bench_Vice_18.stp — 7 nodes
  [14/237] [CACHED] Bench_Vice_20/Bench_Vice_20.stp — 21 nodes
  [15/237] [CACHED] Bench_Vice_21/Bench_Vice_21.STEP — 12 nodes
  [16/237] [CACHED] Bench_Vice_22/Bench_Vice_22.stp — 22 nodes
  [17/237] [CACHED] Bench_Vice_23/Bench_Vice_23.stp — 27 nodes
  [18/237] [CACHED] Bench_Vice_26/Bench_Vice_26.step — 17 nodes
  [19/237] [CACHED] Bench_Vice_27/Bench_Vice_27.stp — 10 nodes
  [20/237] [CACHED] Bench_Vice_28/Bench_Vice_28.stp — 46 nodes
  [21/237] [CACHED] Bench_Vice_31/Bench_Vice_31.stp — 20 nodes
  [22/237] [CACHED] Bench_Vice_34/Bench_Vice_34.stp — 23 nodes
  [23/237] [CACHED] Bench_Vice_38/Bench_Vice_38.step — 20 nodes
  [24/237] [CACHED] Bench_Vice_39/Bench_Vice_39.step — 14 nodes
  [25/237] [CACHED] Bench_Vice_41/Bench_Vice_41.stp — 22 nodes
  [26/237] [CACHED] Bench_Vice_42/Bench_Vice_42.stp — 15 nodes
  [27/237] [CACHED] Bench_Vice_43/Bench_Vice_43.step — 16 nodes
  [28/237] [CACHED] Bench_Vice_45/Bench_Vice_45.step — 25 nodes
  [29/237] [CACHED] Bench_Vice_46/Bench_Vice_46.stp — 18 nodes
  [30/237] [CACHED] Bench_Vice_47/Bench_Vice_47.STEP — 21 nodes
  [31/237] [CACHED] Bench_Vice_50/Bench_Vice_50.STEP — 31 nodes
  [32/237] [CACHED] Bench_Vice_51/Bench_Vice_51.STEP — 13 nodes
  [33/237] [CACHED] Bench_Vice_52/Bench_Vice_52.stp — 57 nodes
  [34/237] [CACHED] Bench_Vice_53/Bench_Vice_53.STEP — 27 nodes
  [35/237] [CACHED] Bench_Vice_58/Bench_Vice_58.stp — 6 nodes
  [36/237] [CACHED] Bench_Vice_59/Bench_Vice_59.STEP — 97 nodes
  [37/237] [CACHED] Bench_Vice_60/Bench_Vice_60.stp — 24 nodes
  [38/237] [CACHED] Bench_Vice_61/Bench_Vice_61.stp — 48 nodes
  [39/237] [CACHED] Bench_Vice_65/Bench_Vice_65.stp — 28 nodes
  [40/237] [CACHED] Bench_Vice_66/Bench_Vice_66.step — 26 nodes
  [41/237] [CACHED] Bench_Vice_67/Bench_Vice_67.stp — 26 nodes
  [42/237] [CACHED] Bench_Vice_68/Bench_Vice_68.stp — 24 nodes
  [43/237] [CACHED] Bench_Vice_69/Bench_Vice_69.stp — 22 nodes
  [44/237] [CACHED] Bench_Vice_72/Bench_Vice_72.stp — 25 nodes
  [45/237] [CACHED] Bench_Vice_73/Bench_Vice_73.stp — 2 nodes
  [46/237] [CACHED] Bench_Vice_74/Bench_Vice_74.stp — 15 nodes
  [47/237] [CACHED] Bench_Vice_75/Bench_Vice_75.STEP — 33 nodes
  [48/237] [CACHED] Bench_Vice_76/Bench_Vice_76.stp — 37 nodes
  [49/237] [CACHED] Bench_Vice_77/Bench_Vice_77.STEP — 6 nodes
  [50/237] [CACHED] Bench_Vice_78/Bench_Vice_78.STEP — 35 nodes
  [51/237] [CACHED] Bench_Vice_79/Bench_Vice_79.STEP — 19 nodes
  [52/237] [CACHED] Bench_Vice_80/Bench_Vice_80.STEP — 16 nodes
  [53/237] [CACHED] Bench_Vice_81/Bench_Vice_81.stp — 36 nodes
  [54/237] [CACHED] Bench_Vice_82/Bench_Vice_82.stp — 41 nodes
  [55/237] [CACHED] C_Clamps_01/C_Clamps_01.stp — 8 nodes
  [56/237] [CACHED] C_Clamps_03/C_Clamps_03.STEP — 10 nodes
  [57/237] [CACHED] C_Clamps_04/C_Clamps_04.stp — 10 nodes
  [58/237] [CACHED] C_Clamps_05/C_Clamps_05.STEP — 5 nodes
  [59/237] [CACHED] C_Clamps_06/C_Clamps_06.stp — 9 nodes
  [60/237] [CACHED] C_Clamps_07/C_Clamps_07.stp — 7 nodes
  [61/237] [CACHED] C_Clamps_08/C_Clamps_08.stp — 2 nodes
  [62/237] [CACHED] C_Clamps_09/C_Clamps_09.STEP — 9 nodes
  [63/237] [CACHED] C_Clamps_10/C_Clamps_10.stp — 7 nodes
  [64/237] [CACHED] C_Clamps_11/C_Clamps_11.STEP — 2 nodes
  [65/237] [CACHED] C_Clamps_12/C_Clamps_12.stp — 5 nodes
  [66/237] [CACHED] C_Clamps_13/C_Clamps_13.STEP — 6 nodes
  [67/237] [CACHED] C_Clamps_14/C_Clamps_14.STEP — 4 nodes
  [68/237] [CACHED] C_Clamps_15/C_Clamps_15.stp — 4 nodes
  [69/237] [CACHED] C_Clamps_16/C_Clamps_16.stp — 10 nodes
  [70/237] [CACHED] C_Clamps_18/C_Clamps_18.stp — 3 nodes
  [71/237] [CACHED] C_Clamps_19/C_Clamps_19.stp — 6 nodes
  [72/237] [CACHED] C_Clamps_20/C_Clamps_20.stp — 2 nodes
  [73/237] [CACHED] C_Clamps_21/C_Clamps_21.STEP — 6 nodes
  [74/237] [CACHED] C_Clamps_22/C_Clamps_22.stp — 7 nodes
  [75/237] [CACHED] C_Clamps_23/C_Clamps_23.STEP — 16 nodes
  [76/237] [CACHED] C_Clamps_26/C_Clamps_26.stp — 11 nodes
  [77/237] [CACHED] C_Clamps_28/C_Clamps_28.step — 10 nodes
  [78/237] [CACHED] C_Clamps_29/C_Clamps_29.stp — 7 nodes
  [79/237] [CACHED] C_Clamps_31/C_Clamps_31.stp — 6 nodes
  [80/237] [CACHED] C_Clamps_32/C_Clamps_32.step — 10 nodes
  [81/237] [CACHED] C_Clamps_33/C_Clamps_33.stp — 9 nodes
  [82/237] [CACHED] C_Clamps_36/C_Clamps_36.STEP — 5 nodes
  [83/237] [CACHED] C_Clamps_37/C_Clamps_37.step — 5 nodes
  [84/237] [CACHED] C_Clamps_38/C_Clamps_38.STEP — 8 nodes
  [85/237] [CACHED] C_Clamps_40/C_Clamps_40.stp — 4 nodes
  [86/237] [CACHED] Crane_Hook_01/Crane_Hook_01.stp — 33 nodes
  [87/237] [CACHED] Crane_Hook_02/Crane_Hook_02.STEP — 35 nodes
  [88/237] [CACHED] Crane_Hook_04/Crane_Hook_04.STEP — 44 nodes
  [89/237] [CACHED] Crane_Hook_05/Crane_Hook_05.STEP — 15 nodes
  [90/237] [CACHED] Crane_Hook_06/Crane_Hook_06.step — 20 nodes
  [91/237] [CACHED] Crane_Hook_07/Crane_Hook_07.stp — 46 nodes
  [92/237] [CACHED] Crane_Hook_09/Crane_Hook_09.step — 28 nodes
  [93/237] [CACHED] Crane_Hook_10/Crane_Hook_10.stp — 46 nodes
  [94/237] [CACHED] Crane_Hook_11/Crane_Hook_11.stp — 19 nodes
  [95/237] [CACHED] Crane_Hook_12/Crane_Hook_12.stp — 53 nodes
  [96/237] [CACHED] Crane_Hook_13/Crane_Hook_13.stp — 28 nodes
  [97/237] [CACHED] Crane_Hook_15/Crane_Hook_15.STEP — 86 nodes
  [98/237] [CACHED] Crane_Hook_17/Crane_Hook_17.stp — 49 nodes
  [99/237] [CACHED] Crane_Hook_21/Crane_Hook_21.STEP — 57 nodes
  [100/237] [CACHED] Crane_Hook_22/Crane_Hook_22.STEP — 66 nodes
  [101/237] [CACHED] Crane_Hook_23/Crane_Hook_23.step — 24 nodes
  [102/237] [CACHED] Crane_Hook_24/Crane_Hook_24.stp — 46 nodes
  [103/237] [CACHED] Crane_Hook_25/Crane_Hook_25.stp — 46 nodes
  [104/237] [CACHED] Crane_Hook_26/Crane_Hook_26.stp — 53 nodes
  [105/237] [CACHED] Crane_Hook_27/Crane_Hook_27.stp — 53 nodes
  [106/237] [CACHED] Crane_Hook_28/Crane_Hook_28.STEP — 86 nodes
  [107/237] [CACHED] Crane_Hook_29/Crane_Hook_29.stp — 49 nodes
  [108/237] [CACHED] Crane_Hook_30/Crane_Hook_30.STEP — 57 nodes
  [109/237] [CACHED] Crane_Hook_31/Crane_Hook_31.stp — 53 nodes
  [110/237] [CACHED] Crane_Hook_32/Crane_Hook_32.step — 86 nodes
  [111/237] [CACHED] Gate_Valve_02/Gate_Valve_02.STEP — 4 nodes
  [112/237] [CACHED] Gate_Valve_03/Gate_Valve_03.stp — 40 nodes
  [113/237] [CACHED] Gate_Valve_04/Gate_Valve_04.stp — 63 nodes
  [114/237] [CACHED] Gate_Valve_05/Gate_Valve_05.stp — 87 nodes
  [115/237] [CACHED] Gate_Valve_06/Gate_Valve_06.stp — 41 nodes
  [116/237] [CACHED] Gate_Valve_07/Gate_Valve_07.stp — 69 nodes
  [117/237] [CACHED] Gate_Valve_10/Gate_Valve_10.stp — 61 nodes
  [118/237] [CACHED] Gate_Valve_11/Gate_Valve_11.STEP — 47 nodes
  [119/237] [CACHED] Gate_Valve_14/Gate_Valve_14.stp — 59 nodes
  [120/237] [CACHED] Gate_Valve_15/Gate_Valve_15.stp — 51 nodes
  [121/237] [CACHED] Gate_Valve_23/Gate_Valve_23.STEP — 35 nodes
  [122/237] [CACHED] Gate_Valve_24/Gate_Valve_24.STEP — 81 nodes
  [123/237] Parsing: Gate_Valve_25/Gate_Valve_2543465.STEP
    [skip] Gate_Valve_2543465.STEP: timeout after 300s
  [TIMEOUT] Gate_Valve_25/Gate_Valve_2543465.STEP (300.6s)
  [124/237] [CACHED] Gate_Valve_31/Gate_Valve_31.STEP — 4 nodes
  [125/237] [CACHED] Gate_Valve_34/Gate_Valve_34.stp — 62 nodes
  [126/237] [CACHED] Gate_Valve_35/Gate_Valve_35.step — 43 nodes
  [127/237] [CACHED] Gate_Valve_36/Gate_Valve_36.STEP — 93 nodes
  [128/237] [CACHED] Gate_Valve_37/Gate_Valve_37.step — 2 nodes
  [129/237] [CACHED] Gate_Valve_38/Gate_Valve_38.stp — 176 nodes
  [130/237] [CACHED] Gate_Valve_39/Gate_Valve_39.STEP — 35 nodes
  [131/237] Parsing: Gate_Valve_40/Gate_Valve_40.STEP
    [skip] Gate_Valve_40.STEP: timeout after 300s
  [TIMEOUT] Gate_Valve_40/Gate_Valve_40.STEP (300.6s)
  [132/237] Parsing: Gate_Valve_41/Gate_Valve_41.STEP
    [skip] Gate_Valve_41.STEP: timeout after 300s
  [TIMEOUT] Gate_Valve_41/Gate_Valve_41.STEP (300.6s)
  [133/237] Parsing: Gate_Valve_42/Gate_Valve_42.step
    [skip] Gate_Valve_42.step: timeout after 300s
  [TIMEOUT] Gate_Valve_42/Gate_Valve_42.step (300.6s)
  [134/237] [CACHED] Gate_Valve_43/Gate_Valve_43.stp — 62 nodes
  [135/237] [CACHED] Gate_Valve_44/Gate_Valve_44.step — 43 nodes
  [136/237] [CACHED] Gate_Valve_45/Gate_Valve_45.STEP — 97 nodes
  [137/237] [CACHED] Gate_Valve_46/Gate_Valve_46.step — 43 nodes
  [138/237] [CACHED] Gate_Valve_47/Gate_Valve_47.stp — 176 nodes
  [139/237] [CACHED] Gate_Valve_48/Gate_Valve_48.step — 148 nodes
  [140/237] [CACHED] Pipe_Vice_01/Pipe_Vice_01.stp — 10 nodes
  [141/237] [CACHED] Pipe_Vice_03/Pipe_Vice_03.STEP — 6 nodes
  [142/237] [CACHED] Pipe_Vice_04/Pipe_Vice_04.stp — 6 nodes
  [143/237] [CACHED] Pipe_Vice_07/Pipe_Vice_07.STEP — 20 nodes
  [144/237] [CACHED] Pipe_Vice_08/Pipe_Vice_08.STEP — 5 nodes
  [145/237] [CACHED] Pipe_Vice_09/Pipe_Vice_09.STEP — 7 nodes
  [146/237] [CACHED] Pipe_Vice_10/Pipe_Vice_10.stp — 11 nodes
  [147/237] [CACHED] Pipe_Vice_11/Pipe_Vice_11.STEP — 36 nodes
  [148/237] [CACHED] Pipe_Vice_14/Pipe_Vice_14.stp — 10 nodes
  [149/237] [CACHED] Pipe_Vice_15/Pipe_Vice_15.STEP — 6 nodes
  [150/237] [CACHED] Pipe_Vice_16/Pipe_Vice_16.stp — 21 nodes
  [151/237] [CACHED] Pipe_Vice_17/Pipe_Vice_17.step — 16 nodes
  [152/237] [CACHED] Pipe_Vice_19/Pipe_Vice_19.stp — 16 nodes
  [153/237] [CACHED] Pipe_Vice_20/Pipe_Vice_20.stp — 20 nodes
  [154/237] [CACHED] Pipe_Vice_21/Pipe_Vice_21.step — 3 nodes
  [155/237] [CACHED] Pipe_Vice_22/Pipe_Vice_22.stp — 8 nodes
  [156/237] [CACHED] Pipe_Vice_23/Pipe_Vice_23.STEP — 21 nodes
  [157/237] [CACHED] Pipe_Vice_24/Pipe_Vice_24.stp — 10 nodes
  [158/237] [CACHED] Pipe_Vice_25/Pipe_Vice_25.stp — 16 nodes
  [159/237] [CACHED] Pipe_Vice_27/Pipe_Vice_27.STEP — 17 nodes
  [160/237] [CACHED] Pipe_Vice_28/Pipe_Vice_28.stp — 7 nodes
  [161/237] [CACHED] Pipe_Vice_29/Pipe_Vice_29.stp — 6 nodes
  [162/237] [CACHED] Pipe_Vice_30/Pipe_Vice_30.STEP — 6 nodes
  [163/237] [CACHED] Pipe_Vice_31/Pipe_Vice_31.stp — 7 nodes
  [164/237] [CACHED] Pipe_Vice_32/Pipe_Vice_32.stp — 9 nodes
  [165/237] [CACHED] Pipe_Vice_33/Pipe_Vice_33.stp — 6 nodes
  [166/237] [CACHED] Pipe_Vice_35/Pipe_Vice_35.stp — 10 nodes
  [167/237] [CACHED] Pipe_Vice_36/Pipe_Vice_36.STEP — 7 nodes
  [168/237] [CACHED] Pipe_Vice_37/Pipe_Vice_37.stp — 8 nodes
  [169/237] [CACHED] Pipe_Vice_38/Pipe_Vice_38.stp — 10 nodes
  [170/237] [CACHED] Pipe_Vice_40/Pipe_Vice_40.stp — 39 nodes
  [171/237] [CACHED] Pipe_Vice_41/Pipe_Vice_41.stp — 5 nodes
  [172/237] [CACHED] Pipe_Vice_42/Pipe_Vice_42.stp — 6 nodes
  [173/237] [CACHED] Pipe_Vice_43/Pipe_Vice_43.stp — 15 nodes
  [174/237] [CACHED] Pipe_Vice_44/Pipe_Vice_44.STEP — 39 nodes
  [175/237] [CACHED] Pipe_Vice_45/Pipe_Vice_45.STEP — 30 nodes
  [176/237] [CACHED] Pipe_Vice_46/Pipe_Vice_46.stp — 6 nodes
  [177/237] [CACHED] Pipe_Vice_48/Pipe_Vice_48.step — 8 nodes
  [178/237] [CACHED] Pipe_Vice_49/Pipe_Vice_49.STEP — 19 nodes
  [179/237] [CACHED] Pipe_Vice_50/Pipe_Vice_50.stp — 8 nodes
  [180/237] [CACHED] Pipe_Vice_51/Pipe_Vice_51.step — 6 nodes
  [181/237] [CACHED] Pipe_Vice_53/Pipe_Vice_53.step — 5 nodes
  [182/237] [CACHED] Press_Tool_02/Press_Tool_02.stp — 10 nodes
  [183/237] [CACHED] Press_Tool_04/Press_Tool_04.stp — 98 nodes
  [184/237] [CACHED] Press_Tool_05/Press_Tool_05.stp — 14 nodes
  [185/237] [CACHED] Press_Tool_06/Press_Tool_06.STEP — 10 nodes
  [186/237] [CACHED] Press_Tool_07/Press_Tool_07.stp — 170 nodes
  [187/237] [CACHED] Press_Tool_08/Press_Tool_08.step — 178 nodes
  [188/237] [CACHED] Press_Tool_09/Press_Tool_09.STEP — 89 nodes
  [189/237] [CACHED] Press_Tool_10/Press_Tool_10.step — 145 nodes
  [190/237] [CACHED] Press_Tool_12/Press_Tool_12.STEP — 198 nodes
  [191/237] [CACHED] Press_Tool_13/Press_Tool_13.stp — 10 nodes
  [192/237] [CACHED] Press_Tool_14/Press_Tool_14.stp — 10 nodes
  [193/237] [CACHED] Press_Tool_15/Press_Tool_15.stp — 10 nodes
  [194/237] [CACHED] Press_Tool_16/Press_Tool_16.stp — 10 nodes
  [195/237] [CACHED] Press_Tool_17/Press_Tool_17.step — 10 nodes
  [196/237] [CACHED] Press_Tool_18/Press_Tool_18.step — 8 nodes
  [197/237] [CACHED] Press_Tool_19/Press_Tool_19.step — 37 nodes
  [198/237] [CACHED] Press_Tool_21/Press_Tool_21.stp — 43 nodes
  [199/237] [CACHED] Press_Tool_23/Press_Tool_23.stp — 10 nodes
  [200/237] [CACHED] Press_Tool_24/Press_Tool_24.STEP — 10 nodes
  [201/237] [CACHED] Press_Tool_25/Press_Tool_25.stp — 14 nodes
  [202/237] [CACHED] Press_Tool_26/Press_Tool_26.step — 16 nodes
  [203/237] [CACHED] Press_Tool_27/Press_Tool_27.step — 10 nodes
  [204/237] [CACHED] Press_Tool_28/Press_Tool_28.STEP — 85 nodes
  [205/237] [CACHED] Press_Tool_29/Press_Tool_29.step — 84 nodes
  [206/237] [CACHED] Press_Tool_30/Press_Tool_30.STEP — 84 nodes
  [207/237] [CACHED] Press_Tool_31/Press_Tool_31.stp — 10 nodes
  [208/237] [CACHED] Press_Tool_32/Press_Tool_32.stp — 10 nodes
  [209/237] [CACHED] Press_Tool_33/Press_Tool_33.stp — 10 nodes
  [210/237] [CACHED] Press_Tool_34/Press_Tool_34.stp — 10 nodes
  [211/237] [CACHED] Press_Tool_35/Press_Tool_35.step — 10 nodes
  [212/237] [CACHED] Press_Tool_36/Press_Tool_36.step — 10 nodes
  [213/237] [CACHED] Tool_Post_01/Tool_Post_01.step — 31 nodes
  [214/237] [CACHED] Tool_Post_02/Tool_Post_02.stp — 28 nodes
  [215/237] [CACHED] Tool_Post_05/Tool_Post_05.STEP — 54 nodes
  [216/237] [CACHED] Tool_Post_08/Tool_Post_08.stp — 15 nodes
  [217/237] [CACHED] Tool_Post_10/Tool_Post_10.stp — 50 nodes
  [218/237] [CACHED] Tool_Post_13/Tool_Post_13.stp — 27 nodes
  [219/237] [CACHED] Tool_Post_14/Tool_Post_14.stp — 24 nodes
  [220/237] [CACHED] Tool_Post_17/Tool_Post_17.STEP — 31 nodes
  [221/237] [CACHED] Tool_Post_18/Tool_Post_18.step — 31 nodes
  [222/237] [CACHED] Tool_Post_19/Tool_Post_19.step — 31 nodes
  [223/237] [CACHED] Tool_Post_20/Tool_Post_20.stp — 28 nodes
  [224/237] [CACHED] Tool_Post_21/Tool_Post_21.STEP — 54 nodes
  [225/237] [CACHED] Tool_Post_22/Tool_Post_22.STEP — 54 nodes
  [226/237] [CACHED] Tool_Post_23/Tool_Post_23.stp — 12 nodes
  [227/237] [CACHED] Tool_Post_24/Tool_Post_24.stp — 12 nodes
  [228/237] [CACHED] Tool_Post_25/Tool_Post_25.stp — 50 nodes
  [229/237] [CACHED] Tool_Post_26/Tool_Post_26.stp — 50 nodes
  [230/237] [CACHED] Tool_Post_27/Tool_Post_27.stp — 25 nodes
  [231/237] [CACHED] Tool_Post_28/Tool_Post_28.stp — 25 nodes
  [232/237] [CACHED] Tool_Post_29/Tool_Post_29.stp — 24 nodes
  [233/237] [CACHED] Tool_Post_30/Tool_Post_30.stp — 24 nodes
  [234/237] [CACHED] Tool_Post_31/Tool_Post_31.STEP — 22 nodes
  [235/237] [CACHED] Tool_Post_32/Tool_Post_32.STEP — 20 nodes
  [236/237] [CACHED] Tool_Post_33/Tool_Post_33.STEP — 19 nodes
  [237/237] [CACHED] Tool_Post_34/Tool_Post_34.stp — 31 nodes
  Parsed 0 new  |  cached: 233  errors: 0  timeouts: 4

  Retrying 4 timed-out file(s) with 600s budget …
  [RETRY] Parsing: Gate_Valve_25/Gate_Valve_2543465.STEP
    [skip] Gate_Valve_2543465.STEP: timeout after 600s
  [RETRY-TIMEOUT] Gate_Valve_25/Gate_Valve_2543465.STEP (600.2s) — giving up
  [RETRY] Parsing: Gate_Valve_40/Gate_Valve_40.STEP
    [skip] Gate_Valve_40.STEP: timeout after 600s
  [RETRY-TIMEOUT] Gate_Valve_40/Gate_Valve_40.STEP (600.1s) — giving up
  [RETRY] Parsing: Gate_Valve_41/Gate_Valve_41.STEP
    [skip] Gate_Valve_41.STEP: timeout after 600s
  [RETRY-TIMEOUT] Gate_Valve_41/Gate_Valve_41.STEP (600.2s) — giving up
  [RETRY] Parsing: Gate_Valve_42/Gate_Valve_42.step
    [skip] Gate_Valve_42.step: timeout after 600s
  [RETRY-TIMEOUT] Gate_Valve_42/Gate_Valve_42.step (600.2s) — giving up
  Recovered 0/4 previously-timed-out file(s)  |  remaining timeouts: 4
  Using 233 real assembly graph(s) — no synthetic data.
  Saved 233 graphs → data/processed/processed/data.pt
  Saved source paths    → data/processed/processed/sources.json
  Saved categories      → data/processed/processed/categories.json
Done!
      233 graphs loaded.
      Dataset: 233 graphs | mean nodes=30.5 | mean edges=91.3 | categories: Bench_vice=54 C_Clamps=31 Crane_hook=25 Gate_Valve=25 Pipe_vice=42 Press_Tool=31 Tool_Post=25

[2/4] Building model …  (5-fold CV)

  Resuming from fold 1 — loading prior checkpoints …
Model built on mps  |  total params: 2,441,809
    [DIAG] graph 44: 2 nodes, 2 dir-edges, 1 pos, requested 1 neg but only 0 possible
/Users/mbp/Documents/MTECH/Sem4/Individual_project/AI_Assisted_3D_Assembly_Design/AI-Assisted-3D-Assembly-Design/.venv/lib/python3.12/site-packages/torch_geometric/transforms/base_transform.py:32: UserWarning: There are not enough negative edges to satisfy the provided sampling ratio. The ratio will be adjusted to 0.00.
  return self.forward(copy.copy(data))
    [DIAG] graph 60: 2 nodes, 2 dir-edges, 1 pos, requested 1 neg but only 0 possible
    [DIAG] graph 63: 2 nodes, 2 dir-edges, 1 pos, requested 1 neg but only 0 possible
    [DIAG] graph 71: 2 nodes, 2 dir-edges, 1 pos, requested 1 neg but only 0 possible
    [DIAG] graph 126: 2 nodes, 2 dir-edges, 1 pos, requested 1 neg but only 0 possible
  Fold 1/5 — train: 162  val: 41  test: 30
  Fold 1: AUC=0.8209  AP=0.7936  (from checkpoint, random=0.5000)

[3/4] Training (5 folds) …

=======================================================
  FOLD 2 / 5
=======================================================
/Users/mbp/Documents/MTECH/Sem4/Individual_project/AI_Assisted_3D_Assembly_Design/AI-Assisted-3D-Assembly-Design/.venv/lib/python3.12/site-packages/torch_geometric/transforms/base_transform.py:32: UserWarning: There are not enough negative edges to satisfy the provided sampling ratio. The ratio will be adjusted to 0.00.
  return self.forward(copy.copy(data))
    [DIAG] graph 63: 2 nodes, 2 dir-edges, 1 pos, requested 1 neg but only 0 possible
    [DIAG] graph 44: 2 nodes, 2 dir-edges, 1 pos, requested 1 neg but only 0 possible
    [DIAG] graph 60: 2 nodes, 2 dir-edges, 1 pos, requested 1 neg but only 0 possible
    [DIAG] graph 71: 2 nodes, 2 dir-edges, 1 pos, requested 1 neg but only 0 possible
    [DIAG] graph 126: 2 nodes, 2 dir-edges, 1 pos, requested 1 neg but only 0 possible
  Fold 2/5 — train: 162  val: 41  test: 30
Model built on mps  |  total params: 2,441,809
    batch 1/11
    batch 6/11
    batch 11/11
  Ep   1/200  loss=1.7488  AUC=0.5815  AP=0.5918  smoothAUC=0.5815  (56.8s)
  ✓ Fold 2 new best smoothed AUC=0.5815  saved.
    batch 1/11
    batch 6/11
    batch 11/11
  Ep   2/200  loss=1.6619  AUC=0.5477  AP=0.5215  smoothAUC=0.5646  (67.4s)
    batch 1/11
    batch 6/11
    batch 11/11
  Ep   3/200  loss=1.6313  AUC=0.5681  AP=0.5532  smoothAUC=0.5658  (55.7s)
    batch 1/11
    batch 6/11
    batch 11/11
  Ep   4/200  loss=1.6156  AUC=0.5888  AP=0.5732  smoothAUC=0.5682  (96.0s)
    batch 1/11
    batch 6/11
    batch 11/11
  Ep   5/200  loss=1.5353  AUC=0.6204  AP=0.5992  smoothAUC=0.5924  (80.6s)
  ✓ Fold 2 new best smoothed AUC=0.5924  saved.
    batch 1/11
    batch 6/11
    batch 11/11
  Ep   6/200  loss=1.5081  AUC=0.6207  AP=0.5933  smoothAUC=0.6100  (100.0s)
  ✓ Fold 2 new best smoothed AUC=0.6100  saved.
    batch 1/11
    batch 6/11
    batch 11/11
  Ep   7/200  loss=1.5698  AUC=0.6033  AP=0.6027  smoothAUC=0.6148  (92.8s)
  ✓ Fold 2 new best smoothed AUC=0.6148  saved.
    batch 1/11
    batch 6/11
    batch 11/11
  Ep   8/200  loss=1.4631  AUC=0.6023  AP=0.6027  smoothAUC=0.6088  (131.7s)
    batch 1/11
    [swap-guard] 92.4% swap used (batch 3/11) -- pausing 3s for extra cleanup
    batch 6/11
    batch 11/11
  Ep   9/200  loss=1.4804  AUC=0.6306  AP=0.6043  smoothAUC=0.6121  (138.4s)
    batch 1/11
    batch 6/11
    batch 11/11
  Ep  10/200  loss=1.5509  AUC=0.6417  AP=0.6331  smoothAUC=0.6249  (85.0s)
  ✓ Fold 2 new best smoothed AUC=0.6249  saved.
    batch 1/11
    batch 6/11
    batch 11/11
  Ep  11/200  loss=1.4652  AUC=0.6128  AP=0.6186  smoothAUC=0.6284  (91.9s)
  ✓ Fold 2 new best smoothed AUC=0.6284  saved.
    batch 1/11
    batch 6/11
    batch 11/11
  Ep  12/200  loss=1.3977  AUC=0.6153  AP=0.6464  smoothAUC=0.6233  (91.9s)
    batch 1/11
    batch 6/11
    batch 11/11
  Ep  13/200  loss=1.4470  AUC=0.6243  AP=0.6305  smoothAUC=0.6175  (97.5s)
    batch 1/11
    batch 6/11
    batch 11/11
  Ep  14/200  loss=1.3501  AUC=0.6438  AP=0.6476  smoothAUC=0.6278  (121.2s)
    batch 1/11
    batch 6/11
    batch 11/11
  Ep  15/200  loss=1.3412  AUC=0.6705  AP=0.6607  smoothAUC=0.6462  (100.2s)
  ✓ Fold 2 new best smoothed AUC=0.6462  saved.
    batch 1/11
    batch 6/11
    batch 11/11
  Ep  16/200  loss=1.2634  AUC=0.6604  AP=0.6595  smoothAUC=0.6582  (228.9s)
  ✓ Fold 2 new best smoothed AUC=0.6582  saved.
    batch 1/11
    batch 6/11
    batch 11/11
  Ep  17/200  loss=1.2799  AUC=0.6559  AP=0.6518  smoothAUC=0.6623  (156.5s)
  ✓ Fold 2 new best smoothed AUC=0.6623  saved.
    batch 1/11
    [swap-guard] 95.1% swap used (batch 3/11) -- pausing 3s for extra cleanup
    batch 6/11
    batch 11/11
  Ep  18/200  loss=1.2877  AUC=0.6750  AP=0.6927  smoothAUC=0.6638  (103.2s)
  ✓ Fold 2 new best smoothed AUC=0.6638  saved.
    batch 1/11
    batch 6/11
    [swap-guard] 93.8% swap used (batch 6/11) -- pausing 3s for extra cleanup
    [swap-guard] 94.2% swap used (batch 9/11) -- pausing 3s for extra cleanup
    batch 11/11
  Ep  19/200  loss=1.3403  AUC=0.6686  AP=0.6607  smoothAUC=0.6665  (125.8s)
  ✓ Fold 2 new best smoothed AUC=0.6665  saved.
    batch 1/11
    [swap-guard] 90.6% swap used (batch 3/11) -- pausing 3s for extra cleanup
    batch 6/11
    [swap-guard] 91.7% swap used (batch 6/11) -- pausing 3s for extra cleanup
    batch 11/11
    [swap-guard] 90.7% swap used (fold 2 epoch 20 val) -- pausing 3s for extra cleanup
  Ep  20/200  loss=1.2881  AUC=0.6467  AP=0.6063  smoothAUC=0.6634  (189.6s)
    batch 1/11
    batch 6/11
    batch 11/11
  Ep  21/200  loss=1.2668  AUC=0.6499  AP=0.6294  smoothAUC=0.6550  (232.9s)
    batch 1/11
    batch 6/11
    batch 11/11
  Ep  22/200  loss=1.2201  AUC=0.6594  AP=0.6393  smoothAUC=0.6520  (136.9s)
    batch 1/11
    [swap-guard] 92.2% swap used (batch 3/11) -- pausing 3s for extra cleanup
    batch 6/11
    [swap-guard] 91.3% swap used (batch 6/11) -- pausing 3s for extra cleanup
    batch 11/11
  Ep  23/200  loss=1.1272  AUC=0.6503  AP=0.6153  smoothAUC=0.6532  (135.6s)
    batch 1/11
    batch 6/11
    [swap-guard] 93.6% swap used (batch 6/11) -- pausing 3s for extra cleanup
    batch 11/11
    [swap-guard] 92.9% swap used (epoch end) -- pausing 3s for extra cleanup
  Ep  24/200  loss=1.1755  AUC=0.6662  AP=0.6492  smoothAUC=0.6586  (196.3s)
    batch 1/11
    batch 6/11
    [swap-guard] 93.4% swap used (batch 9/11) -- pausing 3s for extra cleanup
    batch 11/11
    [swap-guard] 90.3% swap used (epoch end) -- pausing 3s for extra cleanup
  Ep  25/200  loss=1.1506  AUC=0.6900  AP=0.6485  smoothAUC=0.6688  (216.3s)
  ✓ Fold 2 new best smoothed AUC=0.6688  saved.
    batch 1/11
    [swap-guard] 92.3% swap used (batch 3/11) -- pausing 3s for extra cleanup
    batch 6/11
    [swap-guard] 90.8% swap used (batch 6/11) -- pausing 3s for extra cleanup
    batch 11/11
  Ep  26/200  loss=1.1167  AUC=0.7061  AP=0.6641  smoothAUC=0.6874  (141.8s)
  ✓ Fold 2 new best smoothed AUC=0.6874  saved.
    batch 1/11
    batch 6/11
    batch 11/11
    [swap-guard] 92.4% swap used (epoch end) -- pausing 3s for extra cleanup
  Ep  27/200  loss=1.0980  AUC=0.6848  AP=0.6490  smoothAUC=0.6936  (132.1s)
  ✓ Fold 2 new best smoothed AUC=0.6936  saved.
    batch 1/11
    batch 6/11
    batch 11/11
    [swap-guard] 92.4% swap used (fold 2 epoch 28 val) -- pausing 3s for extra cleanup
  Ep  28/200  loss=1.1510  AUC=0.7017  AP=0.6642  smoothAUC=0.6975  (174.5s)
  ✓ Fold 2 new best smoothed AUC=0.6975  saved.
    batch 1/11
    batch 6/11
    [swap-guard] 91.7% swap used (batch 9/11) -- pausing 3s for extra cleanup
    batch 11/11
    [swap-guard] 92.3% swap used (fold 2 epoch 29 val) -- pausing 3s for extra cleanup
  Ep  29/200  loss=1.0685  AUC=0.6979  AP=0.6768  smoothAUC=0.6948  (126.8s)
    batch 1/11
    [swap-guard] 91.7% swap used (batch 3/11) -- pausing 3s for extra cleanup
    batch 6/11
    [swap-guard] 94.3% swap used (batch 6/11) -- pausing 3s for extra cleanup
    [swap-guard] 94.8% swap used (batch 9/11) -- pausing 3s for extra cleanup
    batch 11/11
    [swap-guard] 90.4% swap used (epoch end) -- pausing 3s for extra cleanup
  Ep  30/200  loss=1.1273  AUC=0.7287  AP=0.6969  smoothAUC=0.7095  (163.5s)
  ✓ Fold 2 new best smoothed AUC=0.7095  saved.
    batch 1/11
    batch 6/11
    [swap-guard] 90.7% swap used (batch 9/11) -- pausing 3s for extra cleanup
    batch 11/11
    [swap-guard] 90.8% swap used (epoch end) -- pausing 3s for extra cleanup
  Ep  31/200  loss=1.0875  AUC=0.7299  AP=0.7065  smoothAUC=0.7189  (213.6s)
  ✓ Fold 2 new best smoothed AUC=0.7189  saved.
    batch 1/11
    [swap-guard] 95.2% swap used (batch 3/11) -- pausing 3s for extra cleanup
    batch 6/11
    [swap-guard] 92.7% swap used (batch 9/11) -- pausing 3s for extra cleanup
    batch 11/11
    [swap-guard] 91.2% swap used (epoch end) -- pausing 3s for extra cleanup
  Ep  32/200  loss=1.0235  AUC=0.7280  AP=0.7165  smoothAUC=0.7289  (212.3s)
  ✓ Fold 2 new best smoothed AUC=0.7289  saved.
    batch 1/11
    [swap-guard] 92.6% swap used (batch 3/11) -- pausing 3s for extra cleanup
    batch 6/11
    [swap-guard] 92.5% swap used (batch 6/11) -- pausing 3s for extra cleanup
    batch 11/11
  Ep  33/200  loss=1.0663  AUC=0.7287  AP=0.7142  smoothAUC=0.7289  (251.1s)
    batch 1/11
    [swap-guard] 91.6% swap used (batch 3/11) -- pausing 3s for extra cleanup
    batch 6/11
    [swap-guard] 94.1% swap used (batch 6/11) -- pausing 3s for extra cleanup
    [swap-guard] 95.1% swap used (batch 9/11) -- pausing 3s for extra cleanup
    batch 11/11
  Ep  34/200  loss=1.0645  AUC=0.7026  AP=0.6881  smoothAUC=0.7198  (222.1s)
    batch 1/11
    [swap-guard] 91.2% swap used (batch 3/11) -- pausing 3s for extra cleanup
    batch 6/11
    [swap-guard] 93.7% swap used (batch 6/11) -- pausing 3s for extra cleanup
    [swap-guard] 90.5% swap used (batch 9/11) -- pausing 3s for extra cleanup
    batch 11/11
    [swap-guard] 95.2% swap used (epoch end) -- pausing 3s for extra cleanup
  Ep  35/200  loss=1.0271  AUC=0.6884  AP=0.6758  smoothAUC=0.7066  (277.3s)
    batch 1/11
    [swap-guard] 96.8% swap used (batch 3/11) -- pausing 3s for extra cleanup
    batch 6/11
    [swap-guard] 91.9% swap used (batch 6/11) -- pausing 3s for extra cleanup
    batch 11/11
  Ep  36/200  loss=1.0135  AUC=0.6977  AP=0.6911  smoothAUC=0.6962  (232.1s)
    batch 1/11
    batch 6/11
    [swap-guard] 93.4% swap used (batch 6/11) -- pausing 3s for extra cleanup
    batch 11/11
  Ep  37/200  loss=1.0242  AUC=0.7237  AP=0.7121  smoothAUC=0.7033  (301.9s)
    batch 1/11
    [swap-guard] 94.3% swap used (batch 3/11) -- pausing 3s for extra cleanup
    batch 6/11
    [swap-guard] 91.6% swap used (batch 6/11) -- pausing 3s for extra cleanup
    batch 11/11
    [swap-guard] 90.4% swap used (epoch end) -- pausing 3s for extra cleanup
    [swap-guard] 92.3% swap used (fold 2 epoch 38 val) -- pausing 3s for extra cleanup
  Ep  38/200  loss=0.9769  AUC=0.7274  AP=0.7069  smoothAUC=0.7163  (208.9s)
    batch 1/11
    batch 6/11
    batch 11/11
    [swap-guard] 94.8% swap used (epoch end) -- pausing 3s for extra cleanup
  Ep  39/200  loss=0.9748  AUC=0.7295  AP=0.6940  smoothAUC=0.7269  (154.4s)
    batch 1/11
    batch 6/11
    [swap-guard] 92.1% swap used (batch 6/11) -- pausing 3s for extra cleanup
    [swap-guard] 91.5% swap used (batch 9/11) -- pausing 3s for extra cleanup
    batch 11/11
    [swap-guard] 90.3% swap used (epoch end) -- pausing 3s for extra cleanup
    [swap-guard] 90.1% swap used (fold 2 epoch 40 val) -- pausing 3s for extra cleanup
  Ep  40/200  loss=0.9173  AUC=0.7415  AP=0.6993  smoothAUC=0.7328  (231.0s)
  ✓ Fold 2 new best smoothed AUC=0.7328  saved.
    batch 1/11
    [swap-guard] 96.2% swap used (batch 3/11) -- pausing 3s for extra cleanup
    batch 6/11
    [swap-guard] 94.3% swap used (batch 6/11) -- pausing 3s for extra cleanup
    [swap-guard] 94.3% swap used (batch 9/11) -- pausing 3s for extra cleanup
    batch 11/11
    [swap-guard] 94.7% swap used (epoch end) -- pausing 3s for extra cleanup
  Ep  41/200  loss=0.9014  AUC=0.7517  AP=0.7241  smoothAUC=0.7409  (200.8s)
  ✓ Fold 2 new best smoothed AUC=0.7409  saved.
    batch 1/11
    [swap-guard] 94.6% swap used (batch 3/11) -- pausing 3s for extra cleanup
    batch 6/11
    [swap-guard] 95.0% swap used (batch 6/11) -- pausing 3s for extra cleanup
    batch 11/11
    [swap-guard] 90.6% swap used (fold 2 epoch 42 val) -- pausing 3s for extra cleanup
  Ep  42/200  loss=0.8848  AUC=0.7190  AP=0.6986  smoothAUC=0.7374  (275.7s)
    batch 1/11
    [swap-guard] 93.7% swap used (batch 3/11) -- pausing 3s for extra cleanup
    batch 6/11
    [swap-guard] 95.6% swap used (batch 9/11) -- pausing 3s for extra cleanup
    batch 11/11
    [swap-guard] 94.5% swap used (epoch end) -- pausing 3s for extra cleanup
    [swap-guard] 90.7% swap used (fold 2 epoch 43 val) -- pausing 3s for extra cleanup
  Ep  43/200  loss=0.9073  AUC=0.7322  AP=0.7045  smoothAUC=0.7343  (219.3s)
    batch 1/11
    batch 6/11
    [swap-guard] 91.7% swap used (batch 6/11) -- pausing 3s for extra cleanup
    [swap-guard] 93.2% swap used (batch 9/11) -- pausing 3s for extra cleanup
    batch 11/11
    [swap-guard] 93.3% swap used (epoch end) -- pausing 3s for extra cleanup
  Ep  44/200  loss=1.1474  AUC=0.7468  AP=0.7231  smoothAUC=0.7326  (287.5s)
    batch 1/11
    [swap-guard] 92.8% swap used (batch 3/11) -- pausing 3s for extra cleanup
    batch 6/11
    [swap-guard] 92.4% swap used (batch 6/11) -- pausing 3s for extra cleanup
    [swap-guard] 95.9% swap used (batch 9/11) -- pausing 3s for extra cleanup
    batch 11/11
    [swap-guard] 90.5% swap used (epoch end) -- pausing 3s for extra cleanup
    [swap-guard] 91.5% swap used (fold 2 epoch 45 val) -- pausing 3s for extra cleanup
  Ep  45/200  loss=0.9474  AUC=0.7541  AP=0.7332  smoothAUC=0.7444  (245.9s)
  ✓ Fold 2 new best smoothed AUC=0.7444  saved.
    batch 1/11
    [swap-guard] 90.8% swap used (batch 3/11) -- pausing 3s for extra cleanup
    batch 6/11
    [swap-guard] 93.7% swap used (batch 6/11) -- pausing 3s for extra cleanup
    [swap-guard] 93.4% swap used (batch 9/11) -- pausing 3s for extra cleanup
    batch 11/11
    [swap-guard] 93.7% swap used (epoch end) -- pausing 3s for extra cleanup
    [swap-guard] 90.2% swap used (fold 2 epoch 46 val) -- pausing 3s for extra cleanup
  Ep  46/200  loss=0.8969  AUC=0.7519  AP=0.7260  smoothAUC=0.7509  (321.0s)
  ✓ Fold 2 new best smoothed AUC=0.7509  saved.
    batch 1/11
    batch 6/11
    [swap-guard] 95.5% swap used (batch 6/11) -- pausing 3s for extra cleanup
    [swap-guard] 94.1% swap used (batch 9/11) -- pausing 3s for extra cleanup
    batch 11/11
    [swap-guard] 94.9% swap used (epoch end) -- pausing 3s for extra cleanup
    [swap-guard] 91.1% swap used (fold 2 epoch 47 val) -- pausing 3s for extra cleanup
  Ep  47/200  loss=0.9789  AUC=0.7659  AP=0.7474  smoothAUC=0.7573  (174.4s)
  ✓ Fold 2 new best smoothed AUC=0.7573  saved.
    batch 1/11
    [swap-guard] 92.1% swap used (batch 3/11) -- pausing 3s for extra cleanup
    batch 6/11
    [swap-guard] 94.0% swap used (batch 9/11) -- pausing 3s for extra cleanup
    batch 11/11
    [swap-guard] 90.0% swap used (epoch end) -- pausing 3s for extra cleanup
    [swap-guard] 91.6% swap used (fold 2 epoch 48 val) -- pausing 3s for extra cleanup
  Ep  48/200  loss=0.8775  AUC=0.7535  AP=0.7373  smoothAUC=0.7571  (214.3s)
    batch 1/11
    [swap-guard] 95.6% swap used (batch 3/11) -- pausing 3s for extra cleanup
    batch 6/11
    [swap-guard] 93.4% swap used (batch 6/11) -- pausing 3s for extra cleanup
    batch 11/11
    [swap-guard] 93.3% swap used (epoch end) -- pausing 3s for extra cleanup
  Ep  49/200  loss=0.8230  AUC=0.7492  AP=0.7322  smoothAUC=0.7562  (199.6s)
    batch 1/11
    batch 6/11
    [swap-guard] 96.1% swap used (batch 6/11) -- pausing 3s for extra cleanup
    [swap-guard] 93.1% swap used (batch 9/11) -- pausing 3s for extra cleanup
    batch 11/11
    [swap-guard] 93.5% swap used (epoch end) -- pausing 3s for extra cleanup
  Ep  50/200  loss=0.7976  AUC=0.7611  AP=0.7490  smoothAUC=0.7546  (207.9s)
    batch 1/11
    [swap-guard] 96.0% swap used (batch 3/11) -- pausing 3s for extra cleanup
    batch 6/11
    [swap-guard] 95.7% swap used (batch 9/11) -- pausing 3s for extra cleanup
    batch 11/11
    [swap-guard] 91.2% swap used (epoch end) -- pausing 3s for extra cleanup
    [swap-guard] 92.9% swap used (fold 2 epoch 51 val) -- pausing 3s for extra cleanup
  Ep  51/200  loss=0.8212  AUC=0.7611  AP=0.7578  smoothAUC=0.7571  (262.7s)
    batch 1/11
    batch 6/11
    [swap-guard] 92.6% swap used (batch 9/11) -- pausing 3s for extra cleanup
    batch 11/11
    [swap-guard] 91.9% swap used (epoch end) -- pausing 3s for extra cleanup
  Ep  52/200  loss=0.8044  AUC=0.7743  AP=0.7675  smoothAUC=0.7655  (193.1s)
  ✓ Fold 2 new best smoothed AUC=0.7655  saved.
    batch 1/11
    [swap-guard] 93.1% swap used (batch 3/11) -- pausing 3s for extra cleanup
    batch 6/11
    [swap-guard] 94.4% swap used (batch 6/11) -- pausing 3s for extra cleanup
    [swap-guard] 96.5% swap used (batch 9/11) -- pausing 3s for extra cleanup
    batch 11/11
    [swap-guard] 91.5% swap used (epoch end) -- pausing 3s for extra cleanup
    [swap-guard] 96.0% swap used (fold 2 epoch 53 val) -- pausing 3s for extra cleanup
  Ep  53/200  loss=0.8595  AUC=0.7907  AP=0.7838  smoothAUC=0.7754  (343.1s)
  ✓ Fold 2 new best smoothed AUC=0.7754  saved.
    batch 1/11
    [swap-guard] 92.7% swap used (batch 3/11) -- pausing 3s for extra cleanup
    batch 6/11
    [swap-guard] 92.9% swap used (batch 6/11) -- pausing 3s for extra cleanup
    [swap-guard] 94.8% swap used (batch 9/11) -- pausing 3s for extra cleanup
    batch 11/11
    [swap-guard] 96.8% swap used (epoch end) -- pausing 3s for extra cleanup
    [swap-guard] 91.7% swap used (fold 2 epoch 54 val) -- pausing 3s for extra cleanup
  Ep  54/200  loss=0.8145  AUC=0.7960  AP=0.7821  smoothAUC=0.7870  (248.7s)
  ✓ Fold 2 new best smoothed AUC=0.7870  saved.
    batch 1/11
    [swap-guard] 94.9% swap used (batch 3/11) -- pausing 3s for extra cleanup
    batch 6/11
    [swap-guard] 93.6% swap used (batch 9/11) -- pausing 3s for extra cleanup
    batch 11/11
    [swap-guard] 93.2% swap used (epoch end) -- pausing 3s for extra cleanup
  Ep  55/200  loss=0.8305  AUC=0.7907  AP=0.7696  smoothAUC=0.7925  (272.0s)
  ✓ Fold 2 new best smoothed AUC=0.7925  saved.
    batch 1/11
    batch 6/11
    [swap-guard] 93.9% swap used (batch 6/11) -- pausing 3s for extra cleanup
    [swap-guard] 94.6% swap used (batch 9/11) -- pausing 3s for extra cleanup
    batch 11/11
    [swap-guard] 94.9% swap used (epoch end) -- pausing 3s for extra cleanup
  Ep  56/200  loss=0.7741  AUC=0.7681  AP=0.7507  smoothAUC=0.7850  (222.4s)
    batch 1/11
    [swap-guard] 95.4% swap used (batch 3/11) -- pausing 3s for extra cleanup
    batch 6/11
    [swap-guard] 96.8% swap used (batch 6/11) -- pausing 3s for extra cleanup
    [swap-guard] 94.7% swap used (batch 9/11) -- pausing 3s for extra cleanup
    batch 11/11
    [swap-guard] 91.7% swap used (epoch end) -- pausing 3s for extra cleanup
    [swap-guard] 92.3% swap used (fold 2 epoch 57 val) -- pausing 3s for extra cleanup
  Ep  57/200  loss=0.7852  AUC=0.7741  AP=0.7560  smoothAUC=0.7776  (277.2s)
    batch 1/11
    [swap-guard] 92.7% swap used (batch 3/11) -- pausing 3s for extra cleanup
    batch 6/11
    [swap-guard] 95.1% swap used (batch 6/11) -- pausing 3s for extra cleanup
    [swap-guard] 95.1% swap used (batch 9/11) -- pausing 3s for extra cleanup
    batch 11/11
    [swap-guard] 91.4% swap used (epoch end) -- pausing 3s for extra cleanup
    [swap-guard] 92.8% swap used (fold 2 epoch 58 val) -- pausing 3s for extra cleanup
  Ep  58/200  loss=0.7715  AUC=0.7732  AP=0.7597  smoothAUC=0.7718  (224.5s)
    batch 1/11
    [swap-guard] 92.6% swap used (batch 3/11) -- pausing 3s for extra cleanup
    batch 6/11
    batch 11/11
    [swap-guard] 91.3% swap used (epoch end) -- pausing 3s for extra cleanup
    [swap-guard] 93.1% swap used (fold 2 epoch 59 val) -- pausing 3s for extra cleanup
  Ep  59/200  loss=0.7354  AUC=0.7682  AP=0.7562  smoothAUC=0.7718  (253.1s)
    batch 1/11
    [swap-guard] 96.1% swap used (batch 3/11) -- pausing 3s for extra cleanup
    batch 6/11
    [swap-guard] 93.4% swap used (batch 6/11) -- pausing 3s for extra cleanup
    [swap-guard] 95.1% swap used (batch 9/11) -- pausing 3s for extra cleanup
    batch 11/11
    [swap-guard] 95.6% swap used (epoch end) -- pausing 3s for extra cleanup
    [swap-guard] 97.7% swap used (fold 2 epoch 60 val) -- pausing 3s for extra cleanup
  Ep  60/200  loss=0.7607  AUC=0.7755  AP=0.7603  smoothAUC=0.7723  (577.4s)
    batch 1/11
    batch 6/11
    [swap-guard] 95.7% swap used (batch 9/11) -- pausing 3s for extra cleanup
    batch 11/11
    [swap-guard] 96.6% swap used (epoch end) -- pausing 3s for extra cleanup
    [swap-guard] 95.0% swap used (fold 2 epoch 61 val) -- pausing 3s for extra cleanup
  Ep  61/200  loss=0.7813  AUC=0.7961  AP=0.7757  smoothAUC=0.7799  (675.7s)
    batch 1/11
    [swap-guard] 94.8% swap used (batch 3/11) -- pausing 3s for extra cleanup
    batch 6/11
    [swap-guard] 94.1% swap used (batch 6/11) -- pausing 3s for extra cleanup
    [swap-guard] 91.7% swap used (batch 9/11) -- pausing 3s for extra cleanup
    batch 11/11
    [swap-guard] 93.1% swap used (epoch end) -- pausing 3s for extra cleanup
    [swap-guard] 93.1% swap used (fold 2 epoch 62 val) -- pausing 3s for extra cleanup
  Ep  62/200  loss=0.7772  AUC=0.8075  AP=0.7892  smoothAUC=0.7930  (850.3s)
  ✓ Fold 2 new best smoothed AUC=0.7930  saved.
    batch 1/11
    [swap-guard] 95.8% swap used (batch 3/11) -- pausing 3s for extra cleanup
    batch 6/11
    [swap-guard] 93.9% swap used (batch 6/11) -- pausing 3s for extra cleanup
    [swap-guard] 93.6% swap used (batch 9/11) -- pausing 3s for extra cleanup
    batch 11/11
    [swap-guard] 91.1% swap used (epoch end) -- pausing 3s for extra cleanup
    [swap-guard] 96.0% swap used (fold 2 epoch 63 val) -- pausing 3s for extra cleanup
  Ep  63/200  loss=0.7794  AUC=0.8122  AP=0.7843  smoothAUC=0.8053  (1138.9s)
  ✓ Fold 2 new best smoothed AUC=0.8053  saved.
    batch 1/11
    [swap-guard] 93.6% swap used (batch 3/11) -- pausing 3s for extra cleanup
    batch 6/11
    [swap-guard] 93.7% swap used (batch 6/11) -- pausing 3s for extra cleanup
    [swap-guard] 95.9% swap used (batch 9/11) -- pausing 3s for extra cleanup
    batch 11/11
    [swap-guard] 95.7% swap used (epoch end) -- pausing 3s for extra cleanup
  Ep  64/200  loss=0.7583  AUC=0.8104  AP=0.7856  smoothAUC=0.8100  (291.5s)
  ✓ Fold 2 new best smoothed AUC=0.8100  saved.
    batch 1/11
    [swap-guard] 95.4% swap used (batch 3/11) -- pausing 3s for extra cleanup
    batch 6/11
    [swap-guard] 95.3% swap used (batch 6/11) -- pausing 3s for extra cleanup
    [swap-guard] 95.1% swap used (batch 9/11) -- pausing 3s for extra cleanup
    batch 11/11
    [swap-guard] 96.4% swap used (epoch end) -- pausing 3s for extra cleanup
    [swap-guard] 93.1% swap used (fold 2 epoch 65 val) -- pausing 3s for extra cleanup
  Ep  65/200  loss=0.7284  AUC=0.7991  AP=0.7954  smoothAUC=0.8072  (245.4s)
    batch 1/11
    [swap-guard] 92.1% swap used (batch 3/11) -- pausing 3s for extra cleanup
    batch 6/11
    [swap-guard] 95.2% swap used (batch 6/11) -- pausing 3s for extra cleanup
    [swap-guard] 95.0% swap used (batch 9/11) -- pausing 3s for extra cleanup
    batch 11/11
    [swap-guard] 93.8% swap used (epoch end) -- pausing 3s for extra cleanup
    [swap-guard] 90.1% swap used (fold 2 epoch 66 val) -- pausing 3s for extra cleanup
  Ep  66/200  loss=0.7364  AUC=0.7837  AP=0.7564  smoothAUC=0.7977  (292.3s)
    batch 1/11
    batch 6/11
    [swap-guard] 95.6% swap used (batch 6/11) -- pausing 3s for extra cleanup
    [swap-guard] 95.7% swap used (batch 9/11) -- pausing 3s for extra cleanup
    batch 11/11
    [swap-guard] 96.5% swap used (epoch end) -- pausing 3s for extra cleanup
    [swap-guard] 92.7% swap used (fold 2 epoch 67 val) -- pausing 3s for extra cleanup
  Ep  67/200  loss=0.7359  AUC=0.7935  AP=0.7708  smoothAUC=0.7921  (223.7s)
    batch 1/11
    [swap-guard] 96.0% swap used (batch 3/11) -- pausing 3s for extra cleanup
    batch 6/11
    [swap-guard] 95.9% swap used (batch 6/11) -- pausing 3s for extra cleanup
    [swap-guard] 95.5% swap used (batch 9/11) -- pausing 3s for extra cleanup
    batch 11/11
    [swap-guard] 95.8% swap used (epoch end) -- pausing 3s for extra cleanup
    [swap-guard] 92.0% swap used (fold 2 epoch 68 val) -- pausing 3s for extra cleanup
  Ep  68/200  loss=0.7341  AUC=0.8009  AP=0.7840  smoothAUC=0.7927  (287.9s)
    batch 1/11
    [swap-guard] 93.3% swap used (batch 3/11) -- pausing 3s for extra cleanup
    batch 6/11
    [swap-guard] 95.1% swap used (batch 6/11) -- pausing 3s for extra cleanup
    [swap-guard] 95.7% swap used (batch 9/11) -- pausing 3s for extra cleanup
    batch 11/11
    [swap-guard] 97.6% swap used (epoch end) -- pausing 3s for extra cleanup
    [swap-guard] 94.1% swap used (fold 2 epoch 69 val) -- pausing 3s for extra cleanup
  Ep  69/200  loss=0.7439  AUC=0.8018  AP=0.7761  smoothAUC=0.7987  (345.9s)
    batch 1/11
    [swap-guard] 92.2% swap used (batch 3/11) -- pausing 3s for extra cleanup
    batch 6/11
    [swap-guard] 95.6% swap used (batch 6/11) -- pausing 3s for extra cleanup
    [swap-guard] 95.7% swap used (batch 9/11) -- pausing 3s for extra cleanup
    batch 11/11
    [swap-guard] 95.8% swap used (epoch end) -- pausing 3s for extra cleanup
    [swap-guard] 92.3% swap used (fold 2 epoch 70 val) -- pausing 3s for extra cleanup
  Ep  70/200  loss=0.7470  AUC=0.8153  AP=0.7957  smoothAUC=0.8060  (320.1s)
    batch 1/11
    batch 6/11
    [swap-guard] 96.4% swap used (batch 6/11) -- pausing 3s for extra cleanup
    [swap-guard] 93.8% swap used (batch 9/11) -- pausing 3s for extra cleanup
    batch 11/11
    [swap-guard] 92.8% swap used (epoch end) -- pausing 3s for extra cleanup
    [swap-guard] 94.0% swap used (fold 2 epoch 71 val) -- pausing 3s for extra cleanup
  Ep  71/200  loss=0.6826  AUC=0.8083  AP=0.7816  smoothAUC=0.8085  (282.5s)
    batch 1/11
    [swap-guard] 94.8% swap used (batch 3/11) -- pausing 3s for extra cleanup
    batch 6/11
    [swap-guard] 94.1% swap used (batch 6/11) -- pausing 3s for extra cleanup
    [swap-guard] 93.6% swap used (batch 9/11) -- pausing 3s for extra cleanup
    batch 11/11
    [swap-guard] 93.2% swap used (epoch end) -- pausing 3s for extra cleanup
    [swap-guard] 94.1% swap used (fold 2 epoch 72 val) -- pausing 3s for extra cleanup
  Ep  72/200  loss=0.7118  AUC=0.8035  AP=0.7735  smoothAUC=0.8090  (362.0s)
    batch 1/11
    [swap-guard] 94.6% swap used (batch 3/11) -- pausing 3s for extra cleanup
    batch 6/11
    [swap-guard] 97.8% swap used (batch 6/11) -- pausing 3s for extra cleanup
    batch 11/11
    [swap-guard] 92.2% swap used (epoch end) -- pausing 3s for extra cleanup
    [swap-guard] 95.0% swap used (fold 2 epoch 73 val) -- pausing 3s for extra cleanup
  Ep  73/200  loss=0.6068  AUC=0.7983  AP=0.7791  smoothAUC=0.8034  (283.6s)
    batch 1/11
    [swap-guard] 94.7% swap used (batch 3/11) -- pausing 3s for extra cleanup
    batch 6/11
    [swap-guard] 93.6% swap used (batch 9/11) -- pausing 3s for extra cleanup
    batch 11/11
    [swap-guard] 92.2% swap used (epoch end) -- pausing 3s for extra cleanup
    [swap-guard] 92.6% swap used (fold 2 epoch 74 val) -- pausing 3s for extra cleanup
  Ep  74/200  loss=0.6670  AUC=0.8026  AP=0.7857  smoothAUC=0.8014  (325.8s)
    batch 1/11
    [swap-guard] 95.5% swap used (batch 3/11) -- pausing 3s for extra cleanup
    batch 6/11
    [swap-guard] 97.9% swap used (batch 6/11) -- pausing 3s for extra cleanup
    [swap-guard] 95.9% swap used (batch 9/11) -- pausing 3s for extra cleanup
    batch 11/11
    [swap-guard] 94.1% swap used (epoch end) -- pausing 3s for extra cleanup
  Ep  75/200  loss=0.6335  AUC=0.8049  AP=0.7787  smoothAUC=0.8019  (286.8s)
    batch 1/11
    [swap-guard] 93.3% swap used (batch 3/11) -- pausing 3s for extra cleanup
    batch 6/11
    [swap-guard] 94.7% swap used (batch 6/11) -- pausing 3s for extra cleanup
    [swap-guard] 95.5% swap used (batch 9/11) -- pausing 3s for extra cleanup
    batch 11/11
    [swap-guard] 95.5% swap used (epoch end) -- pausing 3s for extra cleanup
    [swap-guard] 91.6% swap used (fold 2 epoch 76 val) -- pausing 3s for extra cleanup
  Ep  76/200  loss=0.6151  AUC=0.8000  AP=0.7675  smoothAUC=0.8025  (255.7s)
    batch 1/11
    [swap-guard] 96.8% swap used (batch 3/11) -- pausing 3s for extra cleanup
    batch 6/11
    [swap-guard] 94.6% swap used (batch 9/11) -- pausing 3s for extra cleanup
    batch 11/11
    [swap-guard] 91.7% swap used (epoch end) -- pausing 3s for extra cleanup
    [swap-guard] 92.8% swap used (fold 2 epoch 77 val) -- pausing 3s for extra cleanup
  Ep  77/200  loss=0.5828  AUC=0.8062  AP=0.7720  smoothAUC=0.8037  (249.8s)
    batch 1/11
    [swap-guard] 97.3% swap used (batch 3/11) -- pausing 3s for extra cleanup
    batch 6/11
    [swap-guard] 96.3% swap used (batch 6/11) -- pausing 3s for extra cleanup
    [swap-guard] 97.2% swap used (batch 9/11) -- pausing 3s for extra cleanup
    batch 11/11
    [swap-guard] 95.3% swap used (epoch end) -- pausing 3s for extra cleanup
    [swap-guard] 91.4% swap used (fold 2 epoch 78 val) -- pausing 3s for extra cleanup
  Ep  78/200  loss=0.6064  AUC=0.8085  AP=0.7817  smoothAUC=0.8049  (253.7s)
    batch 1/11
    [swap-guard] 96.4% swap used (batch 3/11) -- pausing 3s for extra cleanup
    batch 6/11
    [swap-guard] 95.9% swap used (batch 6/11) -- pausing 3s for extra cleanup
    [swap-guard] 96.7% swap used (batch 9/11) -- pausing 3s for extra cleanup
    batch 11/11
    [swap-guard] 92.3% swap used (epoch end) -- pausing 3s for extra cleanup
    [swap-guard] 97.7% swap used (fold 2 epoch 79 val) -- pausing 3s for extra cleanup
  Ep  79/200  loss=0.6003  AUC=0.8142  AP=0.7884  smoothAUC=0.8096  (239.4s)
    batch 1/11
    [swap-guard] 95.0% swap used (batch 3/11) -- pausing 3s for extra cleanup
    batch 6/11
    [swap-guard] 98.3% swap used (batch 6/11) -- pausing 3s for extra cleanup
    [swap-guard] 95.7% swap used (batch 9/11) -- pausing 3s for extra cleanup
    batch 11/11
    [swap-guard] 92.7% swap used (epoch end) -- pausing 3s for extra cleanup
    [swap-guard] 95.7% swap used (fold 2 epoch 80 val) -- pausing 3s for extra cleanup
  Ep  80/200  loss=0.6000  AUC=0.8197  AP=0.7995  smoothAUC=0.8141  (299.1s)
  ✓ Fold 2 new best smoothed AUC=0.8141  saved.
    batch 1/11
    [swap-guard] 96.0% swap used (batch 3/11) -- pausing 3s for extra cleanup
    batch 6/11
    [swap-guard] 96.7% swap used (batch 6/11) -- pausing 3s for extra cleanup
    [swap-guard] 94.5% swap used (batch 9/11) -- pausing 3s for extra cleanup
    batch 11/11
    [swap-guard] 94.5% swap used (epoch end) -- pausing 3s for extra cleanup
  Ep  81/200  loss=0.6118  AUC=0.8164  AP=0.8005  smoothAUC=0.8168  (295.5s)
  ✓ Fold 2 new best smoothed AUC=0.8168  saved.
    batch 1/11
    batch 6/11
    [swap-guard] 96.7% swap used (batch 6/11) -- pausing 3s for extra cleanup
    [swap-guard] 93.9% swap used (batch 9/11) -- pausing 3s for extra cleanup
    batch 11/11
    [swap-guard] 96.0% swap used (epoch end) -- pausing 3s for extra cleanup
    [swap-guard] 90.3% swap used (fold 2 epoch 82 val) -- pausing 3s for extra cleanup
  Ep  82/200  loss=0.5539  AUC=0.8147  AP=0.7960  smoothAUC=0.8170  (268.6s)
  ✓ Fold 2 new best smoothed AUC=0.8170  saved.
    batch 1/11
    [swap-guard] 93.8% swap used (batch 3/11) -- pausing 3s for extra cleanup
    batch 6/11
    [swap-guard] 97.8% swap used (batch 6/11) -- pausing 3s for extra cleanup
    [swap-guard] 95.0% swap used (batch 9/11) -- pausing 3s for extra cleanup
    batch 11/11
    [swap-guard] 96.1% swap used (epoch end) -- pausing 3s for extra cleanup
    [swap-guard] 94.1% swap used (fold 2 epoch 83 val) -- pausing 3s for extra cleanup
  Ep  83/200  loss=0.6065  AUC=0.8192  AP=0.7960  smoothAUC=0.8168  (321.0s)
    batch 1/11
    [swap-guard] 96.0% swap used (batch 3/11) -- pausing 3s for extra cleanup
    batch 6/11
    [swap-guard] 95.0% swap used (batch 6/11) -- pausing 3s for extra cleanup
    [swap-guard] 95.2% swap used (batch 9/11) -- pausing 3s for extra cleanup
    batch 11/11
    [swap-guard] 94.7% swap used (epoch end) -- pausing 3s for extra cleanup
    [swap-guard] 91.2% swap used (fold 2 epoch 84 val) -- pausing 3s for extra cleanup
  Ep  84/200  loss=0.5749  AUC=0.8194  AP=0.8026  smoothAUC=0.8178  (308.2s)
  ✓ Fold 2 new best smoothed AUC=0.8178  saved.
    batch 1/11
    [swap-guard] 94.9% swap used (batch 3/11) -- pausing 3s for extra cleanup
    batch 6/11
    [swap-guard] 95.4% swap used (batch 6/11) -- pausing 3s for extra cleanup
    [swap-guard] 93.8% swap used (batch 9/11) -- pausing 3s for extra cleanup
    batch 11/11
    [swap-guard] 93.1% swap used (epoch end) -- pausing 3s for extra cleanup
    [swap-guard] 93.7% swap used (fold 2 epoch 85 val) -- pausing 3s for extra cleanup
  Ep  85/200  loss=0.5472  AUC=0.8225  AP=0.8050  smoothAUC=0.8204  (376.6s)
  ✓ Fold 2 new best smoothed AUC=0.8204  saved.
    batch 1/11
    batch 6/11
    [swap-guard] 97.1% swap used (batch 6/11) -- pausing 3s for extra cleanup
    [swap-guard] 95.9% swap used (batch 9/11) -- pausing 3s for extra cleanup
    batch 11/11
    [swap-guard] 95.4% swap used (epoch end) -- pausing 3s for extra cleanup
    [swap-guard] 90.0% swap used (fold 2 epoch 86 val) -- pausing 3s for extra cleanup
  Ep  86/200  loss=0.5466  AUC=0.8107  AP=0.7954  smoothAUC=0.8176  (298.7s)
    batch 1/11
    [swap-guard] 95.8% swap used (batch 3/11) -- pausing 3s for extra cleanup
    batch 6/11
    [swap-guard] 96.6% swap used (batch 6/11) -- pausing 3s for extra cleanup
    [swap-guard] 96.2% swap used (batch 9/11) -- pausing 3s for extra cleanup
    batch 11/11
    [swap-guard] 97.7% swap used (epoch end) -- pausing 3s for extra cleanup
    [swap-guard] 97.2% swap used (fold 2 epoch 87 val) -- pausing 3s for extra cleanup
  Ep  87/200  loss=0.5215  AUC=0.8101  AP=0.7929  smoothAUC=0.8144  (309.8s)
    batch 1/11
    [swap-guard] 96.8% swap used (batch 3/11) -- pausing 3s for extra cleanup
    batch 6/11
    [swap-guard] 94.0% swap used (batch 9/11) -- pausing 3s for extra cleanup
    batch 11/11
    [swap-guard] 95.3% swap used (epoch end) -- pausing 3s for extra cleanup
    [swap-guard] 90.8% swap used (fold 2 epoch 88 val) -- pausing 3s for extra cleanup
  Ep  88/200  loss=0.4966  AUC=0.8159  AP=0.8032  smoothAUC=0.8122  (326.3s)
    batch 1/11
    [swap-guard] 95.4% swap used (batch 3/11) -- pausing 3s for extra cleanup
    batch 6/11
    [swap-guard] 93.7% swap used (batch 6/11) -- pausing 3s for extra cleanup
    batch 11/11
    [swap-guard] 97.0% swap used (epoch end) -- pausing 3s for extra cleanup
    [swap-guard] 93.9% swap used (fold 2 epoch 89 val) -- pausing 3s for extra cleanup
  Ep  89/200  loss=0.5325  AUC=0.8187  AP=0.8044  smoothAUC=0.8149  (335.1s)
    batch 1/11
    [swap-guard] 96.1% swap used (batch 3/11) -- pausing 3s for extra cleanup
    batch 6/11
    [swap-guard] 96.4% swap used (batch 6/11) -- pausing 3s for extra cleanup
    batch 11/11
    [swap-guard] 97.2% swap used (epoch end) -- pausing 3s for extra cleanup
    [swap-guard] 93.9% swap used (fold 2 epoch 90 val) -- pausing 3s for extra cleanup
  Ep  90/200  loss=0.5740  AUC=0.8118  AP=0.7987  smoothAUC=0.8154  (280.8s)
    batch 1/11
    [swap-guard] 94.4% swap used (batch 3/11) -- pausing 3s for extra cleanup
    batch 6/11
    [swap-guard] 93.3% swap used (batch 6/11) -- pausing 3s for extra cleanup
    [swap-guard] 94.7% swap used (batch 9/11) -- pausing 3s for extra cleanup
    batch 11/11
    [swap-guard] 93.8% swap used (epoch end) -- pausing 3s for extra cleanup
    [swap-guard] 96.2% swap used (fold 2 epoch 91 val) -- pausing 3s for extra cleanup
  Ep  91/200  loss=0.6173  AUC=0.8156  AP=0.8044  smoothAUC=0.8153  (313.6s)
    batch 1/11
    [swap-guard] 97.0% swap used (batch 3/11) -- pausing 3s for extra cleanup
    batch 6/11
    [swap-guard] 94.3% swap used (batch 6/11) -- pausing 3s for extra cleanup
    [swap-guard] 95.2% swap used (batch 9/11) -- pausing 3s for extra cleanup
    batch 11/11
    [swap-guard] 97.7% swap used (epoch end) -- pausing 3s for extra cleanup
    [swap-guard] 94.0% swap used (fold 2 epoch 92 val) -- pausing 3s for extra cleanup
  Ep  92/200  loss=0.5948  AUC=0.8161  AP=0.7956  smoothAUC=0.8145  (398.7s)
    batch 1/11
    [swap-guard] 96.1% swap used (batch 3/11) -- pausing 3s for extra cleanup
    batch 6/11
    [swap-guard] 94.3% swap used (batch 6/11) -- pausing 3s for extra cleanup
    [swap-guard] 95.0% swap used (batch 9/11) -- pausing 3s for extra cleanup
    batch 11/11
    [swap-guard] 94.8% swap used (epoch end) -- pausing 3s for extra cleanup
    [swap-guard] 91.1% swap used (fold 2 epoch 93 val) -- pausing 3s for extra cleanup
  Ep  93/200  loss=0.5861  AUC=0.8133  AP=0.7904  smoothAUC=0.8150  (345.8s)
    batch 1/11
    batch 6/11
    [swap-guard] 94.3% swap used (batch 6/11) -- pausing 3s for extra cleanup
    [swap-guard] 97.2% swap used (batch 9/11) -- pausing 3s for extra cleanup
    batch 11/11
    [swap-guard] 94.0% swap used (epoch end) -- pausing 3s for extra cleanup
    [swap-guard] 98.0% swap used (fold 2 epoch 94 val) -- pausing 3s for extra cleanup
  Ep  94/200  loss=0.6643  AUC=0.8089  AP=0.7900  smoothAUC=0.8127  (492.0s)
    batch 1/11
    [swap-guard] 96.5% swap used (batch 3/11) -- pausing 3s for extra cleanup
    batch 6/11
    [swap-guard] 95.0% swap used (batch 9/11) -- pausing 3s for extra cleanup
    batch 11/11
    [swap-guard] 96.1% swap used (epoch end) -- pausing 3s for extra cleanup
    [swap-guard] 90.1% swap used (fold 2 epoch 95 val) -- pausing 3s for extra cleanup
  Ep  95/200  loss=0.5937  AUC=0.8044  AP=0.7876  smoothAUC=0.8089  (353.1s)
    batch 1/11
    [swap-guard] 97.2% swap used (batch 3/11) -- pausing 3s for extra cleanup
    batch 6/11
    [swap-guard] 96.3% swap used (batch 6/11) -- pausing 3s for extra cleanup
    [swap-guard] 95.0% swap used (batch 9/11) -- pausing 3s for extra cleanup
    batch 11/11
    [swap-guard] 96.3% swap used (epoch end) -- pausing 3s for extra cleanup
    [swap-guard] 90.4% swap used (fold 2 epoch 96 val) -- pausing 3s for extra cleanup
  Ep  96/200  loss=0.5829  AUC=0.8078  AP=0.7866  smoothAUC=0.8070  (432.3s)
    batch 1/11
    [swap-guard] 94.9% swap used (batch 3/11) -- pausing 3s for extra cleanup
    batch 6/11
    [swap-guard] 95.6% swap used (batch 6/11) -- pausing 3s for extra cleanup
    [swap-guard] 93.8% swap used (batch 9/11) -- pausing 3s for extra cleanup
    batch 11/11
    [swap-guard] 96.5% swap used (epoch end) -- pausing 3s for extra cleanup
  Ep  97/200  loss=0.6196  AUC=0.8103  AP=0.7879  smoothAUC=0.8075  (382.3s)
    batch 1/11
    [swap-guard] 97.3% swap used (batch 3/11) -- pausing 3s for extra cleanup
    batch 6/11
    [swap-guard] 94.2% swap used (batch 6/11) -- pausing 3s for extra cleanup
    batch 11/11
    [swap-guard] 96.5% swap used (epoch end) -- pausing 3s for extra cleanup
    [swap-guard] 93.0% swap used (fold 2 epoch 98 val) -- pausing 3s for extra cleanup
  Ep  98/200  loss=0.5282  AUC=0.8095  AP=0.7861  smoothAUC=0.8092  (367.3s)
    batch 1/11
    [swap-guard] 95.9% swap used (batch 3/11) -- pausing 3s for extra cleanup
    batch 6/11
    [swap-guard] 95.3% swap used (batch 6/11) -- pausing 3s for extra cleanup
    [swap-guard] 95.2% swap used (batch 9/11) -- pausing 3s for extra cleanup
    batch 11/11
    [swap-guard] 95.7% swap used (epoch end) -- pausing 3s for extra cleanup
    [swap-guard] 97.3% swap used (fold 2 epoch 99 val) -- pausing 3s for extra cleanup
  Ep  99/200  loss=0.5761  AUC=0.8111  AP=0.7899  smoothAUC=0.8103  (339.5s)
    batch 1/11
    [swap-guard] 92.1% swap used (batch 3/11) -- pausing 3s for extra cleanup
    batch 6/11
    [swap-guard] 96.9% swap used (batch 6/11) -- pausing 3s for extra cleanup
    batch 11/11
    [swap-guard] 95.2% swap used (epoch end) -- pausing 3s for extra cleanup
    [swap-guard] 93.0% swap used (fold 2 epoch 100 val) -- pausing 3s for extra cleanup
  Ep 100/200  loss=0.6236  AUC=0.8048  AP=0.7844  smoothAUC=0.8085  (381.9s)
    batch 1/11
    [swap-guard] 96.1% swap used (batch 3/11) -- pausing 3s for extra cleanup
    batch 6/11
    [swap-guard] 95.0% swap used (batch 6/11) -- pausing 3s for extra cleanup
    [swap-guard] 97.1% swap used (batch 9/11) -- pausing 3s for extra cleanup
    batch 11/11
    [swap-guard] 97.5% swap used (epoch end) -- pausing 3s for extra cleanup
    [swap-guard] 94.6% swap used (fold 2 epoch 101 val) -- pausing 3s for extra cleanup
  Ep 101/200  loss=0.5302  AUC=0.8039  AP=0.7860  smoothAUC=0.8066  (395.3s)
    batch 1/11
    [swap-guard] 95.3% swap used (batch 3/11) -- pausing 3s for extra cleanup
    batch 6/11
    [swap-guard] 95.4% swap used (batch 6/11) -- pausing 3s for extra cleanup
    batch 11/11
    [swap-guard] 95.7% swap used (epoch end) -- pausing 3s for extra cleanup
    [swap-guard] 94.5% swap used (fold 2 epoch 102 val) -- pausing 3s for extra cleanup
  Ep 102/200  loss=0.5419  AUC=0.8065  AP=0.7890  smoothAUC=0.8051  (338.5s)
    batch 1/11
    [swap-guard] 96.2% swap used (batch 3/11) -- pausing 3s for extra cleanup
    batch 6/11
    [swap-guard] 97.6% swap used (batch 6/11) -- pausing 3s for extra cleanup
    [swap-guard] 95.9% swap used (batch 9/11) -- pausing 3s for extra cleanup
    batch 11/11
    [swap-guard] 95.2% swap used (epoch end) -- pausing 3s for extra cleanup
  Ep 103/200  loss=0.5705  AUC=0.8080  AP=0.7901  smoothAUC=0.8061  (332.1s)
    batch 1/11
    [swap-guard] 94.8% swap used (batch 3/11) -- pausing 3s for extra cleanup
    batch 6/11
    [swap-guard] 96.1% swap used (batch 6/11) -- pausing 3s for extra cleanup
    [swap-guard] 96.4% swap used (batch 9/11) -- pausing 3s for extra cleanup
    batch 11/11
    [swap-guard] 97.1% swap used (epoch end) -- pausing 3s for extra cleanup
    [swap-guard] 93.4% swap used (fold 2 epoch 104 val) -- pausing 3s for extra cleanup
  Ep 104/200  loss=0.5106  AUC=0.8105  AP=0.7905  smoothAUC=0.8083  (386.7s)
    batch 1/11
    [swap-guard] 94.8% swap used (batch 3/11) -- pausing 3s for extra cleanup
    batch 6/11
    [swap-guard] 97.1% swap used (batch 6/11) -- pausing 3s for extra cleanup
    [swap-guard] 96.3% swap used (batch 9/11) -- pausing 3s for extra cleanup
    batch 11/11
    [swap-guard] 94.5% swap used (epoch end) -- pausing 3s for extra cleanup
    [swap-guard] 95.1% swap used (fold 2 epoch 105 val) -- pausing 3s for extra cleanup
  Ep 105/200  loss=0.5171  AUC=0.8103  AP=0.7897  smoothAUC=0.8096  (323.3s)

  Early stopping at epoch 105.

  Fold 2 test — AUC=0.8284  AP=0.8361  (random=0.5000)
    [swap-guard] 92.9% swap used (fold 2 boundary) -- pausing 3s for extra cleanup

=======================================================
  FOLD 3 / 5
=======================================================
/Users/mbp/Documents/MTECH/Sem4/Individual_project/AI_Assisted_3D_Assembly_Design/AI-Assisted-3D-Assembly-Design/.venv/lib/python3.12/site-packages/torch_geometric/transforms/base_transform.py:32: UserWarning: There are not enough negative edges to satisfy the provided sampling ratio. The ratio will be adjusted to 0.00.
  return self.forward(copy.copy(data))
    [DIAG] graph 44: 2 nodes, 2 dir-edges, 1 pos, requested 1 neg but only 0 possible
    [DIAG] graph 60: 2 nodes, 2 dir-edges, 1 pos, requested 1 neg but only 0 possible
    [DIAG] graph 71: 2 nodes, 2 dir-edges, 1 pos, requested 1 neg but only 0 possible
    [DIAG] graph 126: 2 nodes, 2 dir-edges, 1 pos, requested 1 neg but only 0 possible
    [DIAG] graph 63: 2 nodes, 2 dir-edges, 1 pos, requested 1 neg but only 0 possible
  Fold 3/5 — train: 162  val: 41  test: 30
Model built on mps  |  total params: 2,441,809
    batch 1/11
    [swap-guard] 98.0% swap used (batch 3/11) -- pausing 3s for extra cleanup
    batch 6/11
    [swap-guard] 93.1% swap used (batch 6/11) -- pausing 3s for extra cleanup
    [swap-guard] 94.1% swap used (batch 9/11) -- pausing 3s for extra cleanup
    batch 11/11
    [swap-guard] 93.9% swap used (epoch end) -- pausing 3s for extra cleanup
    [swap-guard] 97.5% swap used (fold 3 epoch 1 val) -- pausing 3s for extra cleanup
  Ep   1/200  loss=1.7729  AUC=0.5486  AP=0.5862  smoothAUC=0.5486  (407.6s)
  ✓ Fold 3 new best smoothed AUC=0.5486  saved.
    batch 1/11
    [swap-guard] 95.6% swap used (batch 3/11) -- pausing 3s for extra cleanup
    batch 6/11
    [swap-guard] 97.4% swap used (batch 6/11) -- pausing 3s for extra cleanup
    [swap-guard] 97.0% swap used (batch 9/11) -- pausing 3s for extra cleanup
    batch 11/11
    [swap-guard] 96.1% swap used (epoch end) -- pausing 3s for extra cleanup
    [swap-guard] 97.9% swap used (fold 3 epoch 2 val) -- pausing 3s for extra cleanup
  Ep   2/200  loss=1.6042  AUC=0.5861  AP=0.5632  smoothAUC=0.5673  (308.1s)
  ✓ Fold 3 new best smoothed AUC=0.5673  saved.
    batch 1/11
    [swap-guard] 95.3% swap used (batch 3/11) -- pausing 3s for extra cleanup
    batch 6/11
    [swap-guard] 97.4% swap used (batch 6/11) -- pausing 3s for extra cleanup
    [swap-guard] 95.0% swap used (batch 9/11) -- pausing 3s for extra cleanup
    batch 11/11
    [swap-guard] 95.7% swap used (epoch end) -- pausing 3s for extra cleanup
    [swap-guard] 98.5% swap used (fold 3 epoch 3 val) -- pausing 3s for extra cleanup
  Ep   3/200  loss=1.6181  AUC=0.6146  AP=0.5908  smoothAUC=0.5831  (332.6s)
  ✓ Fold 3 new best smoothed AUC=0.5831  saved.
    batch 1/11
    [swap-guard] 96.8% swap used (batch 3/11) -- pausing 3s for extra cleanup
    batch 6/11
    [swap-guard] 96.0% swap used (batch 6/11) -- pausing 3s for extra cleanup
    [swap-guard] 95.6% swap used (batch 9/11) -- pausing 3s for extra cleanup
    batch 11/11
    [swap-guard] 95.3% swap used (epoch end) -- pausing 3s for extra cleanup
    [swap-guard] 96.2% swap used (fold 3 epoch 4 val) -- pausing 3s for extra cleanup
  Ep   4/200  loss=1.5673  AUC=0.6301  AP=0.6211  smoothAUC=0.6102  (503.9s)
  ✓ Fold 3 new best smoothed AUC=0.6102  saved.
    batch 1/11
    batch 6/11
    [swap-guard] 96.2% swap used (batch 6/11) -- pausing 3s for extra cleanup
    [swap-guard] 96.9% swap used (batch 9/11) -- pausing 3s for extra cleanup
    batch 11/11
    [swap-guard] 96.9% swap used (epoch end) -- pausing 3s for extra cleanup
    [swap-guard] 95.4% swap used (fold 3 epoch 5 val) -- pausing 3s for extra cleanup
  Ep   5/200  loss=1.6350  AUC=0.6485  AP=0.6482  smoothAUC=0.6311  (403.3s)
  ✓ Fold 3 new best smoothed AUC=0.6311  saved.
    batch 1/11
    [swap-guard] 96.2% swap used (batch 3/11) -- pausing 3s for extra cleanup
    batch 6/11
    [swap-guard] 96.9% swap used (batch 6/11) -- pausing 3s for extra cleanup
    [swap-guard] 96.8% swap used (batch 9/11) -- pausing 3s for extra cleanup
    batch 11/11
    [swap-guard] 97.2% swap used (epoch end) -- pausing 3s for extra cleanup
    [swap-guard] 96.2% swap used (fold 3 epoch 6 val) -- pausing 3s for extra cleanup
  Ep   6/200  loss=1.5083  AUC=0.6437  AP=0.6303  smoothAUC=0.6408  (266.1s)
  ✓ Fold 3 new best smoothed AUC=0.6408  saved.
    batch 1/11
    [swap-guard] 95.4% swap used (batch 3/11) -- pausing 3s for extra cleanup
    batch 6/11
    [swap-guard] 96.0% swap used (batch 9/11) -- pausing 3s for extra cleanup
    batch 11/11
    [swap-guard] 97.1% swap used (epoch end) -- pausing 3s for extra cleanup
    [swap-guard] 95.6% swap used (fold 3 epoch 7 val) -- pausing 3s for extra cleanup
  Ep   7/200  loss=1.4494  AUC=0.6453  AP=0.6532  smoothAUC=0.6459  (306.1s)
  ✓ Fold 3 new best smoothed AUC=0.6459  saved.
    batch 1/11
    [swap-guard] 95.1% swap used (batch 3/11) -- pausing 3s for extra cleanup
    batch 6/11
    [swap-guard] 96.1% swap used (batch 6/11) -- pausing 3s for extra cleanup
    [swap-guard] 96.9% swap used (batch 9/11) -- pausing 3s for extra cleanup
    batch 11/11
    [swap-guard] 96.9% swap used (epoch end) -- pausing 3s for extra cleanup
    [swap-guard] 96.3% swap used (fold 3 epoch 8 val) -- pausing 3s for extra cleanup
  Ep   8/200  loss=1.4861  AUC=0.6195  AP=0.6279  smoothAUC=0.6362  (397.8s)
    batch 1/11
    [swap-guard] 97.2% swap used (batch 3/11) -- pausing 3s for extra cleanup
    batch 6/11
    [swap-guard] 97.0% swap used (batch 6/11) -- pausing 3s for extra cleanup
    [swap-guard] 96.9% swap used (batch 9/11) -- pausing 3s for extra cleanup
    batch 11/11
    [swap-guard] 96.3% swap used (epoch end) -- pausing 3s for extra cleanup
    [swap-guard] 95.4% swap used (fold 3 epoch 9 val) -- pausing 3s for extra cleanup
  Ep   9/200  loss=1.4612  AUC=0.6011  AP=0.5653  smoothAUC=0.6220  (338.2s)
    batch 1/11
    [swap-guard] 95.7% swap used (batch 3/11) -- pausing 3s for extra cleanup
    batch 6/11
    [swap-guard] 96.1% swap used (batch 6/11) -- pausing 3s for extra cleanup
    [swap-guard] 95.8% swap used (batch 9/11) -- pausing 3s for extra cleanup
    batch 11/11
    [swap-guard] 97.4% swap used (epoch end) -- pausing 3s for extra cleanup
    [swap-guard] 96.3% swap used (fold 3 epoch 10 val) -- pausing 3s for extra cleanup
  Ep  10/200  loss=1.3775  AUC=0.6158  AP=0.5867  smoothAUC=0.6122  (452.2s)
    batch 1/11
    [swap-guard] 97.8% swap used (batch 3/11) -- pausing 3s for extra cleanup
    batch 6/11
    [swap-guard] 96.1% swap used (batch 6/11) -- pausing 3s for extra cleanup
    [swap-guard] 96.4% swap used (batch 9/11) -- pausing 3s for extra cleanup
    batch 11/11
    [swap-guard] 96.3% swap used (epoch end) -- pausing 3s for extra cleanup
    [swap-guard] 95.6% swap used (fold 3 epoch 11 val) -- pausing 3s for extra cleanup
  Ep  11/200  loss=1.4346  AUC=0.6234  AP=0.5985  smoothAUC=0.6134  (407.1s)
    batch 1/11
    [swap-guard] 95.1% swap used (batch 3/11) -- pausing 3s for extra cleanup
    batch 6/11
    [swap-guard] 97.6% swap used (batch 6/11) -- pausing 3s for extra cleanup
    [swap-guard] 96.4% swap used (batch 9/11) -- pausing 3s for extra cleanup
    batch 11/11
    [swap-guard] 96.0% swap used (epoch end) -- pausing 3s for extra cleanup
    [swap-guard] 96.5% swap used (fold 3 epoch 12 val) -- pausing 3s for extra cleanup
  Ep  12/200  loss=1.3730  AUC=0.6161  AP=0.6024  smoothAUC=0.6184  (329.6s)
    batch 1/11
    [swap-guard] 96.5% swap used (batch 3/11) -- pausing 3s for extra cleanup
    batch 6/11
    [swap-guard] 94.8% swap used (batch 6/11) -- pausing 3s for extra cleanup
    [swap-guard] 97.5% swap used (batch 9/11) -- pausing 3s for extra cleanup
    batch 11/11
    [swap-guard] 96.7% swap used (epoch end) -- pausing 3s for extra cleanup
    [swap-guard] 96.3% swap used (fold 3 epoch 13 val) -- pausing 3s for extra cleanup
  Ep  13/200  loss=1.3571  AUC=0.6280  AP=0.6189  smoothAUC=0.6225  (452.8s)
    batch 1/11
    [swap-guard] 97.6% swap used (batch 3/11) -- pausing 3s for extra cleanup
    batch 6/11
    [swap-guard] 96.1% swap used (batch 6/11) -- pausing 3s for extra cleanup
    [swap-guard] 97.1% swap used (batch 9/11) -- pausing 3s for extra cleanup
    batch 11/11
    [swap-guard] 97.4% swap used (epoch end) -- pausing 3s for extra cleanup
    [swap-guard] 97.0% swap used (fold 3 epoch 14 val) -- pausing 3s for extra cleanup
  Ep  14/200  loss=1.3786  AUC=0.6188  AP=0.6167  smoothAUC=0.6210  (379.2s)
    batch 1/11
    [swap-guard] 97.5% swap used (batch 3/11) -- pausing 3s for extra cleanup
    batch 6/11
    [swap-guard] 97.2% swap used (batch 6/11) -- pausing 3s for extra cleanup
    [swap-guard] 97.3% swap used (batch 9/11) -- pausing 3s for extra cleanup
    batch 11/11
    [swap-guard] 97.7% swap used (epoch end) -- pausing 3s for extra cleanup
    [swap-guard] 96.9% swap used (fold 3 epoch 15 val) -- pausing 3s for extra cleanup
  Ep  15/200  loss=1.3266  AUC=0.6318  AP=0.6293  smoothAUC=0.6262  (332.6s)
    batch 1/11
    [swap-guard] 96.6% swap used (batch 3/11) -- pausing 3s for extra cleanup
    batch 6/11
    [swap-guard] 95.2% swap used (batch 6/11) -- pausing 3s for extra cleanup
    [swap-guard] 96.9% swap used (batch 9/11) -- pausing 3s for extra cleanup
    batch 11/11
    [swap-guard] 95.7% swap used (epoch end) -- pausing 3s for extra cleanup
    [swap-guard] 97.7% swap used (fold 3 epoch 16 val) -- pausing 3s for extra cleanup
  Ep  16/200  loss=1.2861  AUC=0.6546  AP=0.6307  smoothAUC=0.6351  (636.2s)
    batch 1/11
    [swap-guard] 97.2% swap used (batch 3/11) -- pausing 3s for extra cleanup
    batch 6/11
    [swap-guard] 95.3% swap used (batch 6/11) -- pausing 3s for extra cleanup
    [swap-guard] 96.3% swap used (batch 9/11) -- pausing 3s for extra cleanup
    batch 11/11
    [swap-guard] 95.5% swap used (epoch end) -- pausing 3s for extra cleanup
    [swap-guard] 95.0% swap used (fold 3 epoch 17 val) -- pausing 3s for extra cleanup
  Ep  17/200  loss=1.3603  AUC=0.6551  AP=0.6239  smoothAUC=0.6472  (413.6s)
  ✓ Fold 3 new best smoothed AUC=0.6472  saved.
    batch 1/11
    [swap-guard] 95.8% swap used (batch 3/11) -- pausing 3s for extra cleanup
    batch 6/11
    [swap-guard] 95.9% swap used (batch 6/11) -- pausing 3s for extra cleanup
    [swap-guard] 93.4% swap used (batch 9/11) -- pausing 3s for extra cleanup
    batch 11/11
    [swap-guard] 95.5% swap used (epoch end) -- pausing 3s for extra cleanup
    [swap-guard] 97.1% swap used (fold 3 epoch 18 val) -- pausing 3s for extra cleanup
  Ep  18/200  loss=1.2799  AUC=0.6674  AP=0.6382  smoothAUC=0.6590  (390.1s)
  ✓ Fold 3 new best smoothed AUC=0.6590  saved.
    batch 1/11
    [swap-guard] 94.8% swap used (batch 3/11) -- pausing 3s for extra cleanup
    batch 6/11
    [swap-guard] 96.6% swap used (batch 6/11) -- pausing 3s for extra cleanup
    [swap-guard] 96.2% swap used (batch 9/11) -- pausing 3s for extra cleanup
    batch 11/11
    [swap-guard] 97.1% swap used (epoch end) -- pausing 3s for extra cleanup
    [swap-guard] 96.6% swap used (fold 3 epoch 19 val) -- pausing 3s for extra cleanup
  Ep  19/200  loss=1.2931  AUC=0.6638  AP=0.6310  smoothAUC=0.6621  (418.2s)
  ✓ Fold 3 new best smoothed AUC=0.6621  saved.
    batch 1/11
    [swap-guard] 97.2% swap used (batch 3/11) -- pausing 3s for extra cleanup
    batch 6/11
    [swap-guard] 96.1% swap used (batch 6/11) -- pausing 3s for extra cleanup
    [swap-guard] 96.7% swap used (batch 9/11) -- pausing 3s for extra cleanup
    batch 11/11
    [swap-guard] 95.0% swap used (epoch end) -- pausing 3s for extra cleanup
    [swap-guard] 93.3% swap used (fold 3 epoch 20 val) -- pausing 3s for extra cleanup
  Ep  20/200  loss=1.2931  AUC=0.6692  AP=0.6432  smoothAUC=0.6668  (475.1s)
  ✓ Fold 3 new best smoothed AUC=0.6668  saved.
    batch 1/11
    [swap-guard] 97.2% swap used (batch 3/11) -- pausing 3s for extra cleanup
    batch 6/11
    [swap-guard] 95.6% swap used (batch 6/11) -- pausing 3s for extra cleanup
    [swap-guard] 96.9% swap used (batch 9/11) -- pausing 3s for extra cleanup
    batch 11/11
    [swap-guard] 95.7% swap used (epoch end) -- pausing 3s for extra cleanup
    [swap-guard] 96.6% swap used (fold 3 epoch 21 val) -- pausing 3s for extra cleanup
  Ep  21/200  loss=1.2543  AUC=0.6671  AP=0.6526  smoothAUC=0.6667  (583.5s)
    batch 1/11
    [swap-guard] 97.3% swap used (batch 3/11) -- pausing 3s for extra cleanup
    batch 6/11
    [swap-guard] 96.0% swap used (batch 6/11) -- pausing 3s for extra cleanup
    [swap-guard] 96.6% swap used (batch 9/11) -- pausing 3s for extra cleanup
    batch 11/11
    [swap-guard] 95.9% swap used (epoch end) -- pausing 3s for extra cleanup
    [swap-guard] 98.5% swap used (fold 3 epoch 22 val) -- pausing 3s for extra cleanup
  Ep  22/200  loss=1.2605  AUC=0.6745  AP=0.6598  smoothAUC=0.6703  (482.8s)
  ✓ Fold 3 new best smoothed AUC=0.6703  saved.
    batch 1/11
    batch 6/11
    [swap-guard] 98.2% swap used (batch 6/11) -- pausing 3s for extra cleanup
    [swap-guard] 96.5% swap used (batch 9/11) -- pausing 3s for extra cleanup
    batch 11/11
    [swap-guard] 94.4% swap used (epoch end) -- pausing 3s for extra cleanup
    [swap-guard] 96.3% swap used (fold 3 epoch 23 val) -- pausing 3s for extra cleanup
  Ep  23/200  loss=1.2107  AUC=0.6733  AP=0.6601  smoothAUC=0.6716  (411.0s)
  ✓ Fold 3 new best smoothed AUC=0.6716  saved.
    batch 1/11
    [swap-guard] 96.3% swap used (batch 3/11) -- pausing 3s for extra cleanup
    batch 6/11
    [swap-guard] 96.1% swap used (batch 6/11) -- pausing 3s for extra cleanup
    [swap-guard] 96.0% swap used (batch 9/11) -- pausing 3s for extra cleanup
    batch 11/11
    [swap-guard] 95.8% swap used (epoch end) -- pausing 3s for extra cleanup
    [swap-guard] 97.8% swap used (fold 3 epoch 24 val) -- pausing 3s for extra cleanup
  Ep  24/200  loss=1.0989  AUC=0.6844  AP=0.6682  smoothAUC=0.6774  (473.1s)
  ✓ Fold 3 new best smoothed AUC=0.6774  saved.
    batch 1/11
    [swap-guard] 97.8% swap used (batch 3/11) -- pausing 3s for extra cleanup
    batch 6/11
    [swap-guard] 96.9% swap used (batch 9/11) -- pausing 3s for extra cleanup
    batch 11/11
    [swap-guard] 96.4% swap used (epoch end) -- pausing 3s for extra cleanup
    [swap-guard] 95.5% swap used (fold 3 epoch 25 val) -- pausing 3s for extra cleanup
  Ep  25/200  loss=1.1807  AUC=0.6863  AP=0.6753  smoothAUC=0.6813  (549.2s)
  ✓ Fold 3 new best smoothed AUC=0.6813  saved.
    batch 1/11
    [swap-guard] 96.2% swap used (batch 3/11) -- pausing 3s for extra cleanup
    batch 6/11
    [swap-guard] 96.8% swap used (batch 6/11) -- pausing 3s for extra cleanup
    [swap-guard] 98.2% swap used (batch 9/11) -- pausing 3s for extra cleanup
    batch 11/11
    [swap-guard] 96.3% swap used (epoch end) -- pausing 3s for extra cleanup
    [swap-guard] 96.2% swap used (fold 3 epoch 26 val) -- pausing 3s for extra cleanup
  Ep  26/200  loss=1.1688  AUC=0.6878  AP=0.6770  smoothAUC=0.6862  (459.0s)
  ✓ Fold 3 new best smoothed AUC=0.6862  saved.
    batch 1/11
    [swap-guard] 95.6% swap used (batch 3/11) -- pausing 3s for extra cleanup
    batch 6/11
    [swap-guard] 96.2% swap used (batch 6/11) -- pausing 3s for extra cleanup
    [swap-guard] 96.2% swap used (batch 9/11) -- pausing 3s for extra cleanup
    batch 11/11
    [swap-guard] 96.0% swap used (epoch end) -- pausing 3s for extra cleanup
    [swap-guard] 95.7% swap used (fold 3 epoch 27 val) -- pausing 3s for extra cleanup
  Ep  27/200  loss=1.1295  AUC=0.6982  AP=0.6897  smoothAUC=0.6908  (622.7s)
  ✓ Fold 3 new best smoothed AUC=0.6908  saved.
    batch 1/11
    [swap-guard] 97.0% swap used (batch 3/11) -- pausing 3s for extra cleanup
    batch 6/11
    batch 11/11
    [swap-guard] 94.9% swap used (epoch end) -- pausing 3s for extra cleanup
    [swap-guard] 98.0% swap used (fold 3 epoch 28 val) -- pausing 3s for extra cleanup
  Ep  28/200  loss=1.1389  AUC=0.6962  AP=0.6958  smoothAUC=0.6941  (709.7s)
  ✓ Fold 3 new best smoothed AUC=0.6941  saved.
    batch 1/11
    [swap-guard] 95.2% swap used (batch 3/11) -- pausing 3s for extra cleanup
    batch 6/11
    [swap-guard] 95.9% swap used (batch 6/11) -- pausing 3s for extra cleanup
    [swap-guard] 96.8% swap used (batch 9/11) -- pausing 3s for extra cleanup
    batch 11/11
    [swap-guard] 96.0% swap used (epoch end) -- pausing 3s for extra cleanup
    [swap-guard] 97.5% swap used (fold 3 epoch 29 val) -- pausing 3s for extra cleanup
  Ep  29/200  loss=1.1194  AUC=0.6891  AP=0.6854  smoothAUC=0.6945  (607.8s)
  ✓ Fold 3 new best smoothed AUC=0.6945  saved.
    batch 1/11
    [swap-guard] 96.0% swap used (batch 3/11) -- pausing 3s for extra cleanup
    batch 6/11
    [swap-guard] 95.0% swap used (batch 6/11) -- pausing 3s for extra cleanup
    [swap-guard] 95.1% swap used (batch 9/11) -- pausing 3s for extra cleanup
    batch 11/11
    [swap-guard] 95.5% swap used (epoch end) -- pausing 3s for extra cleanup
    [swap-guard] 95.7% swap used (fold 3 epoch 30 val) -- pausing 3s for extra cleanup
  Ep  30/200  loss=1.0965  AUC=0.6864  AP=0.6791  smoothAUC=0.6905  (532.5s)
    batch 1/11
    [swap-guard] 96.9% swap used (batch 3/11) -- pausing 3s for extra cleanup
    batch 6/11
    [swap-guard] 96.3% swap used (batch 6/11) -- pausing 3s for extra cleanup
    [swap-guard] 96.5% swap used (batch 9/11) -- pausing 3s for extra cleanup
    batch 11/11
    [swap-guard] 95.8% swap used (epoch end) -- pausing 3s for extra cleanup
    [swap-guard] 97.5% swap used (fold 3 epoch 31 val) -- pausing 3s for extra cleanup
  Ep  31/200  loss=1.1145  AUC=0.6912  AP=0.6849  smoothAUC=0.6889  (696.3s)
    batch 1/11
    [swap-guard] 97.4% swap used (batch 3/11) -- pausing 3s for extra cleanup
    batch 6/11
    [swap-guard] 96.3% swap used (batch 6/11) -- pausing 3s for extra cleanup
    [swap-guard] 95.5% swap used (batch 9/11) -- pausing 3s for extra cleanup
    batch 11/11
    [swap-guard] 94.6% swap used (epoch end) -- pausing 3s for extra cleanup
    [swap-guard] 97.7% swap used (fold 3 epoch 32 val) -- pausing 3s for extra cleanup
  Ep  32/200  loss=1.0265  AUC=0.6869  AP=0.6789  smoothAUC=0.6881  (993.8s)
    batch 1/11
    [swap-guard] 95.4% swap used (batch 3/11) -- pausing 3s for extra cleanup
    batch 6/11
    [swap-guard] 97.8% swap used (batch 6/11) -- pausing 3s for extra cleanup
    [swap-guard] 94.9% swap used (batch 9/11) -- pausing 3s for extra cleanup
    batch 11/11
    [swap-guard] 97.5% swap used (epoch end) -- pausing 3s for extra cleanup
    [swap-guard] 98.4% swap used (fold 3 epoch 33 val) -- pausing 3s for extra cleanup
  Ep  33/200  loss=1.1081  AUC=0.6861  AP=0.6814  smoothAUC=0.6881  (876.6s)
    batch 1/11
    [swap-guard] 95.3% swap used (batch 3/11) -- pausing 3s for extra cleanup
    batch 6/11
    [swap-guard] 95.5% swap used (batch 6/11) -- pausing 3s for extra cleanup
    [swap-guard] 97.4% swap used (batch 9/11) -- pausing 3s for extra cleanup
    batch 11/11
    [swap-guard] 97.4% swap used (epoch end) -- pausing 3s for extra cleanup
    [swap-guard] 98.4% swap used (fold 3 epoch 34 val) -- pausing 3s for extra cleanup
  Ep  34/200  loss=1.0980  AUC=0.6884  AP=0.6852  smoothAUC=0.6871  (1090.6s)
    batch 1/11
    [swap-guard] 95.9% swap used (batch 3/11) -- pausing 3s for extra cleanup
    batch 6/11
    [swap-guard] 97.3% swap used (batch 6/11) -- pausing 3s for extra cleanup
    [swap-guard] 94.5% swap used (batch 9/11) -- pausing 3s for extra cleanup
    batch 11/11
    [swap-guard] 98.0% swap used (epoch end) -- pausing 3s for extra cleanup
    [swap-guard] 98.7% swap used (fold 3 epoch 35 val) -- pausing 3s for extra cleanup
  Ep  35/200  loss=1.0549  AUC=0.6919  AP=0.6827  smoothAUC=0.6888  (1089.9s)
    batch 1/11
    [swap-guard] 96.9% swap used (batch 3/11) -- pausing 3s for extra cleanup
    batch 6/11
    [swap-guard] 96.7% swap used (batch 6/11) -- pausing 3s for extra cleanup
    [swap-guard] 97.0% swap used (batch 9/11) -- pausing 3s for extra cleanup
    batch 11/11
    [swap-guard] 96.5% swap used (epoch end) -- pausing 3s for extra cleanup
    [swap-guard] 96.5% swap used (fold 3 epoch 36 val) -- pausing 3s for extra cleanup
  Ep  36/200  loss=1.0849  AUC=0.6939  AP=0.6916  smoothAUC=0.6914  (1022.1s)
    batch 1/11
    [swap-guard] 96.2% swap used (batch 3/11) -- pausing 3s for extra cleanup
    batch 6/11
    [swap-guard] 95.7% swap used (batch 6/11) -- pausing 3s for extra cleanup
    [swap-guard] 96.0% swap used (batch 9/11) -- pausing 3s for extra cleanup
    batch 11/11
    [swap-guard] 94.6% swap used (epoch end) -- pausing 3s for extra cleanup
    [swap-guard] 95.8% swap used (fold 3 epoch 37 val) -- pausing 3s for extra cleanup
  Ep  37/200  loss=1.0096  AUC=0.6926  AP=0.6917  smoothAUC=0.6928  (942.4s)
    batch 1/11
    [swap-guard] 96.7% swap used (batch 3/11) -- pausing 3s for extra cleanup
    batch 6/11
    [swap-guard] 96.5% swap used (batch 6/11) -- pausing 3s for extra cleanup
    [swap-guard] 96.1% swap used (batch 9/11) -- pausing 3s for extra cleanup
    batch 11/11
    [swap-guard] 96.4% swap used (epoch end) -- pausing 3s for extra cleanup
    [swap-guard] 98.1% swap used (fold 3 epoch 38 val) -- pausing 3s for extra cleanup
  Ep  38/200  loss=1.0286  AUC=0.6871  AP=0.6849  smoothAUC=0.6912  (3695.2s)
    batch 1/11
    [swap-guard] 96.2% swap used (batch 3/11) -- pausing 3s for extra cleanup
    batch 6/11
    [swap-guard] 90.6% swap used (batch 6/11) -- pausing 3s for extra cleanup
    [swap-guard] 95.4% swap used (batch 9/11) -- pausing 3s for extra cleanup
    batch 11/11
    [swap-guard] 96.9% swap used (epoch end) -- pausing 3s for extra cleanup
    [swap-guard] 98.6% swap used (fold 3 epoch 39 val) -- pausing 3s for extra cleanup
  Ep  39/200  loss=1.0151  AUC=0.6903  AP=0.6875  smoothAUC=0.6900  (2731.2s)
    batch 1/11
    [swap-guard] 97.3% swap used (batch 3/11) -- pausing 3s for extra cleanup
    batch 6/11
    [swap-guard] 97.1% swap used (batch 6/11) -- pausing 3s for extra cleanup
    [swap-guard] 96.4% swap used (batch 9/11) -- pausing 3s for extra cleanup
    batch 11/11
    [swap-guard] 96.8% swap used (epoch end) -- pausing 3s for extra cleanup
    [swap-guard] 96.5% swap used (fold 3 epoch 40 val) -- pausing 3s for extra cleanup
  Ep  40/200  loss=1.0288  AUC=0.6923  AP=0.6899  smoothAUC=0.6899  (2051.9s)
    batch 1/11
    [swap-guard] 97.6% swap used (batch 3/11) -- pausing 3s for extra cleanup
    batch 6/11
    [swap-guard] 96.7% swap used (batch 6/11) -- pausing 3s for extra cleanup
    [swap-guard] 97.6% swap used (batch 9/11) -- pausing 3s for extra cleanup
    batch 11/11
    [swap-guard] 96.1% swap used (epoch end) -- pausing 3s for extra cleanup
    [swap-guard] 96.6% swap used (fold 3 epoch 41 val) -- pausing 3s for extra cleanup
  Ep  41/200  loss=0.9918  AUC=0.6918  AP=0.6896  smoothAUC=0.6914  (2397.7s)
    batch 1/11
    [swap-guard] 96.7% swap used (batch 3/11) -- pausing 3s for extra cleanup
    batch 6/11
    [swap-guard] 97.4% swap used (batch 6/11) -- pausing 3s for extra cleanup
    [swap-guard] 97.2% swap used (batch 9/11) -- pausing 3s for extra cleanup
    batch 11/11
    [swap-guard] 97.8% swap used (epoch end) -- pausing 3s for extra cleanup
    [swap-guard] 96.5% swap used (fold 3 epoch 42 val) -- pausing 3s for extra cleanup
  Ep  42/200  loss=0.9457  AUC=0.6957  AP=0.6999  smoothAUC=0.6932  (2357.6s)
    batch 1/11
    [swap-guard] 96.9% swap used (batch 3/11) -- pausing 3s for extra cleanup
    batch 6/11
    [swap-guard] 95.0% swap used (batch 6/11) -- pausing 3s for extra cleanup
    [swap-guard] 97.2% swap used (batch 9/11) -- pausing 3s for extra cleanup
    batch 11/11
    [swap-guard] 95.5% swap used (epoch end) -- pausing 3s for extra cleanup
    [swap-guard] 90.5% swap used (fold 3 epoch 43 val) -- pausing 3s for extra cleanup
  Ep  43/200  loss=0.9684  AUC=0.6926  AP=0.6983  smoothAUC=0.6933  (1754.6s)
    batch 1/11
    [swap-guard] 96.9% swap used (batch 3/11) -- pausing 3s for extra cleanup
    batch 6/11
    [swap-guard] 97.7% swap used (batch 6/11) -- pausing 3s for extra cleanup
    [swap-guard] 97.0% swap used (batch 9/11) -- pausing 3s for extra cleanup
    batch 11/11
    [swap-guard] 95.5% swap used (epoch end) -- pausing 3s for extra cleanup
    [swap-guard] 96.1% swap used (fold 3 epoch 44 val) -- pausing 3s for extra cleanup
  Ep  44/200  loss=1.0030  AUC=0.6975  AP=0.7025  smoothAUC=0.6952  (2274.3s)
  ✓ Fold 3 new best smoothed AUC=0.6952  saved.
    batch 1/11
    [swap-guard] 95.4% swap used (batch 3/11) -- pausing 3s for extra cleanup
    batch 6/11

[1/4] Loading dataset …
      233 graphs loaded.
      Dataset: 233 graphs | mean nodes=30.5 | mean edges=91.3 | categories: Bench_vice=54 C_Clamps=31 Crane_hook=25 Gate_Valve=25 Pipe_vice=42 Press_Tool=31 Tool_Post=25

[2/4] Building model …  (5-fold CV)

  Resuming from fold 2 — loading prior checkpoints …
Model built on mps  |  total params: 2,441,809
    [DIAG] graph 44: 2 nodes, 2 dir-edges, 1 pos, requested 1 neg but only 0 possible
/Users/mbp/Documents/MTECH/Sem4/Individual_project/AI_Assisted_3D_Assembly_Design/AI-Assisted-3D-Assembly-Design/.venv/lib/python3.12/site-packages/torch_geometric/transforms/base_transform.py:32: UserWarning: There are not enough negative edges to satisfy the provided sampling ratio. The ratio will be adjusted to 0.00.
  return self.forward(copy.copy(data))
    [DIAG] graph 60: 2 nodes, 2 dir-edges, 1 pos, requested 1 neg but only 0 possible
    [DIAG] graph 63: 2 nodes, 2 dir-edges, 1 pos, requested 1 neg but only 0 possible
    [DIAG] graph 71: 2 nodes, 2 dir-edges, 1 pos, requested 1 neg but only 0 possible
    [DIAG] graph 126: 2 nodes, 2 dir-edges, 1 pos, requested 1 neg but only 0 possible
  Fold 1/5 — train: 162  val: 41  test: 30
  Fold 1: AUC=0.8209  AP=0.7936  (from checkpoint, random=0.5000)
Model built on mps  |  total params: 2,441,809
/Users/mbp/Documents/MTECH/Sem4/Individual_project/AI_Assisted_3D_Assembly_Design/AI-Assisted-3D-Assembly-Design/.venv/lib/python3.12/site-packages/torch_geometric/transforms/base_transform.py:32: UserWarning: There are not enough negative edges to satisfy the provided sampling ratio. The ratio will be adjusted to 0.00.
  return self.forward(copy.copy(data))
    [DIAG] graph 63: 2 nodes, 2 dir-edges, 1 pos, requested 1 neg but only 0 possible
    [DIAG] graph 44: 2 nodes, 2 dir-edges, 1 pos, requested 1 neg but only 0 possible
    [DIAG] graph 60: 2 nodes, 2 dir-edges, 1 pos, requested 1 neg but only 0 possible
    [DIAG] graph 71: 2 nodes, 2 dir-edges, 1 pos, requested 1 neg but only 0 possible
    [DIAG] graph 126: 2 nodes, 2 dir-edges, 1 pos, requested 1 neg but only 0 possible
  Fold 2/5 — train: 162  val: 41  test: 30
  Fold 2: AUC=0.8284  AP=0.8361  (from checkpoint, random=0.5000)

[3/4] Training (5 folds) …

=======================================================
  FOLD 3 / 5
=======================================================
/Users/mbp/Documents/MTECH/Sem4/Individual_project/AI_Assisted_3D_Assembly_Design/AI-Assisted-3D-Assembly-Design/.venv/lib/python3.12/site-packages/torch_geometric/transforms/base_transform.py:32: UserWarning: There are not enough negative edges to satisfy the provided sampling ratio. The ratio will be adjusted to 0.00.
  return self.forward(copy.copy(data))
    [DIAG] graph 44: 2 nodes, 2 dir-edges, 1 pos, requested 1 neg but only 0 possible
    [DIAG] graph 60: 2 nodes, 2 dir-edges, 1 pos, requested 1 neg but only 0 possible
    [DIAG] graph 71: 2 nodes, 2 dir-edges, 1 pos, requested 1 neg but only 0 possible
    [DIAG] graph 126: 2 nodes, 2 dir-edges, 1 pos, requested 1 neg but only 0 possible
    [DIAG] graph 63: 2 nodes, 2 dir-edges, 1 pos, requested 1 neg but only 0 possible
  Fold 3/5 — train: 162  val: 41  test: 30
Model built on mps  |  total params: 2,441,809
    batch 1/11
    batch 6/11
    [swap-guard] 90.5% swap used (batch 6/11) -- pausing 3s for extra cleanup
    batch 11/11
  Ep   1/200  loss=1.6546  AUC=0.6042  AP=0.5748  smoothAUC=0.6042  (80.1s)
  ✓ Fold 3 new best smoothed AUC=0.6042  saved.
    batch 1/11
    batch 6/11
    [swap-guard] 91.1% swap used (batch 6/11) -- pausing 3s for extra cleanup
    batch 11/11
  Ep   2/200  loss=1.6593  AUC=0.6280  AP=0.5971  smoothAUC=0.6161  (67.2s)
  ✓ Fold 3 new best smoothed AUC=0.6161  saved.
    batch 1/11
    batch 6/11
    batch 11/11
  Ep   3/200  loss=1.6331  AUC=0.6246  AP=0.6045  smoothAUC=0.6189  (57.8s)
  ✓ Fold 3 new best smoothed AUC=0.6189  saved.
    batch 1/11
    [swap-guard] 93.4% swap used (batch 3/11) -- pausing 3s for extra cleanup
    batch 6/11
    [swap-guard] 91.7% swap used (batch 6/11) -- pausing 3s for extra cleanup
    batch 11/11
    [swap-guard] 91.7% swap used (epoch end) -- pausing 3s for extra cleanup
  Ep   4/200  loss=1.6603  AUC=0.6424  AP=0.6050  smoothAUC=0.6317  (72.7s)
  ✓ Fold 3 new best smoothed AUC=0.6317  saved.
    batch 1/11
    [swap-guard] 92.6% swap used (batch 3/11) -- pausing 3s for extra cleanup
    batch 6/11
    batch 11/11
    [swap-guard] 91.3% swap used (epoch end) -- pausing 3s for extra cleanup
  Ep   5/200  loss=1.6371  AUC=0.6467  AP=0.6243  smoothAUC=0.6379  (106.1s)
  ✓ Fold 3 new best smoothed AUC=0.6379  saved.
    batch 1/11
    batch 6/11
    batch 11/11
    [swap-guard] 92.1% swap used (fold 3 epoch 6 val) -- pausing 3s for extra cleanup
  Ep   6/200  loss=1.4996  AUC=0.6435  AP=0.6188  smoothAUC=0.6442  (93.7s)
  ✓ Fold 3 new best smoothed AUC=0.6442  saved.
    batch 1/11
    [swap-guard] 93.1% swap used (batch 3/11) -- pausing 3s for extra cleanup
    batch 6/11
    batch 11/11
  Ep   7/200  loss=1.5300  AUC=0.6564  AP=0.6416  smoothAUC=0.6489  (59.7s)
  ✓ Fold 3 new best smoothed AUC=0.6489  saved.
    batch 1/11
    batch 6/11
    batch 11/11
  Ep   8/200  loss=1.4207  AUC=0.6412  AP=0.6273  smoothAUC=0.6470  (87.1s)
    batch 1/11
    batch 6/11
    batch 11/11
    [swap-guard] 91.2% swap used (epoch end) -- pausing 3s for extra cleanup
  Ep   9/200  loss=1.5159  AUC=0.6543  AP=0.6247  smoothAUC=0.6506  (147.0s)
  ✓ Fold 3 new best smoothed AUC=0.6506  saved.
    batch 1/11
    [swap-guard] 95.4% swap used (batch 3/11) -- pausing 3s for extra cleanup
    batch 6/11
    batch 11/11
  Ep  10/200  loss=1.4406  AUC=0.6729  AP=0.6524  smoothAUC=0.6561  (97.5s)
  ✓ Fold 3 new best smoothed AUC=0.6561  saved.
    batch 1/11
    [swap-guard] 90.9% swap used (batch 3/11) -- pausing 3s for extra cleanup
    batch 6/11
    [swap-guard] 95.0% swap used (batch 9/11) -- pausing 3s for extra cleanup
    batch 11/11
  Ep  11/200  loss=1.3801  AUC=0.6810  AP=0.6496  smoothAUC=0.6694  (74.9s)
  ✓ Fold 3 new best smoothed AUC=0.6694  saved.
    batch 1/11
    batch 6/11
    [swap-guard] 95.5% swap used (batch 9/11) -- pausing 3s for extra cleanup
    batch 11/11
  Ep  12/200  loss=1.4732  AUC=0.7081  AP=0.6731  smoothAUC=0.6873  (91.6s)
  ✓ Fold 3 new best smoothed AUC=0.6873  saved.
    batch 1/11
    [swap-guard] 93.6% swap used (batch 3/11) -- pausing 3s for extra cleanup
    batch 6/11
    [swap-guard] 90.4% swap used (batch 6/11) -- pausing 3s for extra cleanup
    [swap-guard] 94.3% swap used (batch 9/11) -- pausing 3s for extra cleanup
    batch 11/11
  Ep  13/200  loss=1.4308  AUC=0.6828  AP=0.6360  smoothAUC=0.6906  (81.3s)
  ✓ Fold 3 new best smoothed AUC=0.6906  saved.
    batch 1/11
    [swap-guard] 95.0% swap used (batch 3/11) -- pausing 3s for extra cleanup
    batch 6/11
    [swap-guard] 94.0% swap used (batch 6/11) -- pausing 3s for extra cleanup
    batch 11/11
  Ep  14/200  loss=1.4355  AUC=0.6592  AP=0.6080  smoothAUC=0.6834  (114.6s)
    batch 1/11
    [swap-guard] 92.7% swap used (batch 3/11) -- pausing 3s for extra cleanup
    batch 6/11
    [swap-guard] 93.9% swap used (batch 6/11) -- pausing 3s for extra cleanup
    [swap-guard] 91.4% swap used (batch 9/11) -- pausing 3s for extra cleanup
    batch 11/11
  Ep  15/200  loss=1.3222  AUC=0.6597  AP=0.6079  smoothAUC=0.6672  (112.3s)
    batch 1/11
    [swap-guard] 93.4% swap used (batch 3/11) -- pausing 3s for extra cleanup
    batch 6/11
    [swap-guard] 93.1% swap used (batch 6/11) -- pausing 3s for extra cleanup
    batch 11/11
  Ep  16/200  loss=1.3660  AUC=0.6968  AP=0.6531  smoothAUC=0.6719  (112.6s)
    batch 1/11
    [swap-guard] 93.3% swap used (batch 3/11) -- pausing 3s for extra cleanup
    batch 6/11
    [swap-guard] 93.4% swap used (batch 6/11) -- pausing 3s for extra cleanup
    [swap-guard] 91.3% swap used (batch 9/11) -- pausing 3s for extra cleanup
    batch 11/11
  Ep  17/200  loss=1.1992  AUC=0.7067  AP=0.6587  smoothAUC=0.6877  (132.2s)
    batch 1/11
    batch 6/11
    [swap-guard] 92.1% swap used (batch 6/11) -- pausing 3s for extra cleanup
    batch 11/11
    [swap-guard] 90.2% swap used (fold 3 epoch 18 val) -- pausing 3s for extra cleanup
  Ep  18/200  loss=1.2655  AUC=0.7081  AP=0.6655  smoothAUC=0.7038  (80.3s)
  ✓ Fold 3 new best smoothed AUC=0.7038  saved.
    batch 1/11
    batch 6/11
    [swap-guard] 91.3% swap used (batch 9/11) -- pausing 3s for extra cleanup
    batch 11/11
    [swap-guard] 94.1% swap used (epoch end) -- pausing 3s for extra cleanup
  Ep  19/200  loss=1.1890  AUC=0.7295  AP=0.6890  smoothAUC=0.7148  (85.9s)
  ✓ Fold 3 new best smoothed AUC=0.7148  saved.
    batch 1/11
    batch 6/11
    [swap-guard] 93.2% swap used (batch 6/11) -- pausing 3s for extra cleanup
    [swap-guard] 91.4% swap used (batch 9/11) -- pausing 3s for extra cleanup
    batch 11/11
    [swap-guard] 96.8% swap used (epoch end) -- pausing 3s for extra cleanup
    [swap-guard] 91.6% swap used (fold 3 epoch 20 val) -- pausing 3s for extra cleanup
  Ep  20/200  loss=1.2611  AUC=0.7327  AP=0.6973  smoothAUC=0.7234  (151.8s)
  ✓ Fold 3 new best smoothed AUC=0.7234  saved.
    batch 1/11
    [swap-guard] 93.1% swap used (batch 3/11) -- pausing 3s for extra cleanup
    batch 6/11
    [swap-guard] 95.2% swap used (batch 9/11) -- pausing 3s for extra cleanup
    batch 11/11
    [swap-guard] 90.7% swap used (epoch end) -- pausing 3s for extra cleanup
    [swap-guard] 91.9% swap used (fold 3 epoch 21 val) -- pausing 3s for extra cleanup
  Ep  21/200  loss=1.2139  AUC=0.7204  AP=0.6958  smoothAUC=0.7275  (148.9s)
  ✓ Fold 3 new best smoothed AUC=0.7275  saved.
    batch 1/11
    [swap-guard] 94.6% swap used (batch 3/11) -- pausing 3s for extra cleanup
    batch 6/11
    [swap-guard] 96.1% swap used (batch 6/11) -- pausing 3s for extra cleanup
    [swap-guard] 93.7% swap used (batch 9/11) -- pausing 3s for extra cleanup
    batch 11/11
  Ep  22/200  loss=1.1724  AUC=0.7171  AP=0.6910  smoothAUC=0.7234  (103.7s)
    batch 1/11
    [swap-guard] 92.6% swap used (batch 3/11) -- pausing 3s for extra cleanup
    batch 6/11
    [swap-guard] 94.7% swap used (batch 6/11) -- pausing 3s for extra cleanup
    [swap-guard] 93.9% swap used (batch 9/11) -- pausing 3s for extra cleanup
    batch 11/11
    [swap-guard] 91.3% swap used (epoch end) -- pausing 3s for extra cleanup
    [swap-guard] 95.4% swap used (fold 3 epoch 23 val) -- pausing 3s for extra cleanup
  Ep  23/200  loss=1.3449  AUC=0.7356  AP=0.6911  smoothAUC=0.7244  (218.5s)
    batch 1/11
    [swap-guard] 95.7% swap used (batch 3/11) -- pausing 3s for extra cleanup
    batch 6/11
    [swap-guard] 94.9% swap used (batch 6/11) -- pausing 3s for extra cleanup
    [swap-guard] 91.7% swap used (batch 9/11) -- pausing 3s for extra cleanup
    batch 11/11
    [swap-guard] 91.7% swap used (epoch end) -- pausing 3s for extra cleanup
    [swap-guard] 90.1% swap used (fold 3 epoch 24 val) -- pausing 3s for extra cleanup
  Ep  24/200  loss=1.1879  AUC=0.7509  AP=0.7134  smoothAUC=0.7345  (144.9s)
  ✓ Fold 3 new best smoothed AUC=0.7345  saved.
    batch 1/11
    [swap-guard] 94.2% swap used (batch 3/11) -- pausing 3s for extra cleanup
    batch 6/11
    [swap-guard] 92.9% swap used (batch 6/11) -- pausing 3s for extra cleanup
    batch 11/11
    [swap-guard] 93.4% swap used (fold 3 epoch 25 val) -- pausing 3s for extra cleanup
  Ep  25/200  loss=1.1124  AUC=0.7488  AP=0.7127  smoothAUC=0.7451  (169.9s)
  ✓ Fold 3 new best smoothed AUC=0.7451  saved.
    batch 1/11
    [swap-guard] 97.0% swap used (batch 3/11) -- pausing 3s for extra cleanup
    batch 6/11
    [swap-guard] 96.3% swap used (batch 9/11) -- pausing 3s for extra cleanup
    batch 11/11
    [swap-guard] 91.4% swap used (epoch end) -- pausing 3s for extra cleanup
  Ep  26/200  loss=1.1519  AUC=0.7515  AP=0.7060  smoothAUC=0.7504  (129.7s)
  ✓ Fold 3 new best smoothed AUC=0.7504  saved.
    batch 1/11
    [swap-guard] 96.2% swap used (batch 3/11) -- pausing 3s for extra cleanup
    batch 6/11
    [swap-guard] 92.4% swap used (batch 9/11) -- pausing 3s for extra cleanup
    batch 11/11
    [swap-guard] 94.7% swap used (fold 3 epoch 27 val) -- pausing 3s for extra cleanup
  Ep  27/200  loss=1.1137  AUC=0.7369  AP=0.7029  smoothAUC=0.7457  (171.8s)
    batch 1/11
    [swap-guard] 93.0% swap used (batch 3/11) -- pausing 3s for extra cleanup
    batch 6/11
    [swap-guard] 94.8% swap used (batch 6/11) -- pausing 3s for extra cleanup
    [swap-guard] 94.7% swap used (batch 9/11) -- pausing 3s for extra cleanup
    batch 11/11
    [swap-guard] 91.5% swap used (epoch end) -- pausing 3s for extra cleanup
  Ep  28/200  loss=1.1355  AUC=0.7534  AP=0.7197  smoothAUC=0.7473  (165.6s)
    batch 1/11
    [swap-guard] 94.4% swap used (batch 3/11) -- pausing 3s for extra cleanup
    batch 6/11
    [swap-guard] 95.1% swap used (batch 6/11) -- pausing 3s for extra cleanup
    [swap-guard] 92.1% swap used (batch 9/11) -- pausing 3s for extra cleanup
    batch 11/11
  Ep  29/200  loss=1.1027  AUC=0.7698  AP=0.7300  smoothAUC=0.7534  (162.2s)
  ✓ Fold 3 new best smoothed AUC=0.7534  saved.
    batch 1/11
    [swap-guard] 93.7% swap used (batch 3/11) -- pausing 3s for extra cleanup
    batch 6/11
    [swap-guard] 93.1% swap used (batch 6/11) -- pausing 3s for extra cleanup
    [swap-guard] 91.7% swap used (batch 9/11) -- pausing 3s for extra cleanup
    batch 11/11
    [swap-guard] 93.2% swap used (fold 3 epoch 30 val) -- pausing 3s for extra cleanup
  Ep  30/200  loss=1.0785  AUC=0.7722  AP=0.7422  smoothAUC=0.7651  (162.0s)
  ✓ Fold 3 new best smoothed AUC=0.7651  saved.
    batch 1/11
    [swap-guard] 91.2% swap used (batch 3/11) -- pausing 3s for extra cleanup
    batch 6/11
    [swap-guard] 96.2% swap used (batch 6/11) -- pausing 3s for extra cleanup
    [swap-guard] 91.1% swap used (batch 9/11) -- pausing 3s for extra cleanup
    batch 11/11
    [swap-guard] 91.1% swap used (epoch end) -- pausing 3s for extra cleanup
    [swap-guard] 93.7% swap used (fold 3 epoch 31 val) -- pausing 3s for extra cleanup
  Ep  31/200  loss=1.0672  AUC=0.7683  AP=0.7305  smoothAUC=0.7701  (165.4s)
  ✓ Fold 3 new best smoothed AUC=0.7701  saved.
    batch 1/11
    [swap-guard] 92.4% swap used (batch 3/11) -- pausing 3s for extra cleanup
    batch 6/11
    [swap-guard] 93.1% swap used (batch 6/11) -- pausing 3s for extra cleanup
    [swap-guard] 91.7% swap used (batch 9/11) -- pausing 3s for extra cleanup
    batch 11/11
    [swap-guard] 96.1% swap used (fold 3 epoch 32 val) -- pausing 3s for extra cleanup
  Ep  32/200  loss=1.0416  AUC=0.7742  AP=0.7379  smoothAUC=0.7716  (210.8s)
  ✓ Fold 3 new best smoothed AUC=0.7716  saved.
    batch 1/11
    [swap-guard] 91.3% swap used (batch 3/11) -- pausing 3s for extra cleanup
    batch 6/11
    [swap-guard] 94.4% swap used (batch 6/11) -- pausing 3s for extra cleanup
    [swap-guard] 91.7% swap used (batch 9/11) -- pausing 3s for extra cleanup
    batch 11/11
    [swap-guard] 92.6% swap used (epoch end) -- pausing 3s for extra cleanup
    [swap-guard] 97.6% swap used (fold 3 epoch 33 val) -- pausing 3s for extra cleanup
  Ep  33/200  loss=1.0017  AUC=0.7603  AP=0.7219  smoothAUC=0.7676  (160.4s)
    batch 1/11
    [swap-guard] 94.5% swap used (batch 3/11) -- pausing 3s for extra cleanup
    batch 6/11
    [swap-guard] 91.4% swap used (batch 9/11) -- pausing 3s for extra cleanup
    batch 11/11
    [swap-guard] 90.7% swap used (epoch end) -- pausing 3s for extra cleanup
    [swap-guard] 97.7% swap used (fold 3 epoch 34 val) -- pausing 3s for extra cleanup
  Ep  34/200  loss=1.0165  AUC=0.7730  AP=0.7360  smoothAUC=0.7692  (155.3s)
    batch 1/11
    [swap-guard] 92.5% swap used (batch 3/11) -- pausing 3s for extra cleanup
    batch 6/11
    [swap-guard] 94.6% swap used (batch 6/11) -- pausing 3s for extra cleanup
    [swap-guard] 94.3% swap used (batch 9/11) -- pausing 3s for extra cleanup
    batch 11/11
    [swap-guard] 93.8% swap used (fold 3 epoch 35 val) -- pausing 3s for extra cleanup
  Ep  35/200  loss=1.0102  AUC=0.7850  AP=0.7483  smoothAUC=0.7728  (203.4s)
  ✓ Fold 3 new best smoothed AUC=0.7728  saved.
    batch 1/11
    [swap-guard] 92.7% swap used (batch 3/11) -- pausing 3s for extra cleanup
    batch 6/11
    [swap-guard] 93.8% swap used (batch 6/11) -- pausing 3s for extra cleanup
    [swap-guard] 93.9% swap used (batch 9/11) -- pausing 3s for extra cleanup
    batch 11/11
    [swap-guard] 92.3% swap used (fold 3 epoch 36 val) -- pausing 3s for extra cleanup
  Ep  36/200  loss=0.9670  AUC=0.7647  AP=0.7144  smoothAUC=0.7743  (168.7s)
  ✓ Fold 3 new best smoothed AUC=0.7743  saved.
    batch 1/11
    [swap-guard] 96.4% swap used (batch 3/11) -- pausing 3s for extra cleanup
    batch 6/11
    [swap-guard] 94.2% swap used (batch 6/11) -- pausing 3s for extra cleanup
    [swap-guard] 93.9% swap used (batch 9/11) -- pausing 3s for extra cleanup
    batch 11/11
    [swap-guard] 90.9% swap used (epoch end) -- pausing 3s for extra cleanup
    [swap-guard] 95.6% swap used (fold 3 epoch 37 val) -- pausing 3s for extra cleanup
  Ep  37/200  loss=0.9474  AUC=0.7740  AP=0.7393  smoothAUC=0.7746  (184.7s)
  ✓ Fold 3 new best smoothed AUC=0.7746  saved.
    batch 1/11
    [swap-guard] 96.9% swap used (batch 3/11) -- pausing 3s for extra cleanup
    batch 6/11
    [swap-guard] 94.0% swap used (batch 6/11) -- pausing 3s for extra cleanup
    batch 11/11
    [swap-guard] 93.7% swap used (epoch end) -- pausing 3s for extra cleanup
    [swap-guard] 97.5% swap used (fold 3 epoch 38 val) -- pausing 3s for extra cleanup
  Ep  38/200  loss=0.8971  AUC=0.7971  AP=0.7804  smoothAUC=0.7786  (166.4s)
  ✓ Fold 3 new best smoothed AUC=0.7786  saved.
    batch 1/11
    [swap-guard] 96.9% swap used (batch 3/11) -- pausing 3s for extra cleanup
    batch 6/11
    [swap-guard] 93.7% swap used (batch 6/11) -- pausing 3s for extra cleanup
    [swap-guard] 92.3% swap used (batch 9/11) -- pausing 3s for extra cleanup
    batch 11/11
    [swap-guard] 93.5% swap used (epoch end) -- pausing 3s for extra cleanup
    [swap-guard] 91.4% swap used (fold 3 epoch 39 val) -- pausing 3s for extra cleanup
  Ep  39/200  loss=0.9063  AUC=0.8035  AP=0.7868  smoothAUC=0.7916  (185.4s)
  ✓ Fold 3 new best smoothed AUC=0.7916  saved.
    batch 1/11
    [swap-guard] 93.7% swap used (batch 3/11) -- pausing 3s for extra cleanup
    batch 6/11
    [swap-guard] 93.2% swap used (batch 6/11) -- pausing 3s for extra cleanup
    [swap-guard] 96.7% swap used (batch 9/11) -- pausing 3s for extra cleanup
    batch 11/11
    [swap-guard] 91.5% swap used (epoch end) -- pausing 3s for extra cleanup
    [swap-guard] 92.8% swap used (fold 3 epoch 40 val) -- pausing 3s for extra cleanup
  Ep  40/200  loss=1.1096  AUC=0.8107  AP=0.7879  smoothAUC=0.8038  (195.3s)
  ✓ Fold 3 new best smoothed AUC=0.8038  saved.
    batch 1/11
    [swap-guard] 92.4% swap used (batch 3/11) -- pausing 3s for extra cleanup
    batch 6/11
    [swap-guard] 94.4% swap used (batch 6/11) -- pausing 3s for extra cleanup
    [swap-guard] 95.3% swap used (batch 9/11) -- pausing 3s for extra cleanup
    batch 11/11
    [swap-guard] 94.0% swap used (epoch end) -- pausing 3s for extra cleanup
  Ep  41/200  loss=0.9214  AUC=0.8137  AP=0.7806  smoothAUC=0.8093  (172.9s)
  ✓ Fold 3 new best smoothed AUC=0.8093  saved.
    batch 1/11
    [swap-guard] 91.3% swap used (batch 3/11) -- pausing 3s for extra cleanup
    batch 6/11
    [swap-guard] 96.3% swap used (batch 6/11) -- pausing 3s for extra cleanup
    [swap-guard] 94.0% swap used (batch 9/11) -- pausing 3s for extra cleanup
    batch 11/11
    [swap-guard] 90.2% swap used (epoch end) -- pausing 3s for extra cleanup
    [swap-guard] 95.8% swap used (fold 3 epoch 42 val) -- pausing 3s for extra cleanup
  Ep  42/200  loss=0.8928  AUC=0.7977  AP=0.7671  smoothAUC=0.8074  (203.2s)
    batch 1/11
    [swap-guard] 94.7% swap used (batch 3/11) -- pausing 3s for extra cleanup
    batch 6/11
    [swap-guard] 93.3% swap used (batch 6/11) -- pausing 3s for extra cleanup
    [swap-guard] 93.2% swap used (batch 9/11) -- pausing 3s for extra cleanup
    batch 11/11
    [swap-guard] 96.6% swap used (epoch end) -- pausing 3s for extra cleanup
    [swap-guard] 96.3% swap used (fold 3 epoch 43 val) -- pausing 3s for extra cleanup
  Ep  43/200  loss=0.8967  AUC=0.8043  AP=0.7692  smoothAUC=0.8053  (201.5s)
    batch 1/11
    [swap-guard] 95.0% swap used (batch 3/11) -- pausing 3s for extra cleanup
    batch 6/11
    [swap-guard] 95.4% swap used (batch 6/11) -- pausing 3s for extra cleanup
    batch 11/11
    [swap-guard] 91.4% swap used (epoch end) -- pausing 3s for extra cleanup
    [swap-guard] 95.7% swap used (fold 3 epoch 44 val) -- pausing 3s for extra cleanup
  Ep  44/200  loss=0.8695  AUC=0.8128  AP=0.7836  smoothAUC=0.8050  (185.6s)
    batch 1/11
    [swap-guard] 95.0% swap used (batch 3/11) -- pausing 3s for extra cleanup
    batch 6/11
    [swap-guard] 96.1% swap used (batch 6/11) -- pausing 3s for extra cleanup
    [swap-guard] 93.8% swap used (batch 9/11) -- pausing 3s for extra cleanup
    batch 11/11
    [swap-guard] 93.7% swap used (epoch end) -- pausing 3s for extra cleanup
    [swap-guard] 93.2% swap used (fold 3 epoch 45 val) -- pausing 3s for extra cleanup
  Ep  45/200  loss=0.8235  AUC=0.8100  AP=0.7802  smoothAUC=0.8091  (134.5s)
    batch 1/11
    [swap-guard] 94.4% swap used (batch 3/11) -- pausing 3s for extra cleanup
    batch 6/11
    [swap-guard] 94.9% swap used (batch 6/11) -- pausing 3s for extra cleanup
    [swap-guard] 92.4% swap used (batch 9/11) -- pausing 3s for extra cleanup
    batch 11/11
    [swap-guard] 95.0% swap used (epoch end) -- pausing 3s for extra cleanup
    [swap-guard] 94.9% swap used (fold 3 epoch 46 val) -- pausing 3s for extra cleanup
  Ep  46/200  loss=0.9020  AUC=0.8157  AP=0.7832  smoothAUC=0.8129  (204.4s)
  ✓ Fold 3 new best smoothed AUC=0.8129  saved.
    batch 1/11
    [swap-guard] 95.3% swap used (batch 3/11) -- pausing 3s for extra cleanup
    batch 6/11
    [swap-guard] 94.9% swap used (batch 6/11) -- pausing 3s for extra cleanup
    [swap-guard] 93.9% swap used (batch 9/11) -- pausing 3s for extra cleanup
    batch 11/11
    [swap-guard] 90.9% swap used (epoch end) -- pausing 3s for extra cleanup
  Ep  47/200  loss=0.8251  AUC=0.8084  AP=0.7662  smoothAUC=0.8114  (157.5s)
    batch 1/11
    [swap-guard] 96.0% swap used (batch 3/11) -- pausing 3s for extra cleanup
    batch 6/11
    [swap-guard] 95.6% swap used (batch 6/11) -- pausing 3s for extra cleanup
    [swap-guard] 94.1% swap used (batch 9/11) -- pausing 3s for extra cleanup
    batch 11/11
    [swap-guard] 92.4% swap used (epoch end) -- pausing 3s for extra cleanup
    [swap-guard] 96.1% swap used (fold 3 epoch 48 val) -- pausing 3s for extra cleanup
  Ep  48/200  loss=0.9109  AUC=0.8056  AP=0.7763  smoothAUC=0.8099  (257.8s)
    batch 1/11
    [swap-guard] 94.9% swap used (batch 3/11) -- pausing 3s for extra cleanup
    batch 6/11
    [swap-guard] 93.0% swap used (batch 6/11) -- pausing 3s for extra cleanup
    [swap-guard] 96.5% swap used (batch 9/11) -- pausing 3s for extra cleanup
    batch 11/11
    [swap-guard] 93.8% swap used (epoch end) -- pausing 3s for extra cleanup
    [swap-guard] 97.6% swap used (fold 3 epoch 49 val) -- pausing 3s for extra cleanup
  Ep  49/200  loss=0.8912  AUC=0.8154  AP=0.7871  smoothAUC=0.8098  (221.0s)
    batch 1/11
    [swap-guard] 94.6% swap used (batch 3/11) -- pausing 3s for extra cleanup
    batch 6/11
    [swap-guard] 94.9% swap used (batch 6/11) -- pausing 3s for extra cleanup
    [swap-guard] 95.6% swap used (batch 9/11) -- pausing 3s for extra cleanup
    batch 11/11
    [swap-guard] 91.9% swap used (epoch end) -- pausing 3s for extra cleanup
    [swap-guard] 96.5% swap used (fold 3 epoch 50 val) -- pausing 3s for extra cleanup
  Ep  50/200  loss=0.8333  AUC=0.8060  AP=0.7768  smoothAUC=0.8090  (234.6s)
    batch 1/11
    [swap-guard] 96.4% swap used (batch 3/11) -- pausing 3s for extra cleanup
    batch 6/11
    [swap-guard] 94.0% swap used (batch 6/11) -- pausing 3s for extra cleanup
    [swap-guard] 93.9% swap used (batch 9/11) -- pausing 3s for extra cleanup
    batch 11/11
    [swap-guard] 91.3% swap used (epoch end) -- pausing 3s for extra cleanup
    [swap-guard] 92.6% swap used (fold 3 epoch 51 val) -- pausing 3s for extra cleanup
  Ep  51/200  loss=0.8258  AUC=0.8147  AP=0.7841  smoothAUC=0.8121  (186.0s)
    batch 1/11
    [swap-guard] 94.2% swap used (batch 3/11) -- pausing 3s for extra cleanup
    batch 6/11
    [swap-guard] 94.4% swap used (batch 6/11) -- pausing 3s for extra cleanup
    [swap-guard] 92.9% swap used (batch 9/11) -- pausing 3s for extra cleanup
    batch 11/11
    [swap-guard] 91.6% swap used (epoch end) -- pausing 3s for extra cleanup
    [swap-guard] 93.5% swap used (fold 3 epoch 52 val) -- pausing 3s for extra cleanup
  Ep  52/200  loss=0.7813  AUC=0.8219  AP=0.7936  smoothAUC=0.8142  (155.1s)
  ✓ Fold 3 new best smoothed AUC=0.8142  saved.
    batch 1/11
    [swap-guard] 94.6% swap used (batch 3/11) -- pausing 3s for extra cleanup
    batch 6/11
    [swap-guard] 94.6% swap used (batch 9/11) -- pausing 3s for extra cleanup
    batch 11/11
    [swap-guard] 96.8% swap used (epoch end) -- pausing 3s for extra cleanup
    [swap-guard] 95.9% swap used (fold 3 epoch 53 val) -- pausing 3s for extra cleanup
  Ep  53/200  loss=0.7857  AUC=0.8267  AP=0.8030  smoothAUC=0.8211  (179.4s)
  ✓ Fold 3 new best smoothed AUC=0.8211  saved.
    batch 1/11
    [swap-guard] 97.8% swap used (batch 3/11) -- pausing 3s for extra cleanup
    batch 6/11
    [swap-guard] 95.8% swap used (batch 9/11) -- pausing 3s for extra cleanup
    batch 11/11
    [swap-guard] 93.2% swap used (epoch end) -- pausing 3s for extra cleanup
    [swap-guard] 91.2% swap used (fold 3 epoch 54 val) -- pausing 3s for extra cleanup
  Ep  54/200  loss=0.7570  AUC=0.8257  AP=0.8043  smoothAUC=0.8248  (125.1s)
  ✓ Fold 3 new best smoothed AUC=0.8248  saved.
    batch 1/11
    [swap-guard] 94.0% swap used (batch 3/11) -- pausing 3s for extra cleanup
    batch 6/11
    [swap-guard] 97.7% swap used (batch 6/11) -- pausing 3s for extra cleanup
    [swap-guard] 96.6% swap used (batch 9/11) -- pausing 3s for extra cleanup
    batch 11/11
    [swap-guard] 94.6% swap used (epoch end) -- pausing 3s for extra cleanup
    [swap-guard] 97.9% swap used (fold 3 epoch 55 val) -- pausing 3s for extra cleanup
  Ep  55/200  loss=0.8585  AUC=0.8377  AP=0.8090  smoothAUC=0.8300  (218.6s)
  ✓ Fold 3 new best smoothed AUC=0.8300  saved.
    batch 1/11
    [swap-guard] 95.3% swap used (batch 3/11) -- pausing 3s for extra cleanup
    batch 6/11
    [swap-guard] 94.1% swap used (batch 6/11) -- pausing 3s for extra cleanup
    [swap-guard] 96.4% swap used (batch 9/11) -- pausing 3s for extra cleanup
    batch 11/11
    [swap-guard] 96.3% swap used (epoch end) -- pausing 3s for extra cleanup
    [swap-guard] 94.1% swap used (fold 3 epoch 56 val) -- pausing 3s for extra cleanup
  Ep  56/200  loss=0.7306  AUC=0.8264  AP=0.8019  smoothAUC=0.8299  (216.5s)
    batch 1/11
    [swap-guard] 96.1% swap used (batch 3/11) -- pausing 3s for extra cleanup
    batch 6/11
    [swap-guard] 96.3% swap used (batch 6/11) -- pausing 3s for extra cleanup
    [swap-guard] 94.3% swap used (batch 9/11) -- pausing 3s for extra cleanup
    batch 11/11
    [swap-guard] 92.1% swap used (epoch end) -- pausing 3s for extra cleanup
    [swap-guard] 98.2% swap used (fold 3 epoch 57 val) -- pausing 3s for extra cleanup
  Ep  57/200  loss=0.7645  AUC=0.8290  AP=0.8046  smoothAUC=0.8310  (252.6s)
  ✓ Fold 3 new best smoothed AUC=0.8310  saved.
    batch 1/11
    [swap-guard] 96.5% swap used (batch 3/11) -- pausing 3s for extra cleanup
    batch 6/11
    [swap-guard] 97.1% swap used (batch 6/11) -- pausing 3s for extra cleanup
    [swap-guard] 95.9% swap used (batch 9/11) -- pausing 3s for extra cleanup
    batch 11/11
    [swap-guard] 93.9% swap used (epoch end) -- pausing 3s for extra cleanup
    [swap-guard] 95.5% swap used (fold 3 epoch 58 val) -- pausing 3s for extra cleanup
  Ep  58/200  loss=0.7413  AUC=0.8335  AP=0.8147  smoothAUC=0.8296  (202.0s)
    batch 1/11
    [swap-guard] 95.3% swap used (batch 3/11) -- pausing 3s for extra cleanup
    batch 6/11
    [swap-guard] 94.3% swap used (batch 6/11) -- pausing 3s for extra cleanup
    [swap-guard] 95.6% swap used (batch 9/11) -- pausing 3s for extra cleanup
    batch 11/11
    [swap-guard] 93.0% swap used (epoch end) -- pausing 3s for extra cleanup
    [swap-guard] 97.9% swap used (fold 3 epoch 59 val) -- pausing 3s for extra cleanup
  Ep  59/200  loss=0.7492  AUC=0.8311  AP=0.8050  smoothAUC=0.8312  (238.7s)
  ✓ Fold 3 new best smoothed AUC=0.8312  saved.
    batch 1/11
    [swap-guard] 95.3% swap used (batch 3/11) -- pausing 3s for extra cleanup
    batch 6/11
    [swap-guard] 96.1% swap used (batch 6/11) -- pausing 3s for extra cleanup
    [swap-guard] 97.3% swap used (batch 9/11) -- pausing 3s for extra cleanup
    batch 11/11
    [swap-guard] 94.2% swap used (epoch end) -- pausing 3s for extra cleanup
  Ep  60/200  loss=0.7174  AUC=0.8149  AP=0.7816  smoothAUC=0.8265  (200.3s)
    batch 1/11
    [swap-guard] 96.1% swap used (batch 3/11) -- pausing 3s for extra cleanup
    batch 6/11
    [swap-guard] 95.6% swap used (batch 6/11) -- pausing 3s for extra cleanup
    [swap-guard] 96.2% swap used (batch 9/11) -- pausing 3s for extra cleanup
    batch 11/11
    [swap-guard] 97.7% swap used (epoch end) -- pausing 3s for extra cleanup
    [swap-guard] 96.5% swap used (fold 3 epoch 61 val) -- pausing 3s for extra cleanup
  Ep  61/200  loss=0.7444  AUC=0.8252  AP=0.7867  smoothAUC=0.8238  (213.3s)
    batch 1/11
    [swap-guard] 91.9% swap used (batch 3/11) -- pausing 3s for extra cleanup
    batch 6/11
    [swap-guard] 95.0% swap used (batch 9/11) -- pausing 3s for extra cleanup
    batch 11/11
    [swap-guard] 91.9% swap used (epoch end) -- pausing 3s for extra cleanup
    [swap-guard] 96.6% swap used (fold 3 epoch 62 val) -- pausing 3s for extra cleanup
  Ep  62/200  loss=0.7346  AUC=0.8374  AP=0.8070  smoothAUC=0.8258  (230.7s)
    batch 1/11
    [swap-guard] 94.9% swap used (batch 3/11) -- pausing 3s for extra cleanup
    batch 6/11
    [swap-guard] 96.3% swap used (batch 6/11) -- pausing 3s for extra cleanup
    [swap-guard] 97.8% swap used (batch 9/11) -- pausing 3s for extra cleanup
    batch 11/11
    [swap-guard] 94.5% swap used (epoch end) -- pausing 3s for extra cleanup
    [swap-guard] 94.1% swap used (fold 3 epoch 63 val) -- pausing 3s for extra cleanup
  Ep  63/200  loss=0.7892  AUC=0.8232  AP=0.7799  smoothAUC=0.8286  (251.0s)
    batch 1/11
    [swap-guard] 97.9% swap used (batch 3/11) -- pausing 3s for extra cleanup
    batch 6/11
    [swap-guard] 94.1% swap used (batch 6/11) -- pausing 3s for extra cleanup
    [swap-guard] 95.9% swap used (batch 9/11) -- pausing 3s for extra cleanup
    batch 11/11
    [swap-guard] 94.8% swap used (epoch end) -- pausing 3s for extra cleanup
    [swap-guard] 96.0% swap used (fold 3 epoch 64 val) -- pausing 3s for extra cleanup
  Ep  64/200  loss=0.7756  AUC=0.8263  AP=0.7924  smoothAUC=0.8290  (270.0s)
    batch 1/11
    [swap-guard] 96.4% swap used (batch 3/11) -- pausing 3s for extra cleanup
    batch 6/11
    [swap-guard] 96.8% swap used (batch 6/11) -- pausing 3s for extra cleanup
    [swap-guard] 95.0% swap used (batch 9/11) -- pausing 3s for extra cleanup
    batch 11/11
    [swap-guard] 97.0% swap used (epoch end) -- pausing 3s for extra cleanup
    [swap-guard] 96.4% swap used (fold 3 epoch 65 val) -- pausing 3s for extra cleanup
  Ep  65/200  loss=0.6808  AUC=0.8281  AP=0.7939  smoothAUC=0.8259  (162.6s)
    batch 1/11
    [swap-guard] 96.9% swap used (batch 3/11) -- pausing 3s for extra cleanup
    batch 6/11
    [swap-guard] 95.2% swap used (batch 6/11) -- pausing 3s for extra cleanup
    batch 11/11
    [swap-guard] 91.9% swap used (epoch end) -- pausing 3s for extra cleanup
    [swap-guard] 95.3% swap used (fold 3 epoch 66 val) -- pausing 3s for extra cleanup
  Ep  66/200  loss=0.6634  AUC=0.8263  AP=0.7978  smoothAUC=0.8269  (299.9s)
    batch 1/11
    [swap-guard] 97.0% swap used (batch 3/11) -- pausing 3s for extra cleanup
    batch 6/11
    [swap-guard] 96.2% swap used (batch 6/11) -- pausing 3s for extra cleanup
    [swap-guard] 95.0% swap used (batch 9/11) -- pausing 3s for extra cleanup
    batch 11/11
    [swap-guard] 94.2% swap used (epoch end) -- pausing 3s for extra cleanup
    [swap-guard] 96.8% swap used (fold 3 epoch 67 val) -- pausing 3s for extra cleanup
  Ep  67/200  loss=0.6594  AUC=0.8228  AP=0.7963  smoothAUC=0.8257  (205.4s)
    batch 1/11
    batch 6/11
    [swap-guard] 93.6% swap used (batch 9/11) -- pausing 3s for extra cleanup
    batch 11/11
    [swap-guard] 94.7% swap used (epoch end) -- pausing 3s for extra cleanup
    [swap-guard] 94.7% swap used (fold 3 epoch 68 val) -- pausing 3s for extra cleanup
  Ep  68/200  loss=0.6623  AUC=0.8210  AP=0.7999  smoothAUC=0.8233  (192.5s)
    batch 1/11
    [swap-guard] 94.4% swap used (batch 3/11) -- pausing 3s for extra cleanup
    batch 6/11
    [swap-guard] 94.1% swap used (batch 6/11) -- pausing 3s for extra cleanup
    [swap-guard] 94.4% swap used (batch 9/11) -- pausing 3s for extra cleanup
    batch 11/11
    [swap-guard] 95.3% swap used (epoch end) -- pausing 3s for extra cleanup
    [swap-guard] 93.5% swap used (fold 3 epoch 69 val) -- pausing 3s for extra cleanup
  Ep  69/200  loss=0.6328  AUC=0.8174  AP=0.7985  smoothAUC=0.8204  (211.1s)
    batch 1/11
    [swap-guard] 97.8% swap used (batch 3/11) -- pausing 3s for extra cleanup
    batch 6/11
    [swap-guard] 97.5% swap used (batch 6/11) -- pausing 3s for extra cleanup
    [swap-guard] 95.5% swap used (batch 9/11) -- pausing 3s for extra cleanup
    batch 11/11
    [swap-guard] 94.1% swap used (epoch end) -- pausing 3s for extra cleanup
    [swap-guard] 94.1% swap used (fold 3 epoch 70 val) -- pausing 3s for extra cleanup
  Ep  70/200  loss=0.5861  AUC=0.8220  AP=0.8031  smoothAUC=0.8201  (232.0s)
    batch 1/11
    [swap-guard] 96.9% swap used (batch 3/11) -- pausing 3s for extra cleanup
    batch 6/11
    [swap-guard] 96.2% swap used (batch 6/11) -- pausing 3s for extra cleanup
    [swap-guard] 94.3% swap used (batch 9/11) -- pausing 3s for extra cleanup
    batch 11/11
    [swap-guard] 93.8% swap used (epoch end) -- pausing 3s for extra cleanup
    [swap-guard] 96.1% swap used (fold 3 epoch 71 val) -- pausing 3s for extra cleanup
  Ep  71/200  loss=0.5506  AUC=0.8252  AP=0.8075  smoothAUC=0.8215  (179.8s)
    batch 1/11
    [swap-guard] 96.8% swap used (batch 3/11) -- pausing 3s for extra cleanup
    batch 6/11
    [swap-guard] 94.5% swap used (batch 6/11) -- pausing 3s for extra cleanup
    batch 11/11
    [swap-guard] 93.8% swap used (epoch end) -- pausing 3s for extra cleanup
    [swap-guard] 97.7% swap used (fold 3 epoch 72 val) -- pausing 3s for extra cleanup
  Ep  72/200  loss=0.6029  AUC=0.8313  AP=0.8185  smoothAUC=0.8262  (215.6s)
    batch 1/11
    [swap-guard] 96.6% swap used (batch 3/11) -- pausing 3s for extra cleanup
    batch 6/11
    [swap-guard] 93.9% swap used (batch 6/11) -- pausing 3s for extra cleanup
    [swap-guard] 96.3% swap used (batch 9/11) -- pausing 3s for extra cleanup
    batch 11/11
    [swap-guard] 93.7% swap used (epoch end) -- pausing 3s for extra cleanup
    [swap-guard] 96.7% swap used (fold 3 epoch 73 val) -- pausing 3s for extra cleanup
  Ep  73/200  loss=0.5705  AUC=0.8328  AP=0.8246  smoothAUC=0.8298  (262.3s)
    batch 1/11
    [swap-guard] 96.2% swap used (batch 3/11) -- pausing 3s for extra cleanup
    batch 6/11
    [swap-guard] 97.8% swap used (batch 6/11) -- pausing 3s for extra cleanup
    [swap-guard] 95.9% swap used (batch 9/11) -- pausing 3s for extra cleanup
    batch 11/11
    [swap-guard] 95.9% swap used (epoch end) -- pausing 3s for extra cleanup
    [swap-guard] 95.0% swap used (fold 3 epoch 74 val) -- pausing 3s for extra cleanup
  Ep  74/200  loss=0.5742  AUC=0.8352  AP=0.8284  smoothAUC=0.8331  (267.4s)
  ✓ Fold 3 new best smoothed AUC=0.8331  saved.
    batch 1/11
    [swap-guard] 97.6% swap used (batch 3/11) -- pausing 3s for extra cleanup
    batch 6/11
    [swap-guard] 97.6% swap used (batch 6/11) -- pausing 3s for extra cleanup
    [swap-guard] 98.0% swap used (batch 9/11) -- pausing 3s for extra cleanup
    batch 11/11
    [swap-guard] 97.0% swap used (epoch end) -- pausing 3s for extra cleanup
    [swap-guard] 97.0% swap used (fold 3 epoch 75 val) -- pausing 3s for extra cleanup
  Ep  75/200  loss=0.5839  AUC=0.8352  AP=0.8273  smoothAUC=0.8344  (160.6s)
  ✓ Fold 3 new best smoothed AUC=0.8344  saved.
    batch 1/11
    [swap-guard] 95.8% swap used (batch 3/11) -- pausing 3s for extra cleanup
    batch 6/11
    [swap-guard] 95.7% swap used (batch 6/11) -- pausing 3s for extra cleanup
    [swap-guard] 95.9% swap used (batch 9/11) -- pausing 3s for extra cleanup
    batch 11/11
    [swap-guard] 94.0% swap used (epoch end) -- pausing 3s for extra cleanup
    [swap-guard] 94.5% swap used (fold 3 epoch 76 val) -- pausing 3s for extra cleanup
  Ep  76/200  loss=0.5829  AUC=0.8393  AP=0.8327  smoothAUC=0.8366  (196.7s)
  ✓ Fold 3 new best smoothed AUC=0.8366  saved.
    batch 1/11
    [swap-guard] 95.0% swap used (batch 3/11) -- pausing 3s for extra cleanup
    batch 6/11
    [swap-guard] 96.0% swap used (batch 6/11) -- pausing 3s for extra cleanup
    [swap-guard] 97.3% swap used (batch 9/11) -- pausing 3s for extra cleanup
    batch 11/11
    [swap-guard] 92.9% swap used (epoch end) -- pausing 3s for extra cleanup
    [swap-guard] 95.3% swap used (fold 3 epoch 77 val) -- pausing 3s for extra cleanup
  Ep  77/200  loss=0.5974  AUC=0.8422  AP=0.8333  smoothAUC=0.8389  (217.1s)
  ✓ Fold 3 new best smoothed AUC=0.8389  saved.
    batch 1/11
    [swap-guard] 97.4% swap used (batch 3/11) -- pausing 3s for extra cleanup
    batch 6/11
    [swap-guard] 97.1% swap used (batch 6/11) -- pausing 3s for extra cleanup
    [swap-guard] 98.1% swap used (batch 9/11) -- pausing 3s for extra cleanup
    batch 11/11
    [swap-guard] 93.7% swap used (epoch end) -- pausing 3s for extra cleanup
    [swap-guard] 95.3% swap used (fold 3 epoch 78 val) -- pausing 3s for extra cleanup
  Ep  78/200  loss=0.6358  AUC=0.8369  AP=0.8237  smoothAUC=0.8395  (195.1s)
  ✓ Fold 3 new best smoothed AUC=0.8395  saved.
    batch 1/11
    [swap-guard] 96.1% swap used (batch 3/11) -- pausing 3s for extra cleanup
    batch 6/11
    [swap-guard] 95.2% swap used (batch 6/11) -- pausing 3s for extra cleanup
    [swap-guard] 94.4% swap used (batch 9/11) -- pausing 3s for extra cleanup
    batch 11/11
    [swap-guard] 95.8% swap used (epoch end) -- pausing 3s for extra cleanup
    [swap-guard] 96.1% swap used (fold 3 epoch 79 val) -- pausing 3s for extra cleanup
  Ep  79/200  loss=0.5391  AUC=0.8357  AP=0.8227  smoothAUC=0.8383  (215.9s)
    batch 1/11
    [swap-guard] 93.7% swap used (batch 3/11) -- pausing 3s for extra cleanup
    batch 6/11
    [swap-guard] 96.5% swap used (batch 6/11) -- pausing 3s for extra cleanup
    [swap-guard] 94.6% swap used (batch 9/11) -- pausing 3s for extra cleanup
    batch 11/11
    [swap-guard] 97.5% swap used (epoch end) -- pausing 3s for extra cleanup
    [swap-guard] 97.1% swap used (fold 3 epoch 80 val) -- pausing 3s for extra cleanup
  Ep  80/200  loss=0.5582  AUC=0.8270  AP=0.8121  smoothAUC=0.8332  (250.1s)
    batch 1/11
    [swap-guard] 96.2% swap used (batch 3/11) -- pausing 3s for extra cleanup
    batch 6/11
    [swap-guard] 97.0% swap used (batch 6/11) -- pausing 3s for extra cleanup
    [swap-guard] 97.5% swap used (batch 9/11) -- pausing 3s for extra cleanup
    batch 11/11
    [swap-guard] 94.3% swap used (epoch end) -- pausing 3s for extra cleanup
    [swap-guard] 97.5% swap used (fold 3 epoch 81 val) -- pausing 3s for extra cleanup
  Ep  81/200  loss=0.5242  AUC=0.8292  AP=0.8135  smoothAUC=0.8306  (187.1s)
    batch 1/11
    [swap-guard] 95.8% swap used (batch 3/11) -- pausing 3s for extra cleanup
    batch 6/11
    [swap-guard] 96.0% swap used (batch 6/11) -- pausing 3s for extra cleanup
    [swap-guard] 96.7% swap used (batch 9/11) -- pausing 3s for extra cleanup
    batch 11/11
    [swap-guard] 94.3% swap used (epoch end) -- pausing 3s for extra cleanup
    [swap-guard] 94.2% swap used (fold 3 epoch 82 val) -- pausing 3s for extra cleanup
  Ep  82/200  loss=0.5662  AUC=0.8307  AP=0.8191  smoothAUC=0.8290  (219.2s)
    batch 1/11
    [swap-guard] 96.0% swap used (batch 3/11) -- pausing 3s for extra cleanup
    batch 6/11
    [swap-guard] 95.2% swap used (batch 6/11) -- pausing 3s for extra cleanup
    [swap-guard] 97.4% swap used (batch 9/11) -- pausing 3s for extra cleanup
    batch 11/11
    [swap-guard] 93.0% swap used (epoch end) -- pausing 3s for extra cleanup
    [swap-guard] 97.1% swap used (fold 3 epoch 83 val) -- pausing 3s for extra cleanup
  Ep  83/200  loss=0.5358  AUC=0.8360  AP=0.8237  smoothAUC=0.8320  (295.2s)
    batch 1/11
    [swap-guard] 96.4% swap used (batch 3/11) -- pausing 3s for extra cleanup
    batch 6/11
    [swap-guard] 95.7% swap used (batch 6/11) -- pausing 3s for extra cleanup
    [swap-guard] 95.3% swap used (batch 9/11) -- pausing 3s for extra cleanup
    batch 11/11
    [swap-guard] 96.5% swap used (epoch end) -- pausing 3s for extra cleanup
    [swap-guard] 97.3% swap used (fold 3 epoch 84 val) -- pausing 3s for extra cleanup
  Ep  84/200  loss=0.5000  AUC=0.8380  AP=0.8235  smoothAUC=0.8349  (294.5s)
    batch 1/11
    [swap-guard] 94.6% swap used (batch 3/11) -- pausing 3s for extra cleanup
    batch 6/11
    [swap-guard] 95.3% swap used (batch 6/11) -- pausing 3s for extra cleanup
    [swap-guard] 96.5% swap used (batch 9/11) -- pausing 3s for extra cleanup
    batch 11/11
    [swap-guard] 95.7% swap used (epoch end) -- pausing 3s for extra cleanup
    [swap-guard] 95.9% swap used (fold 3 epoch 85 val) -- pausing 3s for extra cleanup
  Ep  85/200  loss=0.5231  AUC=0.8313  AP=0.8165  smoothAUC=0.8351  (243.0s)
    batch 1/11
    [swap-guard] 97.0% swap used (batch 3/11) -- pausing 3s for extra cleanup
    batch 6/11
    [swap-guard] 95.2% swap used (batch 6/11) -- pausing 3s for extra cleanup
    batch 11/11
    [swap-guard] 92.8% swap used (epoch end) -- pausing 3s for extra cleanup
    [swap-guard] 95.6% swap used (fold 3 epoch 86 val) -- pausing 3s for extra cleanup
  Ep  86/200  loss=0.5114  AUC=0.8258  AP=0.8046  smoothAUC=0.8317  (175.8s)
    batch 1/11
    [swap-guard] 96.0% swap used (batch 3/11) -- pausing 3s for extra cleanup
    batch 6/11
    [swap-guard] 96.6% swap used (batch 6/11) -- pausing 3s for extra cleanup
    [swap-guard] 95.9% swap used (batch 9/11) -- pausing 3s for extra cleanup
    batch 11/11
    [swap-guard] 95.9% swap used (epoch end) -- pausing 3s for extra cleanup
    [swap-guard] 90.2% swap used (fold 3 epoch 87 val) -- pausing 3s for extra cleanup
  Ep  87/200  loss=0.6227  AUC=0.8298  AP=0.8078  smoothAUC=0.8290  (234.5s)
    batch 1/11
    [swap-guard] 95.7% swap used (batch 3/11) -- pausing 3s for extra cleanup
    batch 6/11
    [swap-guard] 96.1% swap used (batch 6/11) -- pausing 3s for extra cleanup
    batch 11/11
    [swap-guard] 95.9% swap used (epoch end) -- pausing 3s for extra cleanup
    [swap-guard] 98.8% swap used (fold 3 epoch 88 val) -- pausing 3s for extra cleanup
  Ep  88/200  loss=0.5572  AUC=0.8293  AP=0.8089  smoothAUC=0.8283  (220.9s)
    batch 1/11
    [swap-guard] 97.2% swap used (batch 3/11) -- pausing 3s for extra cleanup
    batch 6/11
    [swap-guard] 95.5% swap used (batch 6/11) -- pausing 3s for extra cleanup
    [swap-guard] 96.0% swap used (batch 9/11) -- pausing 3s for extra cleanup
    batch 11/11
    [swap-guard] 95.5% swap used (epoch end) -- pausing 3s for extra cleanup
    [swap-guard] 98.7% swap used (fold 3 epoch 89 val) -- pausing 3s for extra cleanup
  Ep  89/200  loss=0.5171  AUC=0.8322  AP=0.8146  smoothAUC=0.8304  (263.8s)
    batch 1/11
    [swap-guard] 96.6% swap used (batch 3/11) -- pausing 3s for extra cleanup
    batch 6/11
    [swap-guard] 96.9% swap used (batch 6/11) -- pausing 3s for extra cleanup
    [swap-guard] 97.1% swap used (batch 9/11) -- pausing 3s for extra cleanup
    batch 11/11
    [swap-guard] 93.6% swap used (epoch end) -- pausing 3s for extra cleanup
    [swap-guard] 97.6% swap used (fold 3 epoch 90 val) -- pausing 3s for extra cleanup
  Ep  90/200  loss=0.5027  AUC=0.8323  AP=0.8171  smoothAUC=0.8313  (268.2s)
    batch 1/11
    [swap-guard] 95.9% swap used (batch 3/11) -- pausing 3s for extra cleanup
    batch 6/11
    [swap-guard] 96.9% swap used (batch 6/11) -- pausing 3s for extra cleanup
    [swap-guard] 94.4% swap used (batch 9/11) -- pausing 3s for extra cleanup
    batch 11/11
    [swap-guard] 91.3% swap used (epoch end) -- pausing 3s for extra cleanup
    [swap-guard] 96.2% swap used (fold 3 epoch 91 val) -- pausing 3s for extra cleanup
  Ep  91/200  loss=0.5764  AUC=0.8352  AP=0.8226  smoothAUC=0.8332  (325.9s)
    batch 1/11
    [swap-guard] 96.8% swap used (batch 3/11) -- pausing 3s for extra cleanup
    batch 6/11
    [swap-guard] 97.1% swap used (batch 6/11) -- pausing 3s for extra cleanup
    [swap-guard] 95.9% swap used (batch 9/11) -- pausing 3s for extra cleanup
    batch 11/11
    [swap-guard] 96.2% swap used (epoch end) -- pausing 3s for extra cleanup
  Ep  92/200  loss=0.5476  AUC=0.8363  AP=0.8264  smoothAUC=0.8346  (199.5s)
    batch 1/11
    [swap-guard] 91.5% swap used (batch 3/11) -- pausing 3s for extra cleanup
    batch 6/11
    [swap-guard] 97.7% swap used (batch 6/11) -- pausing 3s for extra cleanup
    [swap-guard] 95.3% swap used (batch 9/11) -- pausing 3s for extra cleanup
    batch 11/11
    [swap-guard] 97.3% swap used (epoch end) -- pausing 3s for extra cleanup
    [swap-guard] 96.6% swap used (fold 3 epoch 93 val) -- pausing 3s for extra cleanup
  Ep  93/200  loss=0.5049  AUC=0.8348  AP=0.8257  smoothAUC=0.8354  (214.2s)
    batch 1/11
    [swap-guard] 96.9% swap used (batch 3/11) -- pausing 3s for extra cleanup
    batch 6/11
    [swap-guard] 94.3% swap used (batch 6/11) -- pausing 3s for extra cleanup
    [swap-guard] 95.0% swap used (batch 9/11) -- pausing 3s for extra cleanup
    batch 11/11
    [swap-guard] 96.0% swap used (epoch end) -- pausing 3s for extra cleanup
    [swap-guard] 94.1% swap used (fold 3 epoch 94 val) -- pausing 3s for extra cleanup
  Ep  94/200  loss=0.5035  AUC=0.8359  AP=0.8255  smoothAUC=0.8357  (401.3s)
    batch 1/11
    [swap-guard] 98.2% swap used (batch 3/11) -- pausing 3s for extra cleanup
    batch 6/11
    [swap-guard] 96.2% swap used (batch 6/11) -- pausing 3s for extra cleanup
    [swap-guard] 97.0% swap used (batch 9/11) -- pausing 3s for extra cleanup
    batch 11/11
    [swap-guard] 95.8% swap used (epoch end) -- pausing 3s for extra cleanup
  Ep  95/200  loss=0.5447  AUC=0.8351  AP=0.8245  smoothAUC=0.8353  (221.4s)
    batch 1/11
    [swap-guard] 95.6% swap used (batch 3/11) -- pausing 3s for extra cleanup
    batch 6/11
    [swap-guard] 95.6% swap used (batch 6/11) -- pausing 3s for extra cleanup
    batch 11/11
    [swap-guard] 96.5% swap used (epoch end) -- pausing 3s for extra cleanup
    [swap-guard] 95.4% swap used (fold 3 epoch 96 val) -- pausing 3s for extra cleanup
  Ep  96/200  loss=0.5414  AUC=0.8357  AP=0.8251  smoothAUC=0.8355  (230.2s)
    batch 1/11
    [swap-guard] 96.4% swap used (batch 3/11) -- pausing 3s for extra cleanup
    batch 6/11
    [swap-guard] 95.8% swap used (batch 6/11) -- pausing 3s for extra cleanup
    [swap-guard] 96.8% swap used (batch 9/11) -- pausing 3s for extra cleanup
    batch 11/11
    [swap-guard] 97.1% swap used (epoch end) -- pausing 3s for extra cleanup
    [swap-guard] 97.3% swap used (fold 3 epoch 97 val) -- pausing 3s for extra cleanup
  Ep  97/200  loss=0.6742  AUC=0.8369  AP=0.8251  smoothAUC=0.8359  (274.4s)
    batch 1/11
    [swap-guard] 96.4% swap used (batch 3/11) -- pausing 3s for extra cleanup
    batch 6/11
    [swap-guard] 94.3% swap used (batch 9/11) -- pausing 3s for extra cleanup
    batch 11/11
    [swap-guard] 95.8% swap used (epoch end) -- pausing 3s for extra cleanup
    [swap-guard] 95.9% swap used (fold 3 epoch 98 val) -- pausing 3s for extra cleanup
  Ep  98/200  loss=0.4716  AUC=0.8364  AP=0.8235  smoothAUC=0.8363  (230.4s)

  Early stopping at epoch 98.

  Fold 3 test — AUC=0.7946  AP=0.7808  (random=0.5000)
    [swap-guard] 92.1% swap used (fold 3 boundary) -- pausing 3s for extra cleanup

=======================================================
  FOLD 4 / 5
=======================================================
/Users/mbp/Documents/MTECH/Sem4/Individual_project/AI_Assisted_3D_Assembly_Design/AI-Assisted-3D-Assembly-Design/.venv/lib/python3.12/site-packages/torch_geometric/transforms/base_transform.py:32: UserWarning: There are not enough negative edges to satisfy the provided sampling ratio. The ratio will be adjusted to 0.00.
  return self.forward(copy.copy(data))
    [DIAG] graph 44: 2 nodes, 2 dir-edges, 1 pos, requested 1 neg but only 0 possible
    [DIAG] graph 60: 2 nodes, 2 dir-edges, 1 pos, requested 1 neg but only 0 possible
    [DIAG] graph 63: 2 nodes, 2 dir-edges, 1 pos, requested 1 neg but only 0 possible
    [DIAG] graph 71: 2 nodes, 2 dir-edges, 1 pos, requested 1 neg but only 0 possible
    [DIAG] graph 126: 2 nodes, 2 dir-edges, 1 pos, requested 1 neg but only 0 possible
  Fold 4/5 — train: 163  val: 40  test: 30
Model built on mps  |  total params: 2,441,809
    batch 1/11
    [swap-guard] 96.3% swap used (batch 3/11) -- pausing 3s for extra cleanup
    batch 6/11
    [swap-guard] 96.4% swap used (batch 6/11) -- pausing 3s for extra cleanup
    [swap-guard] 95.1% swap used (batch 9/11) -- pausing 3s for extra cleanup
    batch 11/11
    [swap-guard] 95.7% swap used (epoch end) -- pausing 3s for extra cleanup
    [swap-guard] 94.3% swap used (fold 4 epoch 1 val) -- pausing 3s for extra cleanup
  Ep   1/200  loss=1.6695  AUC=0.6086  AP=0.6134  smoothAUC=0.6086  (318.9s)
  ✓ Fold 4 new best smoothed AUC=0.6086  saved.
    batch 1/11
    [swap-guard] 97.6% swap used (batch 3/11) -- pausing 3s for extra cleanup
    batch 6/11
    [swap-guard] 93.2% swap used (batch 6/11) -- pausing 3s for extra cleanup
    [swap-guard] 97.0% swap used (batch 9/11) -- pausing 3s for extra cleanup
    batch 11/11
    [swap-guard] 95.4% swap used (epoch end) -- pausing 3s for extra cleanup
  Ep   2/200  loss=1.6580  AUC=0.6125  AP=0.6073  smoothAUC=0.6106  (408.6s)
  ✓ Fold 4 new best smoothed AUC=0.6106  saved.
    batch 1/11
    [swap-guard] 97.4% swap used (batch 3/11) -- pausing 3s for extra cleanup
    batch 6/11
    [swap-guard] 95.6% swap used (batch 6/11) -- pausing 3s for extra cleanup
    [swap-guard] 95.1% swap used (batch 9/11) -- pausing 3s for extra cleanup
    batch 11/11
    [swap-guard] 94.6% swap used (epoch end) -- pausing 3s for extra cleanup
    [swap-guard] 93.4% swap used (fold 4 epoch 3 val) -- pausing 3s for extra cleanup
  Ep   3/200  loss=1.6406  AUC=0.6399  AP=0.6557  smoothAUC=0.6203  (372.9s)
  ✓ Fold 4 new best smoothed AUC=0.6203  saved.
    batch 1/11
    [swap-guard] 94.6% swap used (batch 3/11) -- pausing 3s for extra cleanup
    batch 6/11
    [swap-guard] 96.9% swap used (batch 6/11) -- pausing 3s for extra cleanup
    [swap-guard] 96.1% swap used (batch 9/11) -- pausing 3s for extra cleanup
    batch 11/11
    [swap-guard] 97.7% swap used (epoch end) -- pausing 3s for extra cleanup
    [swap-guard] 94.9% swap used (fold 4 epoch 4 val) -- pausing 3s for extra cleanup
  Ep   4/200  loss=1.6257  AUC=0.6774  AP=0.6832  smoothAUC=0.6433  (332.3s)
  ✓ Fold 4 new best smoothed AUC=0.6433  saved.
    batch 1/11
    [swap-guard] 95.1% swap used (batch 3/11) -- pausing 3s for extra cleanup
    batch 6/11
    [swap-guard] 93.1% swap used (batch 6/11) -- pausing 3s for extra cleanup
    batch 11/11
    [swap-guard] 97.4% swap used (epoch end) -- pausing 3s for extra cleanup
    [swap-guard] 94.4% swap used (fold 4 epoch 5 val) -- pausing 3s for extra cleanup
  Ep   5/200  loss=1.5627  AUC=0.6889  AP=0.6580  smoothAUC=0.6687  (370.0s)
  ✓ Fold 4 new best smoothed AUC=0.6687  saved.
    batch 1/11
    [swap-guard] 94.8% swap used (batch 3/11) -- pausing 3s for extra cleanup
    batch 6/11
    [swap-guard] 95.2% swap used (batch 6/11) -- pausing 3s for extra cleanup
    [swap-guard] 96.5% swap used (batch 9/11) -- pausing 3s for extra cleanup
    batch 11/11
    [swap-guard] 93.8% swap used (epoch end) -- pausing 3s for extra cleanup
    [swap-guard] 96.0% swap used (fold 4 epoch 6 val) -- pausing 3s for extra cleanup
  Ep   6/200  loss=1.5919  AUC=0.6913  AP=0.6662  smoothAUC=0.6859  (403.4s)
  ✓ Fold 4 new best smoothed AUC=0.6859  saved.
    batch 1/11
    [swap-guard] 96.9% swap used (batch 3/11) -- pausing 3s for extra cleanup
    batch 6/11
    [swap-guard] 97.7% swap used (batch 6/11) -- pausing 3s for extra cleanup
    [swap-guard] 96.0% swap used (batch 9/11) -- pausing 3s for extra cleanup
    batch 11/11
    [swap-guard] 97.4% swap used (epoch end) -- pausing 3s for extra cleanup
    [swap-guard] 94.5% swap used (fold 4 epoch 7 val) -- pausing 3s for extra cleanup
  Ep   7/200  loss=1.5137  AUC=0.6765  AP=0.6432  smoothAUC=0.6855  (366.7s)
    batch 1/11
    batch 6/11
    [swap-guard] 95.4% swap used (batch 6/11) -- pausing 3s for extra cleanup
    [swap-guard] 96.3% swap used (batch 9/11) -- pausing 3s for extra cleanup
    batch 11/11
    [swap-guard] 96.5% swap used (epoch end) -- pausing 3s for extra cleanup
    [swap-guard] 92.8% swap used (fold 4 epoch 8 val) -- pausing 3s for extra cleanup
  Ep   8/200  loss=1.5065  AUC=0.6703  AP=0.6338  smoothAUC=0.6794  (336.0s)
    batch 1/11
    [swap-guard] 96.1% swap used (batch 3/11) -- pausing 3s for extra cleanup
    batch 6/11
    [swap-guard] 97.2% swap used (batch 9/11) -- pausing 3s for extra cleanup
    batch 11/11
    [swap-guard] 95.6% swap used (epoch end) -- pausing 3s for extra cleanup
    [swap-guard] 90.9% swap used (fold 4 epoch 9 val) -- pausing 3s for extra cleanup
  Ep   9/200  loss=1.5078  AUC=0.6865  AP=0.6906  smoothAUC=0.6778  (373.5s)
    batch 1/11
    [swap-guard] 96.4% swap used (batch 3/11) -- pausing 3s for extra cleanup
    batch 6/11
    [swap-guard] 95.4% swap used (batch 6/11) -- pausing 3s for extra cleanup
    [swap-guard] 97.4% swap used (batch 9/11) -- pausing 3s for extra cleanup
    batch 11/11
    [swap-guard] 97.2% swap used (epoch end) -- pausing 3s for extra cleanup
    [swap-guard] 94.8% swap used (fold 4 epoch 10 val) -- pausing 3s for extra cleanup
  Ep  10/200  loss=1.4522  AUC=0.7081  AP=0.7147  smoothAUC=0.6883  (286.1s)
  ✓ Fold 4 new best smoothed AUC=0.6883  saved.
    batch 1/11
    [swap-guard] 98.1% swap used (batch 3/11) -- pausing 3s for extra cleanup
    batch 6/11
    [swap-guard] 96.3% swap used (batch 6/11) -- pausing 3s for extra cleanup
    [swap-guard] 96.7% swap used (batch 9/11) -- pausing 3s for extra cleanup
    batch 11/11
    [swap-guard] 95.4% swap used (epoch end) -- pausing 3s for extra cleanup
  Ep  11/200  loss=1.4301  AUC=0.7274  AP=0.7444  smoothAUC=0.7073  (266.9s)
  ✓ Fold 4 new best smoothed AUC=0.7073  saved.
    batch 1/11
    [swap-guard] 97.0% swap used (batch 3/11) -- pausing 3s for extra cleanup
    batch 6/11
    [swap-guard] 97.1% swap used (batch 6/11) -- pausing 3s for extra cleanup
    [swap-guard] 95.6% swap used (batch 9/11) -- pausing 3s for extra cleanup
    batch 11/11
    [swap-guard] 97.8% swap used (epoch end) -- pausing 3s for extra cleanup
    [swap-guard] 96.1% swap used (fold 4 epoch 12 val) -- pausing 3s for extra cleanup
  Ep  12/200  loss=1.4444  AUC=0.7126  AP=0.7207  smoothAUC=0.7160  (444.1s)
  ✓ Fold 4 new best smoothed AUC=0.7160  saved.
    batch 1/11
    [swap-guard] 96.4% swap used (batch 3/11) -- pausing 3s for extra cleanup
    batch 6/11
    [swap-guard] 96.1% swap used (batch 6/11) -- pausing 3s for extra cleanup
    [swap-guard] 93.6% swap used (batch 9/11) -- pausing 3s for extra cleanup
    batch 11/11
    [swap-guard] 95.4% swap used (epoch end) -- pausing 3s for extra cleanup
    [swap-guard] 95.4% swap used (fold 4 epoch 13 val) -- pausing 3s for extra cleanup
  Ep  13/200  loss=1.3515  AUC=0.6904  AP=0.6660  smoothAUC=0.7101  (338.5s)
    batch 1/11
    [swap-guard] 95.8% swap used (batch 3/11) -- pausing 3s for extra cleanup
    batch 6/11
    [swap-guard] 95.9% swap used (batch 6/11) -- pausing 3s for extra cleanup
    [swap-guard] 97.0% swap used (batch 9/11) -- pausing 3s for extra cleanup
    batch 11/11
    [swap-guard] 97.7% swap used (epoch end) -- pausing 3s for extra cleanup
    [swap-guard] 96.3% swap used (fold 4 epoch 14 val) -- pausing 3s for extra cleanup
  Ep  14/200  loss=1.3616  AUC=0.6828  AP=0.6473  smoothAUC=0.6952  (403.8s)
    batch 1/11
    [swap-guard] 96.5% swap used (batch 3/11) -- pausing 3s for extra cleanup
    batch 6/11

[1/4] Loading dataset …
      233 graphs loaded.
      Dataset: 233 graphs | mean nodes=30.5 | mean edges=91.3 | categories: Bench_vice=54 C_Clamps=31 Crane_hook=25 Gate_Valve=25 Pipe_vice=42 Press_Tool=31 Tool_Post=25

[2/4] Building model …  (5-fold CV)

  Resuming from fold 3 — loading prior checkpoints …
Model built on mps  |  total params: 2,441,809
    [DIAG] graph 44: 2 nodes, 2 dir-edges, 1 pos, requested 1 neg but only 0 possible
/Users/mbp/Documents/MTECH/Sem4/Individual_project/AI_Assisted_3D_Assembly_Design/AI-Assisted-3D-Assembly-Design/.venv/lib/python3.12/site-packages/torch_geometric/transforms/base_transform.py:32: UserWarning: There are not enough negative edges to satisfy the provided sampling ratio. The ratio will be adjusted to 0.00.
  return self.forward(copy.copy(data))
    [DIAG] graph 60: 2 nodes, 2 dir-edges, 1 pos, requested 1 neg but only 0 possible
    [DIAG] graph 63: 2 nodes, 2 dir-edges, 1 pos, requested 1 neg but only 0 possible
    [DIAG] graph 71: 2 nodes, 2 dir-edges, 1 pos, requested 1 neg but only 0 possible
    [DIAG] graph 126: 2 nodes, 2 dir-edges, 1 pos, requested 1 neg but only 0 possible
  Fold 1/5 — train: 162  val: 41  test: 30
  Fold 1: AUC=0.8209  AP=0.7936  (from checkpoint, random=0.5000)
Model built on mps  |  total params: 2,441,809
/Users/mbp/Documents/MTECH/Sem4/Individual_project/AI_Assisted_3D_Assembly_Design/AI-Assisted-3D-Assembly-Design/.venv/lib/python3.12/site-packages/torch_geometric/transforms/base_transform.py:32: UserWarning: There are not enough negative edges to satisfy the provided sampling ratio. The ratio will be adjusted to 0.00.
  return self.forward(copy.copy(data))
    [DIAG] graph 63: 2 nodes, 2 dir-edges, 1 pos, requested 1 neg but only 0 possible
    [DIAG] graph 44: 2 nodes, 2 dir-edges, 1 pos, requested 1 neg but only 0 possible
    [DIAG] graph 60: 2 nodes, 2 dir-edges, 1 pos, requested 1 neg but only 0 possible
    [DIAG] graph 71: 2 nodes, 2 dir-edges, 1 pos, requested 1 neg but only 0 possible
    [DIAG] graph 126: 2 nodes, 2 dir-edges, 1 pos, requested 1 neg but only 0 possible
  Fold 2/5 — train: 162  val: 41  test: 30
  Fold 2: AUC=0.8284  AP=0.8361  (from checkpoint, random=0.5000)
Model built on mps  |  total params: 2,441,809
/Users/mbp/Documents/MTECH/Sem4/Individual_project/AI_Assisted_3D_Assembly_Design/AI-Assisted-3D-Assembly-Design/.venv/lib/python3.12/site-packages/torch_geometric/transforms/base_transform.py:32: UserWarning: There are not enough negative edges to satisfy the provided sampling ratio. The ratio will be adjusted to 0.00.
  return self.forward(copy.copy(data))
    [DIAG] graph 44: 2 nodes, 2 dir-edges, 1 pos, requested 1 neg but only 0 possible
    [DIAG] graph 60: 2 nodes, 2 dir-edges, 1 pos, requested 1 neg but only 0 possible
    [DIAG] graph 71: 2 nodes, 2 dir-edges, 1 pos, requested 1 neg but only 0 possible
    [DIAG] graph 126: 2 nodes, 2 dir-edges, 1 pos, requested 1 neg but only 0 possible
    [DIAG] graph 63: 2 nodes, 2 dir-edges, 1 pos, requested 1 neg but only 0 possible
  Fold 3/5 — train: 162  val: 41  test: 30
  Fold 3: AUC=0.7946  AP=0.7808  (from checkpoint, random=0.5000)

[3/4] Training (5 folds) …

=======================================================
  FOLD 4 / 5
=======================================================
/Users/mbp/Documents/MTECH/Sem4/Individual_project/AI_Assisted_3D_Assembly_Design/AI-Assisted-3D-Assembly-Design/.venv/lib/python3.12/site-packages/torch_geometric/transforms/base_transform.py:32: UserWarning: There are not enough negative edges to satisfy the provided sampling ratio. The ratio will be adjusted to 0.00.
  return self.forward(copy.copy(data))
    [DIAG] graph 44: 2 nodes, 2 dir-edges, 1 pos, requested 1 neg but only 0 possible
    [DIAG] graph 60: 2 nodes, 2 dir-edges, 1 pos, requested 1 neg but only 0 possible
    [DIAG] graph 63: 2 nodes, 2 dir-edges, 1 pos, requested 1 neg but only 0 possible
    [DIAG] graph 71: 2 nodes, 2 dir-edges, 1 pos, requested 1 neg but only 0 possible
    [DIAG] graph 126: 2 nodes, 2 dir-edges, 1 pos, requested 1 neg but only 0 possible
  Fold 4/5 — train: 163  val: 40  test: 30
Model built on mps  |  total params: 2,441,809
    batch 1/11
    batch 6/11
    batch 11/11
  Ep   1/200  loss=1.7597  AUC=0.5928  AP=0.5802  smoothAUC=0.5928  (117.4s)
  ✓ Fold 4 new best smoothed AUC=0.5928  saved.
    batch 1/11
    batch 6/11
    [swap-guard] 90.8% swap used (batch 6/11) -- pausing 3s for extra cleanup
    batch 11/11
  Ep   2/200  loss=1.6770  AUC=0.5980  AP=0.6008  smoothAUC=0.5954  (69.4s)
  ✓ Fold 4 new best smoothed AUC=0.5954  saved.
    batch 1/11
    batch 6/11
    [swap-guard] 91.1% swap used (batch 6/11) -- pausing 3s for extra cleanup
    [swap-guard] 90.4% swap used (batch 9/11) -- pausing 3s for extra cleanup
    batch 11/11
  Ep   3/200  loss=1.6073  AUC=0.6194  AP=0.6160  smoothAUC=0.6034  (120.2s)
  ✓ Fold 4 new best smoothed AUC=0.6034  saved.
    batch 1/11
    batch 6/11
    [swap-guard] 90.2% swap used (batch 6/11) -- pausing 3s for extra cleanup
    [swap-guard] 90.6% swap used (batch 9/11) -- pausing 3s for extra cleanup
    batch 11/11
    [swap-guard] 91.3% swap used (epoch end) -- pausing 3s for extra cleanup
  Ep   4/200  loss=1.6249  AUC=0.6749  AP=0.6783  smoothAUC=0.6308  (182.5s)
  ✓ Fold 4 new best smoothed AUC=0.6308  saved.
    batch 1/11
    batch 6/11
    batch 11/11
  Ep   5/200  loss=1.5496  AUC=0.7103  AP=0.7263  smoothAUC=0.6682  (122.5s)
  ✓ Fold 4 new best smoothed AUC=0.6682  saved.
    batch 1/11
    batch 6/11
    [swap-guard] 93.0% swap used (batch 9/11) -- pausing 3s for extra cleanup
    batch 11/11
  Ep   6/200  loss=1.5291  AUC=0.7142  AP=0.7095  smoothAUC=0.6998  (145.6s)
  ✓ Fold 4 new best smoothed AUC=0.6998  saved.
    batch 1/11
    [swap-guard] 92.1% swap used (batch 3/11) -- pausing 3s for extra cleanup
    batch 6/11
    [swap-guard] 91.0% swap used (batch 9/11) -- pausing 3s for extra cleanup
    batch 11/11
    [swap-guard] 92.6% swap used (epoch end) -- pausing 3s for extra cleanup
  Ep   7/200  loss=1.5093  AUC=0.6938  AP=0.6721  smoothAUC=0.7061  (131.8s)
  ✓ Fold 4 new best smoothed AUC=0.7061  saved.
    batch 1/11
    batch 6/11
    [swap-guard] 93.5% swap used (batch 6/11) -- pausing 3s for extra cleanup
    batch 11/11
  Ep   8/200  loss=1.4808  AUC=0.6817  AP=0.6979  smoothAUC=0.6966  (92.5s)
    batch 1/11
    [swap-guard] 95.2% swap used (batch 3/11) -- pausing 3s for extra cleanup
    batch 6/11
    [swap-guard] 93.1% swap used (batch 6/11) -- pausing 3s for extra cleanup
    [swap-guard] 92.4% swap used (batch 9/11) -- pausing 3s for extra cleanup
    batch 11/11
    [swap-guard] 94.6% swap used (epoch end) -- pausing 3s for extra cleanup
  Ep   9/200  loss=1.4381  AUC=0.6747  AP=0.6546  smoothAUC=0.6834  (121.4s)
    batch 1/11
    [swap-guard] 94.5% swap used (batch 3/11) -- pausing 3s for extra cleanup
    batch 6/11
    [swap-guard] 90.8% swap used (batch 9/11) -- pausing 3s for extra cleanup
    batch 11/11
  Ep  10/200  loss=1.4737  AUC=0.6724  AP=0.6632  smoothAUC=0.6763  (89.6s)
    batch 1/11
    batch 6/11
    [swap-guard] 94.5% swap used (batch 6/11) -- pausing 3s for extra cleanup
    [swap-guard] 93.9% swap used (batch 9/11) -- pausing 3s for extra cleanup
    batch 11/11
  Ep  11/200  loss=1.4151  AUC=0.6773  AP=0.6382  smoothAUC=0.6748  (158.6s)
    batch 1/11
    [swap-guard] 91.8% swap used (batch 3/11) -- pausing 3s for extra cleanup
    batch 6/11
    batch 11/11
    [swap-guard] 90.1% swap used (epoch end) -- pausing 3s for extra cleanup
  Ep  12/200  loss=1.4393  AUC=0.7309  AP=0.6852  smoothAUC=0.6935  (119.3s)
    batch 1/11
    batch 6/11
    [swap-guard] 94.8% swap used (batch 6/11) -- pausing 3s for extra cleanup
    [swap-guard] 92.4% swap used (batch 9/11) -- pausing 3s for extra cleanup
    batch 11/11
  Ep  13/200  loss=1.3449  AUC=0.7357  AP=0.6864  smoothAUC=0.7146  (153.2s)
  ✓ Fold 4 new best smoothed AUC=0.7146  saved.
    batch 1/11
    batch 6/11
    [swap-guard] 91.3% swap used (batch 9/11) -- pausing 3s for extra cleanup
    batch 11/11
  Ep  14/200  loss=1.2891  AUC=0.7363  AP=0.7124  smoothAUC=0.7343  (145.7s)
  ✓ Fold 4 new best smoothed AUC=0.7343  saved.
    batch 1/11
    [swap-guard] 96.1% swap used (batch 3/11) -- pausing 3s for extra cleanup
    batch 6/11
    [swap-guard] 94.2% swap used (batch 9/11) -- pausing 3s for extra cleanup
    batch 11/11
    [swap-guard] 91.2% swap used (epoch end) -- pausing 3s for extra cleanup
  Ep  15/200  loss=1.2981  AUC=0.7190  AP=0.6897  smoothAUC=0.7304  (130.6s)
    batch 1/11
    [swap-guard] 92.6% swap used (batch 3/11) -- pausing 3s for extra cleanup
    batch 6/11
    [swap-guard] 91.0% swap used (batch 6/11) -- pausing 3s for extra cleanup
    [swap-guard] 95.0% swap used (batch 9/11) -- pausing 3s for extra cleanup
    batch 11/11
  Ep  16/200  loss=1.3071  AUC=0.7236  AP=0.7197  smoothAUC=0.7263  (121.2s)
    batch 1/11
    [swap-guard] 91.0% swap used (batch 3/11) -- pausing 3s for extra cleanup
    batch 6/11
    [swap-guard] 93.0% swap used (batch 6/11) -- pausing 3s for extra cleanup
    [swap-guard] 94.2% swap used (batch 9/11) -- pausing 3s for extra cleanup
    batch 11/11
  Ep  17/200  loss=1.2915  AUC=0.7473  AP=0.7166  smoothAUC=0.7300  (131.8s)
    batch 1/11
    [swap-guard] 95.5% swap used (batch 3/11) -- pausing 3s for extra cleanup
    batch 6/11
    [swap-guard] 94.6% swap used (batch 6/11) -- pausing 3s for extra cleanup
    [swap-guard] 93.7% swap used (batch 9/11) -- pausing 3s for extra cleanup
    batch 11/11
  Ep  18/200  loss=1.2150  AUC=0.7437  AP=0.7013  smoothAUC=0.7382  (157.0s)
  ✓ Fold 4 new best smoothed AUC=0.7382  saved.
    batch 1/11
    [swap-guard] 96.3% swap used (batch 3/11) -- pausing 3s for extra cleanup
    batch 6/11
    [swap-guard] 96.6% swap used (batch 6/11) -- pausing 3s for extra cleanup
    [swap-guard] 93.0% swap used (batch 9/11) -- pausing 3s for extra cleanup
    batch 11/11
    [swap-guard] 94.8% swap used (epoch end) -- pausing 3s for extra cleanup
    [swap-guard] 90.2% swap used (fold 4 epoch 19 val) -- pausing 3s for extra cleanup
  Ep  19/200  loss=1.2135  AUC=0.7469  AP=0.7061  smoothAUC=0.7460  (135.2s)
  ✓ Fold 4 new best smoothed AUC=0.7460  saved.
    batch 1/11
    batch 6/11
    batch 11/11
  Ep  20/200  loss=1.1942  AUC=0.7190  AP=0.6720  smoothAUC=0.7365  (158.5s)
    batch 1/11
    [swap-guard] 95.3% swap used (batch 3/11) -- pausing 3s for extra cleanup
    batch 6/11
    [swap-guard] 91.2% swap used (batch 6/11) -- pausing 3s for extra cleanup
    [swap-guard] 91.9% swap used (batch 9/11) -- pausing 3s for extra cleanup
    batch 11/11
    [swap-guard] 95.1% swap used (epoch end) -- pausing 3s for extra cleanup
  Ep  21/200  loss=1.1617  AUC=0.6967  AP=0.6571  smoothAUC=0.7209  (121.4s)
    batch 1/11
    [swap-guard] 92.3% swap used (batch 3/11) -- pausing 3s for extra cleanup
    batch 6/11
    [swap-guard] 96.0% swap used (batch 6/11) -- pausing 3s for extra cleanup
    batch 11/11
    [swap-guard] 96.5% swap used (epoch end) -- pausing 3s for extra cleanup
    [swap-guard] 91.4% swap used (fold 4 epoch 22 val) -- pausing 3s for extra cleanup
  Ep  22/200  loss=1.1515  AUC=0.7128  AP=0.6785  smoothAUC=0.7095  (118.6s)
    batch 1/11
    [swap-guard] 94.0% swap used (batch 3/11) -- pausing 3s for extra cleanup
    batch 6/11
    batch 11/11
    [swap-guard] 92.5% swap used (epoch end) -- pausing 3s for extra cleanup
  Ep  23/200  loss=1.1446  AUC=0.7178  AP=0.7186  smoothAUC=0.7091  (140.7s)
    batch 1/11
    [swap-guard] 94.0% swap used (batch 3/11) -- pausing 3s for extra cleanup
    batch 6/11
    [swap-guard] 93.8% swap used (batch 6/11) -- pausing 3s for extra cleanup
    [swap-guard] 96.4% swap used (batch 9/11) -- pausing 3s for extra cleanup
    batch 11/11
    [swap-guard] 94.3% swap used (epoch end) -- pausing 3s for extra cleanup
  Ep  24/200  loss=1.0753  AUC=0.7228  AP=0.7292  smoothAUC=0.7178  (145.4s)
    batch 1/11
    batch 6/11
    [swap-guard] 91.4% swap used (batch 6/11) -- pausing 3s for extra cleanup
    [swap-guard] 96.3% swap used (batch 9/11) -- pausing 3s for extra cleanup
    batch 11/11
    [swap-guard] 93.8% swap used (fold 4 epoch 25 val) -- pausing 3s for extra cleanup
  Ep  25/200  loss=1.1077  AUC=0.7624  AP=0.7413  smoothAUC=0.7343  (193.6s)
    batch 1/11
    [swap-guard] 90.5% swap used (batch 3/11) -- pausing 3s for extra cleanup
    batch 6/11
    [swap-guard] 93.3% swap used (batch 6/11) -- pausing 3s for extra cleanup
    [swap-guard] 95.0% swap used (batch 9/11) -- pausing 3s for extra cleanup
    batch 11/11
    [swap-guard] 92.4% swap used (epoch end) -- pausing 3s for extra cleanup
  Ep  26/200  loss=1.0651  AUC=0.7738  AP=0.7233  smoothAUC=0.7530  (226.6s)
  ✓ Fold 4 new best smoothed AUC=0.7530  saved.
    batch 1/11
    [swap-guard] 95.7% swap used (batch 3/11) -- pausing 3s for extra cleanup
    batch 6/11
    [swap-guard] 95.8% swap used (batch 9/11) -- pausing 3s for extra cleanup
    batch 11/11
    [swap-guard] 90.5% swap used (epoch end) -- pausing 3s for extra cleanup
  Ep  27/200  loss=1.0500  AUC=0.7640  AP=0.7162  smoothAUC=0.7667  (126.2s)
  ✓ Fold 4 new best smoothed AUC=0.7667  saved.
    batch 1/11
    [swap-guard] 95.3% swap used (batch 3/11) -- pausing 3s for extra cleanup
    batch 6/11
    [swap-guard] 96.0% swap used (batch 6/11) -- pausing 3s for extra cleanup
    [swap-guard] 91.7% swap used (batch 9/11) -- pausing 3s for extra cleanup
    batch 11/11
    [swap-guard] 90.6% swap used (epoch end) -- pausing 3s for extra cleanup
    [swap-guard] 91.3% swap used (fold 4 epoch 28 val) -- pausing 3s for extra cleanup
  Ep  28/200  loss=1.0701  AUC=0.7522  AP=0.7155  smoothAUC=0.7633  (176.2s)
    batch 1/11
    [swap-guard] 94.8% swap used (batch 3/11) -- pausing 3s for extra cleanup
    batch 6/11
    [swap-guard] 91.8% swap used (batch 6/11) -- pausing 3s for extra cleanup
    batch 11/11
    [swap-guard] 91.2% swap used (epoch end) -- pausing 3s for extra cleanup
    [swap-guard] 92.7% swap used (fold 4 epoch 29 val) -- pausing 3s for extra cleanup
  Ep  29/200  loss=0.9980  AUC=0.7656  AP=0.7442  smoothAUC=0.7606  (130.8s)
    batch 1/11
    [swap-guard] 93.7% swap used (batch 3/11) -- pausing 3s for extra cleanup
    batch 6/11
    [swap-guard] 95.5% swap used (batch 9/11) -- pausing 3s for extra cleanup
    batch 11/11
  Ep  30/200  loss=0.9812  AUC=0.7636  AP=0.7323  smoothAUC=0.7605  (157.4s)
    batch 1/11
    [swap-guard] 93.1% swap used (batch 3/11) -- pausing 3s for extra cleanup
    batch 6/11
    [swap-guard] 95.6% swap used (batch 6/11) -- pausing 3s for extra cleanup
    [swap-guard] 91.3% swap used (batch 9/11) -- pausing 3s for extra cleanup
    batch 11/11
    [swap-guard] 92.9% swap used (epoch end) -- pausing 3s for extra cleanup
  Ep  31/200  loss=0.9650  AUC=0.7747  AP=0.7382  smoothAUC=0.7680  (249.9s)
  ✓ Fold 4 new best smoothed AUC=0.7680  saved.
    batch 1/11
    [swap-guard] 96.0% swap used (batch 3/11) -- pausing 3s for extra cleanup
    batch 6/11
    [swap-guard] 93.2% swap used (batch 9/11) -- pausing 3s for extra cleanup
    batch 11/11
    [swap-guard] 92.9% swap used (epoch end) -- pausing 3s for extra cleanup
  Ep  32/200  loss=0.9547  AUC=0.7864  AP=0.7394  smoothAUC=0.7749  (260.1s)
  ✓ Fold 4 new best smoothed AUC=0.7749  saved.
    batch 1/11
    [swap-guard] 94.0% swap used (batch 3/11) -- pausing 3s for extra cleanup
    batch 6/11
    [swap-guard] 96.4% swap used (batch 6/11) -- pausing 3s for extra cleanup
    batch 11/11
    [swap-guard] 92.1% swap used (epoch end) -- pausing 3s for extra cleanup
    [swap-guard] 90.0% swap used (fold 4 epoch 33 val) -- pausing 3s for extra cleanup
  Ep  33/200  loss=1.0028  AUC=0.7828  AP=0.7431  smoothAUC=0.7813  (138.2s)
  ✓ Fold 4 new best smoothed AUC=0.7813  saved.
    batch 1/11
    batch 6/11
    [swap-guard] 94.5% swap used (batch 6/11) -- pausing 3s for extra cleanup
    [swap-guard] 93.6% swap used (batch 9/11) -- pausing 3s for extra cleanup
    batch 11/11
    [swap-guard] 94.0% swap used (epoch end) -- pausing 3s for extra cleanup
  Ep  34/200  loss=1.0269  AUC=0.7967  AP=0.7502  smoothAUC=0.7887  (162.7s)
  ✓ Fold 4 new best smoothed AUC=0.7887  saved.
    batch 1/11
    [swap-guard] 94.8% swap used (batch 3/11) -- pausing 3s for extra cleanup
    batch 6/11
    [swap-guard] 95.5% swap used (batch 6/11) -- pausing 3s for extra cleanup
    [swap-guard] 94.6% swap used (batch 9/11) -- pausing 3s for extra cleanup
    batch 11/11
    [swap-guard] 91.8% swap used (epoch end) -- pausing 3s for extra cleanup
    [swap-guard] 92.9% swap used (fold 4 epoch 35 val) -- pausing 3s for extra cleanup
  Ep  35/200  loss=0.9186  AUC=0.7803  AP=0.7305  smoothAUC=0.7866  (223.5s)
    batch 1/11
    [swap-guard] 94.3% swap used (batch 3/11) -- pausing 3s for extra cleanup
    batch 6/11
    [swap-guard] 93.1% swap used (batch 6/11) -- pausing 3s for extra cleanup
    [swap-guard] 96.4% swap used (batch 9/11) -- pausing 3s for extra cleanup
    batch 11/11
    [swap-guard] 90.9% swap used (epoch end) -- pausing 3s for extra cleanup
    [swap-guard] 91.7% swap used (fold 4 epoch 36 val) -- pausing 3s for extra cleanup
  Ep  36/200  loss=0.8589  AUC=0.7795  AP=0.7324  smoothAUC=0.7855  (230.8s)
    batch 1/11
    [swap-guard] 95.6% swap used (batch 3/11) -- pausing 3s for extra cleanup
    batch 6/11
    [swap-guard] 96.3% swap used (batch 6/11) -- pausing 3s for extra cleanup
    [swap-guard] 93.3% swap used (batch 9/11) -- pausing 3s for extra cleanup
    batch 11/11
    [swap-guard] 92.7% swap used (epoch end) -- pausing 3s for extra cleanup
    [swap-guard] 90.8% swap used (fold 4 epoch 37 val) -- pausing 3s for extra cleanup
  Ep  37/200  loss=0.9033  AUC=0.7981  AP=0.7378  smoothAUC=0.7860  (207.6s)
    batch 1/11
    [swap-guard] 93.4% swap used (batch 3/11) -- pausing 3s for extra cleanup
    batch 6/11
    [swap-guard] 93.0% swap used (batch 6/11) -- pausing 3s for extra cleanup
    [swap-guard] 95.2% swap used (batch 9/11) -- pausing 3s for extra cleanup
    batch 11/11
    [swap-guard] 93.4% swap used (epoch end) -- pausing 3s for extra cleanup
  Ep  38/200  loss=0.8749  AUC=0.7902  AP=0.7319  smoothAUC=0.7893  (231.3s)
  ✓ Fold 4 new best smoothed AUC=0.7893  saved.
    batch 1/11
    [swap-guard] 94.1% swap used (batch 3/11) -- pausing 3s for extra cleanup
    batch 6/11
    [swap-guard] 96.6% swap used (batch 6/11) -- pausing 3s for extra cleanup
    [swap-guard] 92.5% swap used (batch 9/11) -- pausing 3s for extra cleanup
    batch 11/11
    [swap-guard] 90.5% swap used (epoch end) -- pausing 3s for extra cleanup
    [swap-guard] 92.2% swap used (fold 4 epoch 39 val) -- pausing 3s for extra cleanup
  Ep  39/200  loss=0.8918  AUC=0.7893  AP=0.7334  smoothAUC=0.7926  (244.8s)
  ✓ Fold 4 new best smoothed AUC=0.7926  saved.
    batch 1/11
    [swap-guard] 93.1% swap used (batch 3/11) -- pausing 3s for extra cleanup
    batch 6/11
    [swap-guard] 93.9% swap used (batch 6/11) -- pausing 3s for extra cleanup
    [swap-guard] 95.6% swap used (batch 9/11) -- pausing 3s for extra cleanup
    batch 11/11
  Ep  40/200  loss=0.8784  AUC=0.7937  AP=0.7440  smoothAUC=0.7911  (165.9s)
    batch 1/11
    [swap-guard] 96.6% swap used (batch 3/11) -- pausing 3s for extra cleanup
    batch 6/11
    [swap-guard] 95.4% swap used (batch 6/11) -- pausing 3s for extra cleanup
    [swap-guard] 93.7% swap used (batch 9/11) -- pausing 3s for extra cleanup
    batch 11/11
    [swap-guard] 90.7% swap used (epoch end) -- pausing 3s for extra cleanup
    [swap-guard] 91.1% swap used (fold 4 epoch 41 val) -- pausing 3s for extra cleanup
  Ep  41/200  loss=0.8588  AUC=0.8041  AP=0.7507  smoothAUC=0.7957  (261.5s)
  ✓ Fold 4 new best smoothed AUC=0.7957  saved.
    batch 1/11
    [swap-guard] 94.2% swap used (batch 3/11) -- pausing 3s for extra cleanup
    batch 6/11
    [swap-guard] 93.9% swap used (batch 6/11) -- pausing 3s for extra cleanup
    [swap-guard] 93.5% swap used (batch 9/11) -- pausing 3s for extra cleanup
    batch 11/11
    [swap-guard] 92.7% swap used (epoch end) -- pausing 3s for extra cleanup
  Ep  42/200  loss=0.8316  AUC=0.8033  AP=0.7635  smoothAUC=0.8003  (189.5s)
  ✓ Fold 4 new best smoothed AUC=0.8003  saved.
    batch 1/11
    [swap-guard] 94.8% swap used (batch 3/11) -- pausing 3s for extra cleanup
    batch 6/11
    [swap-guard] 92.4% swap used (batch 9/11) -- pausing 3s for extra cleanup
    batch 11/11
    [swap-guard] 91.8% swap used (epoch end) -- pausing 3s for extra cleanup
    [swap-guard] 91.7% swap used (fold 4 epoch 43 val) -- pausing 3s for extra cleanup
  Ep  43/200  loss=0.8665  AUC=0.8086  AP=0.7681  smoothAUC=0.8053  (229.5s)
  ✓ Fold 4 new best smoothed AUC=0.8053  saved.
    batch 1/11
    [swap-guard] 94.9% swap used (batch 3/11) -- pausing 3s for extra cleanup
    batch 6/11
    [swap-guard] 93.9% swap used (batch 6/11) -- pausing 3s for extra cleanup
    batch 11/11
    [swap-guard] 92.1% swap used (fold 4 epoch 44 val) -- pausing 3s for extra cleanup
  Ep  44/200  loss=0.8125  AUC=0.8076  AP=0.7640  smoothAUC=0.8065  (229.2s)
  ✓ Fold 4 new best smoothed AUC=0.8065  saved.
    batch 1/11
    [swap-guard] 93.0% swap used (batch 3/11) -- pausing 3s for extra cleanup
    batch 6/11
    [swap-guard] 96.1% swap used (batch 6/11) -- pausing 3s for extra cleanup
    [swap-guard] 95.0% swap used (batch 9/11) -- pausing 3s for extra cleanup
    batch 11/11
    [swap-guard] 95.2% swap used (epoch end) -- pausing 3s for extra cleanup
  Ep  45/200  loss=0.8759  AUC=0.8068  AP=0.7783  smoothAUC=0.8077  (158.3s)
  ✓ Fold 4 new best smoothed AUC=0.8077  saved.
    batch 1/11
    [swap-guard] 95.4% swap used (batch 3/11) -- pausing 3s for extra cleanup
    batch 6/11
    [swap-guard] 95.8% swap used (batch 6/11) -- pausing 3s for extra cleanup
    [swap-guard] 95.0% swap used (batch 9/11) -- pausing 3s for extra cleanup
    batch 11/11
    [swap-guard] 91.4% swap used (epoch end) -- pausing 3s for extra cleanup
    [swap-guard] 93.7% swap used (fold 4 epoch 46 val) -- pausing 3s for extra cleanup
  Ep  46/200  loss=0.7822  AUC=0.8086  AP=0.7784  smoothAUC=0.8077  (218.4s)
  ✓ Fold 4 new best smoothed AUC=0.8077  saved.
    batch 1/11
    [swap-guard] 96.6% swap used (batch 3/11) -- pausing 3s for extra cleanup
    batch 6/11
    [swap-guard] 92.3% swap used (batch 6/11) -- pausing 3s for extra cleanup
    [swap-guard] 96.1% swap used (batch 9/11) -- pausing 3s for extra cleanup
    batch 11/11
    [swap-guard] 92.2% swap used (epoch end) -- pausing 3s for extra cleanup
    [swap-guard] 93.3% swap used (fold 4 epoch 47 val) -- pausing 3s for extra cleanup
  Ep  47/200  loss=0.7483  AUC=0.8277  AP=0.7881  smoothAUC=0.8144  (187.6s)
  ✓ Fold 4 new best smoothed AUC=0.8144  saved.
    batch 1/11
    [swap-guard] 96.4% swap used (batch 3/11) -- pausing 3s for extra cleanup
    batch 6/11
    [swap-guard] 93.0% swap used (batch 9/11) -- pausing 3s for extra cleanup
    batch 11/11
    [swap-guard] 97.7% swap used (epoch end) -- pausing 3s for extra cleanup
    [swap-guard] 94.1% swap used (fold 4 epoch 48 val) -- pausing 3s for extra cleanup
  Ep  48/200  loss=0.7656  AUC=0.8321  AP=0.7975  smoothAUC=0.8228  (324.4s)
  ✓ Fold 4 new best smoothed AUC=0.8228  saved.
    batch 1/11
    [swap-guard] 95.5% swap used (batch 3/11) -- pausing 3s for extra cleanup
    batch 6/11
    [swap-guard] 97.5% swap used (batch 6/11) -- pausing 3s for extra cleanup
    [swap-guard] 92.8% swap used (batch 9/11) -- pausing 3s for extra cleanup
    batch 11/11
    [swap-guard] 94.8% swap used (epoch end) -- pausing 3s for extra cleanup
    [swap-guard] 91.3% swap used (fold 4 epoch 49 val) -- pausing 3s for extra cleanup
  Ep  49/200  loss=0.7785  AUC=0.8367  AP=0.8295  smoothAUC=0.8322  (265.8s)
  ✓ Fold 4 new best smoothed AUC=0.8322  saved.
    batch 1/11
    [swap-guard] 95.1% swap used (batch 3/11) -- pausing 3s for extra cleanup
    batch 6/11
    [swap-guard] 92.4% swap used (batch 6/11) -- pausing 3s for extra cleanup
    batch 11/11
    [swap-guard] 91.7% swap used (epoch end) -- pausing 3s for extra cleanup
    [swap-guard] 92.7% swap used (fold 4 epoch 50 val) -- pausing 3s for extra cleanup
  Ep  50/200  loss=0.7861  AUC=0.8374  AP=0.8033  smoothAUC=0.8354  (277.1s)
  ✓ Fold 4 new best smoothed AUC=0.8354  saved.
    batch 1/11
    [swap-guard] 95.4% swap used (batch 3/11) -- pausing 3s for extra cleanup
    batch 6/11
    [swap-guard] 94.9% swap used (batch 6/11) -- pausing 3s for extra cleanup
    [swap-guard] 94.5% swap used (batch 9/11) -- pausing 3s for extra cleanup
    batch 11/11
    [swap-guard] 93.6% swap used (epoch end) -- pausing 3s for extra cleanup
  Ep  51/200  loss=0.7167  AUC=0.8356  AP=0.7941  smoothAUC=0.8366  (218.3s)
  ✓ Fold 4 new best smoothed AUC=0.8366  saved.
    batch 1/11
    [swap-guard] 94.0% swap used (batch 3/11) -- pausing 3s for extra cleanup
    batch 6/11
    [swap-guard] 96.1% swap used (batch 6/11) -- pausing 3s for extra cleanup
    [swap-guard] 95.2% swap used (batch 9/11) -- pausing 3s for extra cleanup
    batch 11/11
    [swap-guard] 95.4% swap used (epoch end) -- pausing 3s for extra cleanup
  Ep  52/200  loss=0.7266  AUC=0.8076  AP=0.7914  smoothAUC=0.8269  (239.4s)
    batch 1/11
    [swap-guard] 93.8% swap used (batch 3/11) -- pausing 3s for extra cleanup
    batch 6/11
    [swap-guard] 96.7% swap used (batch 6/11) -- pausing 3s for extra cleanup
    [swap-guard] 94.4% swap used (batch 9/11) -- pausing 3s for extra cleanup
    batch 11/11
    [swap-guard] 94.5% swap used (epoch end) -- pausing 3s for extra cleanup
    [swap-guard] 96.0% swap used (fold 4 epoch 53 val) -- pausing 3s for extra cleanup
  Ep  53/200  loss=0.7408  AUC=0.8193  AP=0.7740  smoothAUC=0.8209  (289.4s)
    batch 1/11
    [swap-guard] 95.9% swap used (batch 3/11) -- pausing 3s for extra cleanup
    batch 6/11
    [swap-guard] 95.9% swap used (batch 6/11) -- pausing 3s for extra cleanup
    [swap-guard] 95.6% swap used (batch 9/11) -- pausing 3s for extra cleanup
    batch 11/11
    [swap-guard] 94.7% swap used (epoch end) -- pausing 3s for extra cleanup
  Ep  54/200  loss=0.7174  AUC=0.8368  AP=0.7922  smoothAUC=0.8212  (219.2s)
    batch 1/11
    [swap-guard] 96.8% swap used (batch 3/11) -- pausing 3s for extra cleanup
    batch 6/11
    [swap-guard] 90.9% swap used (batch 6/11) -- pausing 3s for extra cleanup
    [swap-guard] 96.0% swap used (batch 9/11) -- pausing 3s for extra cleanup
    batch 11/11
    [swap-guard] 94.5% swap used (epoch end) -- pausing 3s for extra cleanup
    [swap-guard] 91.2% swap used (fold 4 epoch 55 val) -- pausing 3s for extra cleanup
  Ep  55/200  loss=0.6819  AUC=0.8499  AP=0.8271  smoothAUC=0.8353  (333.1s)
    batch 1/11
    [swap-guard] 96.4% swap used (batch 3/11) -- pausing 3s for extra cleanup
    batch 6/11
    [swap-guard] 95.3% swap used (batch 6/11) -- pausing 3s for extra cleanup
    [swap-guard] 94.3% swap used (batch 9/11) -- pausing 3s for extra cleanup
    batch 11/11
    [swap-guard] 91.3% swap used (epoch end) -- pausing 3s for extra cleanup
    [swap-guard] 92.3% swap used (fold 4 epoch 56 val) -- pausing 3s for extra cleanup
  Ep  56/200  loss=0.8420  AUC=0.8376  AP=0.8048  smoothAUC=0.8414  (223.9s)
  ✓ Fold 4 new best smoothed AUC=0.8414  saved.
    batch 1/11
    [swap-guard] 94.4% swap used (batch 3/11) -- pausing 3s for extra cleanup
    batch 6/11
    [swap-guard] 97.3% swap used (batch 6/11) -- pausing 3s for extra cleanup
    batch 11/11
    [swap-guard] 94.8% swap used (epoch end) -- pausing 3s for extra cleanup
    [swap-guard] 94.6% swap used (fold 4 epoch 57 val) -- pausing 3s for extra cleanup
  Ep  57/200  loss=0.7896  AUC=0.8358  AP=0.8007  smoothAUC=0.8411  (212.2s)
    batch 1/11
    [swap-guard] 92.4% swap used (batch 3/11) -- pausing 3s for extra cleanup
    batch 6/11
    [swap-guard] 95.3% swap used (batch 6/11) -- pausing 3s for extra cleanup
    [swap-guard] 96.4% swap used (batch 9/11) -- pausing 3s for extra cleanup
    batch 11/11
    [swap-guard] 92.4% swap used (epoch end) -- pausing 3s for extra cleanup
    [swap-guard] 94.5% swap used (fold 4 epoch 58 val) -- pausing 3s for extra cleanup
  Ep  58/200  loss=0.7606  AUC=0.8529  AP=0.8090  smoothAUC=0.8421  (269.6s)
  ✓ Fold 4 new best smoothed AUC=0.8421  saved.
    batch 1/11
    [swap-guard] 94.1% swap used (batch 3/11) -- pausing 3s for extra cleanup
    batch 6/11
    [swap-guard] 93.7% swap used (batch 6/11) -- pausing 3s for extra cleanup
    [swap-guard] 93.3% swap used (batch 9/11) -- pausing 3s for extra cleanup
    batch 11/11
    [swap-guard] 93.8% swap used (epoch end) -- pausing 3s for extra cleanup
    [swap-guard] 94.0% swap used (fold 4 epoch 59 val) -- pausing 3s for extra cleanup
  Ep  59/200  loss=0.7608  AUC=0.8659  AP=0.8233  smoothAUC=0.8515  (355.7s)
  ✓ Fold 4 new best smoothed AUC=0.8515  saved.
    batch 1/11
    [swap-guard] 95.8% swap used (batch 3/11) -- pausing 3s for extra cleanup
    batch 6/11
    [swap-guard] 96.3% swap used (batch 6/11) -- pausing 3s for extra cleanup
    [swap-guard] 92.6% swap used (batch 9/11) -- pausing 3s for extra cleanup
    batch 11/11
    [swap-guard] 96.4% swap used (epoch end) -- pausing 3s for extra cleanup
    [swap-guard] 92.7% swap used (fold 4 epoch 60 val) -- pausing 3s for extra cleanup
  Ep  60/200  loss=0.7203  AUC=0.8441  AP=0.7895  smoothAUC=0.8543  (242.1s)
  ✓ Fold 4 new best smoothed AUC=0.8543  saved.
    batch 1/11
    [swap-guard] 96.3% swap used (batch 3/11) -- pausing 3s for extra cleanup
    batch 6/11
    [swap-guard] 96.7% swap used (batch 9/11) -- pausing 3s for extra cleanup
    batch 11/11
    [swap-guard] 93.8% swap used (epoch end) -- pausing 3s for extra cleanup
  Ep  61/200  loss=0.7252  AUC=0.8387  AP=0.7899  smoothAUC=0.8496  (238.6s)
    batch 1/11
    batch 6/11
    [swap-guard] 96.8% swap used (batch 6/11) -- pausing 3s for extra cleanup
    batch 11/11
    [swap-guard] 97.4% swap used (epoch end) -- pausing 3s for extra cleanup
    [swap-guard] 92.7% swap used (fold 4 epoch 62 val) -- pausing 3s for extra cleanup
  Ep  62/200  loss=0.6995  AUC=0.8447  AP=0.7990  smoothAUC=0.8425  (243.5s)
    batch 1/11
    [swap-guard] 94.6% swap used (batch 3/11) -- pausing 3s for extra cleanup
    batch 6/11
    [swap-guard] 94.3% swap used (batch 9/11) -- pausing 3s for extra cleanup
    batch 11/11
    [swap-guard] 95.5% swap used (epoch end) -- pausing 3s for extra cleanup
    [swap-guard] 95.2% swap used (fold 4 epoch 63 val) -- pausing 3s for extra cleanup
  Ep  63/200  loss=0.6879  AUC=0.8547  AP=0.8158  smoothAUC=0.8461  (307.6s)
    batch 1/11
    [swap-guard] 94.3% swap used (batch 3/11) -- pausing 3s for extra cleanup
    batch 6/11
    [swap-guard] 96.4% swap used (batch 6/11) -- pausing 3s for extra cleanup
    [swap-guard] 96.4% swap used (batch 9/11) -- pausing 3s for extra cleanup
    batch 11/11
    [swap-guard] 94.1% swap used (epoch end) -- pausing 3s for extra cleanup
    [swap-guard] 93.7% swap used (fold 4 epoch 64 val) -- pausing 3s for extra cleanup
  Ep  64/200  loss=0.6434  AUC=0.8536  AP=0.8087  smoothAUC=0.8510  (263.5s)
    batch 1/11
    [swap-guard] 96.0% swap used (batch 3/11) -- pausing 3s for extra cleanup
    batch 6/11
    [swap-guard] 97.3% swap used (batch 6/11) -- pausing 3s for extra cleanup
    [swap-guard] 94.1% swap used (batch 9/11) -- pausing 3s for extra cleanup
    batch 11/11
    [swap-guard] 94.1% swap used (epoch end) -- pausing 3s for extra cleanup
    [swap-guard] 94.9% swap used (fold 4 epoch 65 val) -- pausing 3s for extra cleanup
  Ep  65/200  loss=0.6485  AUC=0.8535  AP=0.8085  smoothAUC=0.8540  (290.8s)
    batch 1/11
    [swap-guard] 98.1% swap used (batch 3/11) -- pausing 3s for extra cleanup
    batch 6/11
    [swap-guard] 95.2% swap used (batch 6/11) -- pausing 3s for extra cleanup
    [swap-guard] 95.3% swap used (batch 9/11) -- pausing 3s for extra cleanup
    batch 11/11
    [swap-guard] 93.5% swap used (epoch end) -- pausing 3s for extra cleanup
    [swap-guard] 94.1% swap used (fold 4 epoch 66 val) -- pausing 3s for extra cleanup
  Ep  66/200  loss=0.6583  AUC=0.8609  AP=0.8214  smoothAUC=0.8560  (449.8s)
  ✓ Fold 4 new best smoothed AUC=0.8560  saved.
    batch 1/11
    [swap-guard] 96.8% swap used (batch 3/11) -- pausing 3s for extra cleanup
    batch 6/11
    [swap-guard] 94.4% swap used (batch 6/11) -- pausing 3s for extra cleanup
    [swap-guard] 95.9% swap used (batch 9/11) -- pausing 3s for extra cleanup
    batch 11/11
    [swap-guard] 95.2% swap used (epoch end) -- pausing 3s for extra cleanup
    [swap-guard] 91.6% swap used (fold 4 epoch 67 val) -- pausing 3s for extra cleanup
  Ep  67/200  loss=0.6908  AUC=0.8522  AP=0.8114  smoothAUC=0.8556  (306.2s)
    batch 1/11
    [swap-guard] 97.2% swap used (batch 3/11) -- pausing 3s for extra cleanup
    batch 6/11
    [swap-guard] 96.7% swap used (batch 6/11) -- pausing 3s for extra cleanup
    batch 11/11
    [swap-guard] 92.6% swap used (epoch end) -- pausing 3s for extra cleanup
    [swap-guard] 94.7% swap used (fold 4 epoch 68 val) -- pausing 3s for extra cleanup
  Ep  68/200  loss=0.7015  AUC=0.8479  AP=0.8105  smoothAUC=0.8537  (252.4s)
    batch 1/11
    [swap-guard] 96.6% swap used (batch 3/11) -- pausing 3s for extra cleanup
    batch 6/11
    [swap-guard] 90.1% swap used (batch 6/11) -- pausing 3s for extra cleanup
    [swap-guard] 94.1% swap used (batch 9/11) -- pausing 3s for extra cleanup
    batch 11/11
    [swap-guard] 94.2% swap used (epoch end) -- pausing 3s for extra cleanup
    [swap-guard] 93.8% swap used (fold 4 epoch 69 val) -- pausing 3s for extra cleanup
  Ep  69/200  loss=0.6440  AUC=0.8477  AP=0.8174  smoothAUC=0.8493  (343.4s)
    batch 1/11
    [swap-guard] 96.1% swap used (batch 3/11) -- pausing 3s for extra cleanup
    batch 6/11
    [swap-guard] 92.9% swap used (batch 9/11) -- pausing 3s for extra cleanup
    batch 11/11
    [swap-guard] 94.3% swap used (epoch end) -- pausing 3s for extra cleanup
    [swap-guard] 90.2% swap used (fold 4 epoch 70 val) -- pausing 3s for extra cleanup
  Ep  70/200  loss=0.6343  AUC=0.8374  AP=0.7997  smoothAUC=0.8444  (318.0s)
    batch 1/11
    [swap-guard] 95.3% swap used (batch 3/11) -- pausing 3s for extra cleanup
    batch 6/11
    [swap-guard] 95.0% swap used (batch 6/11) -- pausing 3s for extra cleanup
    [swap-guard] 96.3% swap used (batch 9/11) -- pausing 3s for extra cleanup
    batch 11/11
    [swap-guard] 97.0% swap used (epoch end) -- pausing 3s for extra cleanup
    [swap-guard] 93.8% swap used (fold 4 epoch 71 val) -- pausing 3s for extra cleanup
  Ep  71/200  loss=0.6998  AUC=0.8356  AP=0.8065  smoothAUC=0.8402  (316.8s)
    batch 1/11
    [swap-guard] 96.6% swap used (batch 3/11) -- pausing 3s for extra cleanup
    batch 6/11
    [swap-guard] 96.6% swap used (batch 6/11) -- pausing 3s for extra cleanup
    [swap-guard] 94.6% swap used (batch 9/11) -- pausing 3s for extra cleanup
    batch 11/11
    [swap-guard] 94.7% swap used (epoch end) -- pausing 3s for extra cleanup
    [swap-guard] 94.1% swap used (fold 4 epoch 72 val) -- pausing 3s for extra cleanup
  Ep  72/200  loss=0.6613  AUC=0.8398  AP=0.8211  smoothAUC=0.8376  (355.5s)
    batch 1/11
    [swap-guard] 96.5% swap used (batch 3/11) -- pausing 3s for extra cleanup
    batch 6/11
    [swap-guard] 95.2% swap used (batch 6/11) -- pausing 3s for extra cleanup
    [swap-guard] 97.8% swap used (batch 9/11) -- pausing 3s for extra cleanup
    batch 11/11
    [swap-guard] 93.6% swap used (epoch end) -- pausing 3s for extra cleanup
    [swap-guard] 94.3% swap used (fold 4 epoch 73 val) -- pausing 3s for extra cleanup
  Ep  73/200  loss=0.6750  AUC=0.8559  AP=0.8359  smoothAUC=0.8438  (391.2s)
    batch 1/11
    [swap-guard] 97.3% swap used (batch 3/11) -- pausing 3s for extra cleanup
    batch 6/11
    [swap-guard] 97.1% swap used (batch 6/11) -- pausing 3s for extra cleanup
    [swap-guard] 96.9% swap used (batch 9/11) -- pausing 3s for extra cleanup
    batch 11/11
    [swap-guard] 94.9% swap used (epoch end) -- pausing 3s for extra cleanup
  Ep  74/200  loss=0.6626  AUC=0.8522  AP=0.8290  smoothAUC=0.8493  (393.9s)
    batch 1/11
    [swap-guard] 97.2% swap used (batch 3/11) -- pausing 3s for extra cleanup
    batch 6/11
    [swap-guard] 96.8% swap used (batch 6/11) -- pausing 3s for extra cleanup
    [swap-guard] 96.4% swap used (batch 9/11) -- pausing 3s for extra cleanup
    batch 11/11
    [swap-guard] 95.4% swap used (epoch end) -- pausing 3s for extra cleanup
  Ep  75/200  loss=0.6284  AUC=0.8493  AP=0.8163  smoothAUC=0.8524  (301.3s)
    batch 1/11
    [swap-guard] 96.7% swap used (batch 3/11) -- pausing 3s for extra cleanup
    batch 6/11
    [swap-guard] 94.8% swap used (batch 6/11) -- pausing 3s for extra cleanup
    [swap-guard] 91.2% swap used (batch 9/11) -- pausing 3s for extra cleanup
    batch 11/11
    [swap-guard] 95.3% swap used (epoch end) -- pausing 3s for extra cleanup
    [swap-guard] 93.0% swap used (fold 4 epoch 76 val) -- pausing 3s for extra cleanup
  Ep  76/200  loss=0.6346  AUC=0.8467  AP=0.8172  smoothAUC=0.8494  (404.0s)
    batch 1/11
    [swap-guard] 96.6% swap used (batch 3/11) -- pausing 3s for extra cleanup
    batch 6/11
    [swap-guard] 95.8% swap used (batch 9/11) -- pausing 3s for extra cleanup
    batch 11/11
    [swap-guard] 96.4% swap used (epoch end) -- pausing 3s for extra cleanup
    [swap-guard] 93.2% swap used (fold 4 epoch 77 val) -- pausing 3s for extra cleanup
  Ep  77/200  loss=0.5858  AUC=0.8433  AP=0.8136  smoothAUC=0.8464  (351.9s)
    batch 1/11
    [swap-guard] 94.1% swap used (batch 3/11) -- pausing 3s for extra cleanup
    batch 6/11
    [swap-guard] 95.2% swap used (batch 6/11) -- pausing 3s for extra cleanup
    batch 11/11
    [swap-guard] 94.8% swap used (epoch end) -- pausing 3s for extra cleanup
    [swap-guard] 91.6% swap used (fold 4 epoch 78 val) -- pausing 3s for extra cleanup
  Ep  78/200  loss=0.6364  AUC=0.8446  AP=0.8188  smoothAUC=0.8449  (347.2s)
    batch 1/11
    [swap-guard] 94.8% swap used (batch 3/11) -- pausing 3s for extra cleanup
    batch 6/11
    [swap-guard] 96.3% swap used (batch 6/11) -- pausing 3s for extra cleanup
    [swap-guard] 95.7% swap used (batch 9/11) -- pausing 3s for extra cleanup
    batch 11/11
    [swap-guard] 93.0% swap used (epoch end) -- pausing 3s for extra cleanup
    [swap-guard] 95.8% swap used (fold 4 epoch 79 val) -- pausing 3s for extra cleanup
  Ep  79/200  loss=0.5517  AUC=0.8446  AP=0.8116  smoothAUC=0.8442  (303.9s)
    batch 1/11
    [swap-guard] 96.7% swap used (batch 3/11) -- pausing 3s for extra cleanup
    batch 6/11
    [swap-guard] 96.9% swap used (batch 6/11) -- pausing 3s for extra cleanup
    [swap-guard] 96.6% swap used (batch 9/11) -- pausing 3s for extra cleanup
    batch 11/11
    [swap-guard] 97.2% swap used (epoch end) -- pausing 3s for extra cleanup
    [swap-guard] 94.2% swap used (fold 4 epoch 80 val) -- pausing 3s for extra cleanup
  Ep  80/200  loss=0.5159  AUC=0.8500  AP=0.8148  smoothAUC=0.8464  (296.9s)
    batch 1/11
    [swap-guard] 95.9% swap used (batch 3/11) -- pausing 3s for extra cleanup
    batch 6/11
    [swap-guard] 95.7% swap used (batch 6/11) -- pausing 3s for extra cleanup
    [swap-guard] 94.9% swap used (batch 9/11) -- pausing 3s for extra cleanup
    batch 11/11
    [swap-guard] 97.4% swap used (epoch end) -- pausing 3s for extra cleanup
    [swap-guard] 95.0% swap used (fold 4 epoch 81 val) -- pausing 3s for extra cleanup
  Ep  81/200  loss=0.5900  AUC=0.8501  AP=0.8199  smoothAUC=0.8483  (366.0s)
    batch 1/11
    batch 6/11
    [swap-guard] 97.3% swap used (batch 6/11) -- pausing 3s for extra cleanup
    [swap-guard] 95.2% swap used (batch 9/11) -- pausing 3s for extra cleanup
    batch 11/11
    [swap-guard] 95.6% swap used (epoch end) -- pausing 3s for extra cleanup
    [swap-guard] 93.6% swap used (fold 4 epoch 82 val) -- pausing 3s for extra cleanup
  Ep  82/200  loss=0.5747  AUC=0.8582  AP=0.8293  smoothAUC=0.8528  (284.9s)
    batch 1/11
    [swap-guard] 97.0% swap used (batch 3/11) -- pausing 3s for extra cleanup
    batch 6/11
    [swap-guard] 96.4% swap used (batch 6/11) -- pausing 3s for extra cleanup
    [swap-guard] 92.8% swap used (batch 9/11) -- pausing 3s for extra cleanup
    batch 11/11
    [swap-guard] 94.1% swap used (epoch end) -- pausing 3s for extra cleanup
    [swap-guard] 96.8% swap used (fold 4 epoch 83 val) -- pausing 3s for extra cleanup
  Ep  83/200  loss=0.5654  AUC=0.8614  AP=0.8281  smoothAUC=0.8566  (407.4s)
  ✓ Fold 4 new best smoothed AUC=0.8566  saved.
    batch 1/11
    [swap-guard] 95.1% swap used (batch 3/11) -- pausing 3s for extra cleanup
    batch 6/11
    [swap-guard] 95.9% swap used (batch 6/11) -- pausing 3s for extra cleanup
    [swap-guard] 96.1% swap used (batch 9/11) -- pausing 3s for extra cleanup
    batch 11/11
    [swap-guard] 95.5% swap used (epoch end) -- pausing 3s for extra cleanup
  Ep  84/200  loss=0.5568  AUC=0.8625  AP=0.8267  smoothAUC=0.8607  (320.2s)
  ✓ Fold 4 new best smoothed AUC=0.8607  saved.
    batch 1/11
    [swap-guard] 94.3% swap used (batch 3/11) -- pausing 3s for extra cleanup
    batch 6/11
    [swap-guard] 95.4% swap used (batch 6/11) -- pausing 3s for extra cleanup
    batch 11/11
    [swap-guard] 96.3% swap used (epoch end) -- pausing 3s for extra cleanup
    [swap-guard] 94.8% swap used (fold 4 epoch 85 val) -- pausing 3s for extra cleanup
  Ep  85/200  loss=0.5463  AUC=0.8545  AP=0.8225  smoothAUC=0.8595  (463.2s)
    batch 1/11
    [swap-guard] 96.8% swap used (batch 3/11) -- pausing 3s for extra cleanup
    batch 6/11
    [swap-guard] 96.7% swap used (batch 9/11) -- pausing 3s for extra cleanup
    batch 11/11
    [swap-guard] 97.0% swap used (epoch end) -- pausing 3s for extra cleanup
    [swap-guard] 95.5% swap used (fold 4 epoch 86 val) -- pausing 3s for extra cleanup
  Ep  86/200  loss=0.5993  AUC=0.8440  AP=0.8140  smoothAUC=0.8537  (327.7s)
    batch 1/11
    [swap-guard] 97.3% swap used (batch 3/11) -- pausing 3s for extra cleanup
    batch 6/11
    [swap-guard] 94.9% swap used (batch 9/11) -- pausing 3s for extra cleanup
    batch 11/11
    [swap-guard] 96.3% swap used (epoch end) -- pausing 3s for extra cleanup
    [swap-guard] 95.6% swap used (fold 4 epoch 87 val) -- pausing 3s for extra cleanup
  Ep  87/200  loss=0.5198  AUC=0.8404  AP=0.8102  smoothAUC=0.8463  (378.9s)
    batch 1/11
    [swap-guard] 97.6% swap used (batch 3/11) -- pausing 3s for extra cleanup
    batch 6/11
    [swap-guard] 96.5% swap used (batch 6/11) -- pausing 3s for extra cleanup
    [swap-guard] 95.7% swap used (batch 9/11) -- pausing 3s for extra cleanup
    batch 11/11
    [swap-guard] 95.8% swap used (epoch end) -- pausing 3s for extra cleanup
    [swap-guard] 92.2% swap used (fold 4 epoch 88 val) -- pausing 3s for extra cleanup
  Ep  88/200  loss=0.4999  AUC=0.8375  AP=0.8107  smoothAUC=0.8407  (361.3s)
    batch 1/11
    [swap-guard] 96.6% swap used (batch 3/11) -- pausing 3s for extra cleanup
    batch 6/11
    [swap-guard] 96.5% swap used (batch 6/11) -- pausing 3s for extra cleanup
    [swap-guard] 97.8% swap used (batch 9/11) -- pausing 3s for extra cleanup
    batch 11/11
    [swap-guard] 95.5% swap used (epoch end) -- pausing 3s for extra cleanup
  Ep  89/200  loss=0.5332  AUC=0.8380  AP=0.8112  smoothAUC=0.8387  (401.3s)
    batch 1/11
    [swap-guard] 97.1% swap used (batch 3/11) -- pausing 3s for extra cleanup
    batch 6/11
    [swap-guard] 96.8% swap used (batch 6/11) -- pausing 3s for extra cleanup
    [swap-guard] 96.0% swap used (batch 9/11) -- pausing 3s for extra cleanup
    batch 11/11
    [swap-guard] 96.3% swap used (epoch end) -- pausing 3s for extra cleanup
    [swap-guard] 98.7% swap used (fold 4 epoch 90 val) -- pausing 3s for extra cleanup
  Ep  90/200  loss=0.5146  AUC=0.8449  AP=0.8182  smoothAUC=0.8401  (332.5s)
    batch 1/11
    [swap-guard] 94.3% swap used (batch 3/11) -- pausing 3s for extra cleanup
    batch 6/11
    [swap-guard] 95.4% swap used (batch 6/11) -- pausing 3s for extra cleanup
    [swap-guard] 96.3% swap used (batch 9/11) -- pausing 3s for extra cleanup
    batch 11/11
    [swap-guard] 95.2% swap used (epoch end) -- pausing 3s for extra cleanup
    [swap-guard] 94.4% swap used (fold 4 epoch 91 val) -- pausing 3s for extra cleanup
  Ep  91/200  loss=0.4840  AUC=0.8488  AP=0.8210  smoothAUC=0.8439  (415.4s)
    batch 1/11
    [swap-guard] 95.5% swap used (batch 3/11) -- pausing 3s for extra cleanup
    batch 6/11
    [swap-guard] 94.7% swap used (batch 6/11) -- pausing 3s for extra cleanup
    [swap-guard] 94.1% swap used (batch 9/11) -- pausing 3s for extra cleanup
    batch 11/11
    [swap-guard] 97.9% swap used (epoch end) -- pausing 3s for extra cleanup
    [swap-guard] 97.1% swap used (fold 4 epoch 92 val) -- pausing 3s for extra cleanup
  Ep  92/200  loss=0.4929  AUC=0.8504  AP=0.8246  smoothAUC=0.8480  (430.0s)
    batch 1/11
    [swap-guard] 95.8% swap used (batch 3/11) -- pausing 3s for extra cleanup
    batch 6/11
    [swap-guard] 96.2% swap used (batch 6/11) -- pausing 3s for extra cleanup
    [swap-guard] 95.6% swap used (batch 9/11) -- pausing 3s for extra cleanup
    batch 11/11
    [swap-guard] 96.0% swap used (epoch end) -- pausing 3s for extra cleanup
  Ep  93/200  loss=0.5121  AUC=0.8538  AP=0.8277  smoothAUC=0.8510  (365.1s)
    batch 1/11
    [swap-guard] 97.6% swap used (batch 3/11) -- pausing 3s for extra cleanup
    batch 6/11
    [swap-guard] 97.4% swap used (batch 6/11) -- pausing 3s for extra cleanup
    [swap-guard] 95.2% swap used (batch 9/11) -- pausing 3s for extra cleanup
    batch 11/11
    [swap-guard] 96.1% swap used (epoch end) -- pausing 3s for extra cleanup
  Ep  94/200  loss=0.4890  AUC=0.8525  AP=0.8249  smoothAUC=0.8522  (354.7s)
    batch 1/11
    [swap-guard] 95.1% swap used (batch 3/11) -- pausing 3s for extra cleanup
    batch 6/11
    [swap-guard] 96.8% swap used (batch 6/11) -- pausing 3s for extra cleanup
    [swap-guard] 96.4% swap used (batch 9/11) -- pausing 3s for extra cleanup
    batch 11/11
    [swap-guard] 96.2% swap used (epoch end) -- pausing 3s for extra cleanup
    [swap-guard] 92.7% swap used (fold 4 epoch 95 val) -- pausing 3s for extra cleanup
  Ep  95/200  loss=0.5369  AUC=0.8512  AP=0.8279  smoothAUC=0.8525  (419.5s)
    batch 1/11
    [swap-guard] 96.7% swap used (batch 3/11) -- pausing 3s for extra cleanup
    batch 6/11
    [swap-guard] 95.4% swap used (batch 6/11) -- pausing 3s for extra cleanup
    [swap-guard] 96.6% swap used (batch 9/11) -- pausing 3s for extra cleanup
    batch 11/11
    [swap-guard] 96.8% swap used (epoch end) -- pausing 3s for extra cleanup
    [swap-guard] 95.8% swap used (fold 4 epoch 96 val) -- pausing 3s for extra cleanup
  Ep  96/200  loss=0.4577  AUC=0.8516  AP=0.8304  smoothAUC=0.8518  (450.1s)
    batch 1/11
    [swap-guard] 95.6% swap used (batch 3/11) -- pausing 3s for extra cleanup
    batch 6/11
    [swap-guard] 95.9% swap used (batch 6/11) -- pausing 3s for extra cleanup
    [swap-guard] 98.2% swap used (batch 9/11) -- pausing 3s for extra cleanup
    batch 11/11
    [swap-guard] 95.8% swap used (epoch end) -- pausing 3s for extra cleanup
    [swap-guard] 93.6% swap used (fold 4 epoch 97 val) -- pausing 3s for extra cleanup
  Ep  97/200  loss=0.4775  AUC=0.8529  AP=0.8311  smoothAUC=0.8519  (425.8s)
    batch 1/11
    [swap-guard] 96.1% swap used (batch 3/11) -- pausing 3s for extra cleanup
    batch 6/11
    [swap-guard] 96.0% swap used (batch 6/11) -- pausing 3s for extra cleanup
    [swap-guard] 98.0% swap used (batch 9/11) -- pausing 3s for extra cleanup
    batch 11/11
    [swap-guard] 96.0% swap used (epoch end) -- pausing 3s for extra cleanup
    [swap-guard] 90.9% swap used (fold 4 epoch 98 val) -- pausing 3s for extra cleanup
  Ep  98/200  loss=0.4644  AUC=0.8532  AP=0.8321  smoothAUC=0.8526  (386.5s)
    batch 1/11
    [swap-guard] 97.0% swap used (batch 3/11) -- pausing 3s for extra cleanup
    batch 6/11
    [swap-guard] 94.5% swap used (batch 6/11) -- pausing 3s for extra cleanup
    [swap-guard] 95.7% swap used (batch 9/11) -- pausing 3s for extra cleanup
    batch 11/11
    [swap-guard] 97.1% swap used (epoch end) -- pausing 3s for extra cleanup
    [swap-guard] 94.3% swap used (fold 4 epoch 99 val) -- pausing 3s for extra cleanup
  Ep  99/200  loss=0.5344  AUC=0.8507  AP=0.8309  smoothAUC=0.8523  (475.4s)
    batch 1/11
    batch 6/11
    [swap-guard] 96.2% swap used (batch 6/11) -- pausing 3s for extra cleanup
    [swap-guard] 95.5% swap used (batch 9/11) -- pausing 3s for extra cleanup
    batch 11/11
    [swap-guard] 96.2% swap used (epoch end) -- pausing 3s for extra cleanup
  Ep 100/200  loss=0.5450  AUC=0.8519  AP=0.8276  smoothAUC=0.8519  (487.6s)
    batch 1/11
    [swap-guard] 97.3% swap used (batch 3/11) -- pausing 3s for extra cleanup
    batch 6/11
    [swap-guard] 96.6% swap used (batch 6/11) -- pausing 3s for extra cleanup
    [swap-guard] 95.5% swap used (batch 9/11) -- pausing 3s for extra cleanup
    batch 11/11
    [swap-guard] 98.0% swap used (epoch end) -- pausing 3s for extra cleanup
    [swap-guard] 97.8% swap used (fold 4 epoch 101 val) -- pausing 3s for extra cleanup
  Ep 101/200  loss=0.4654  AUC=0.8513  AP=0.8251  smoothAUC=0.8513  (417.7s)
    batch 1/11
    [swap-guard] 95.4% swap used (batch 3/11) -- pausing 3s for extra cleanup
    batch 6/11
    [swap-guard] 94.6% swap used (batch 6/11) -- pausing 3s for extra cleanup
    [swap-guard] 98.1% swap used (batch 9/11) -- pausing 3s for extra cleanup
    batch 11/11
    [swap-guard] 96.8% swap used (epoch end) -- pausing 3s for extra cleanup
  Ep 102/200  loss=0.5286  AUC=0.8531  AP=0.8284  smoothAUC=0.8521  (425.7s)
    batch 1/11
    [swap-guard] 95.6% swap used (batch 3/11) -- pausing 3s for extra cleanup
    batch 6/11
    [swap-guard] 95.9% swap used (batch 6/11) -- pausing 3s for extra cleanup
    [swap-guard] 96.8% swap used (batch 9/11) -- pausing 3s for extra cleanup
    batch 11/11
    [swap-guard] 94.8% swap used (epoch end) -- pausing 3s for extra cleanup
    [swap-guard] 92.1% swap used (fold 4 epoch 103 val) -- pausing 3s for extra cleanup
  Ep 103/200  loss=0.5231  AUC=0.8550  AP=0.8294  smoothAUC=0.8531  (514.8s)
    batch 1/11
    [swap-guard] 95.2% swap used (batch 3/11) -- pausing 3s for extra cleanup
    batch 6/11
    [swap-guard] 96.5% swap used (batch 6/11) -- pausing 3s for extra cleanup
    batch 11/11
    [swap-guard] 95.7% swap used (epoch end) -- pausing 3s for extra cleanup
    [swap-guard] 92.2% swap used (fold 4 epoch 104 val) -- pausing 3s for extra cleanup
  Ep 104/200  loss=0.4557  AUC=0.8580  AP=0.8342  smoothAUC=0.8553  (550.3s)

  Early stopping at epoch 104.

  Fold 4 test — AUC=0.8556  AP=0.8452  (random=0.5000)
    [swap-guard] 94.9% swap used (fold 4 boundary) -- pausing 3s for extra cleanup

=======================================================
  FOLD 5 / 5
=======================================================
/Users/mbp/Documents/MTECH/Sem4/Individual_project/AI_Assisted_3D_Assembly_Design/AI-Assisted-3D-Assembly-Design/.venv/lib/python3.12/site-packages/torch_geometric/transforms/base_transform.py:32: UserWarning: There are not enough negative edges to satisfy the provided sampling ratio. The ratio will be adjusted to 0.00.
  return self.forward(copy.copy(data))
    [DIAG] graph 44: 2 nodes, 2 dir-edges, 1 pos, requested 1 neg but only 0 possible
    [DIAG] graph 60: 2 nodes, 2 dir-edges, 1 pos, requested 1 neg but only 0 possible
    [DIAG] graph 63: 2 nodes, 2 dir-edges, 1 pos, requested 1 neg but only 0 possible
    [DIAG] graph 71: 2 nodes, 2 dir-edges, 1 pos, requested 1 neg but only 0 possible
    [DIAG] graph 126: 2 nodes, 2 dir-edges, 1 pos, requested 1 neg but only 0 possible
  Fold 5/5 — train: 163  val: 40  test: 30
Model built on mps  |  total params: 2,441,809
    batch 1/11
    [swap-guard] 96.5% swap used (batch 3/11) -- pausing 3s for extra cleanup
    batch 6/11
    [swap-guard] 97.6% swap used (batch 6/11) -- pausing 3s for extra cleanup
    [swap-guard] 97.4% swap used (batch 9/11) -- pausing 3s for extra cleanup
    batch 11/11
    [swap-guard] 95.4% swap used (epoch end) -- pausing 3s for extra cleanup
    [swap-guard] 96.3% swap used (fold 5 epoch 1 val) -- pausing 3s for extra cleanup
  Ep   1/200  loss=1.7845  AUC=0.5419  AP=0.5372  smoothAUC=0.5419  (392.5s)
  ✓ Fold 5 new best smoothed AUC=0.5419  saved.
    batch 1/11
    [swap-guard] 94.5% swap used (batch 3/11) -- pausing 3s for extra cleanup
    batch 6/11
    [swap-guard] 97.1% swap used (batch 6/11) -- pausing 3s for extra cleanup
    [swap-guard] 95.5% swap used (batch 9/11) -- pausing 3s for extra cleanup
    batch 11/11
    [swap-guard] 95.0% swap used (epoch end) -- pausing 3s for extra cleanup
    [swap-guard] 98.4% swap used (fold 5 epoch 2 val) -- pausing 3s for extra cleanup
  Ep   2/200  loss=1.6447  AUC=0.5918  AP=0.5855  smoothAUC=0.5669  (405.0s)
  ✓ Fold 5 new best smoothed AUC=0.5669  saved.
    batch 1/11
    [swap-guard] 95.8% swap used (batch 3/11) -- pausing 3s for extra cleanup
    batch 6/11
    [swap-guard] 97.9% swap used (batch 6/11) -- pausing 3s for extra cleanup
    [swap-guard] 94.2% swap used (batch 9/11) -- pausing 3s for extra cleanup
    batch 11/11
    [swap-guard] 96.2% swap used (epoch end) -- pausing 3s for extra cleanup
    [swap-guard] 95.6% swap used (fold 5 epoch 3 val) -- pausing 3s for extra cleanup
  Ep   3/200  loss=1.6773  AUC=0.5946  AP=0.5762  smoothAUC=0.5761  (388.9s)
  ✓ Fold 5 new best smoothed AUC=0.5761  saved.
    batch 1/11
    batch 6/11
    [swap-guard] 95.5% swap used (batch 6/11) -- pausing 3s for extra cleanup
    [swap-guard] 95.6% swap used (batch 9/11) -- pausing 3s for extra cleanup
    batch 11/11
    [swap-guard] 95.6% swap used (epoch end) -- pausing 3s for extra cleanup
    [swap-guard] 95.2% swap used (fold 5 epoch 4 val) -- pausing 3s for extra cleanup
  Ep   4/200  loss=1.6085  AUC=0.5912  AP=0.5724  smoothAUC=0.5925  (302.6s)
  ✓ Fold 5 new best smoothed AUC=0.5925  saved.
    batch 1/11
    [swap-guard] 97.5% swap used (batch 3/11) -- pausing 3s for extra cleanup
    batch 6/11
    [swap-guard] 96.0% swap used (batch 6/11) -- pausing 3s for extra cleanup
    [swap-guard] 96.0% swap used (batch 9/11) -- pausing 3s for extra cleanup
    batch 11/11
    [swap-guard] 96.9% swap used (epoch end) -- pausing 3s for extra cleanup
    [swap-guard] 96.5% swap used (fold 5 epoch 5 val) -- pausing 3s for extra cleanup
  Ep   5/200  loss=1.6100  AUC=0.6222  AP=0.5884  smoothAUC=0.6027  (395.7s)
  ✓ Fold 5 new best smoothed AUC=0.6027  saved.
    batch 1/11
    [swap-guard] 97.7% swap used (batch 3/11) -- pausing 3s for extra cleanup
    batch 6/11
    [swap-guard] 97.9% swap used (batch 6/11) -- pausing 3s for extra cleanup
    [swap-guard] 96.1% swap used (batch 9/11) -- pausing 3s for extra cleanup
    batch 11/11
    [swap-guard] 96.2% swap used (epoch end) -- pausing 3s for extra cleanup
    [swap-guard] 93.6% swap used (fold 5 epoch 6 val) -- pausing 3s for extra cleanup
  Ep   6/200  loss=1.5243  AUC=0.6537  AP=0.6207  smoothAUC=0.6224  (303.7s)
  ✓ Fold 5 new best smoothed AUC=0.6224  saved.
    batch 1/11
    [swap-guard] 95.6% swap used (batch 3/11) -- pausing 3s for extra cleanup
    batch 6/11
    [swap-guard] 97.2% swap used (batch 6/11) -- pausing 3s for extra cleanup
    [swap-guard] 97.7% swap used (batch 9/11) -- pausing 3s for extra cleanup
    batch 11/11
    [swap-guard] 95.4% swap used (epoch end) -- pausing 3s for extra cleanup
    [swap-guard] 95.7% swap used (fold 5 epoch 7 val) -- pausing 3s for extra cleanup
  Ep   7/200  loss=1.5203  AUC=0.6587  AP=0.6191  smoothAUC=0.6449  (394.5s)
  ✓ Fold 5 new best smoothed AUC=0.6449  saved.
    batch 1/11
    [swap-guard] 97.0% swap used (batch 3/11) -- pausing 3s for extra cleanup
    batch 6/11
    [swap-guard] 96.8% swap used (batch 6/11) -- pausing 3s for extra cleanup
    [swap-guard] 92.7% swap used (batch 9/11) -- pausing 3s for extra cleanup
    batch 11/11
    [swap-guard] 97.6% swap used (epoch end) -- pausing 3s for extra cleanup
    [swap-guard] 97.1% swap used (fold 5 epoch 8 val) -- pausing 3s for extra cleanup
  Ep   8/200  loss=1.5140  AUC=0.6643  AP=0.6204  smoothAUC=0.6589  (365.3s)
  ✓ Fold 5 new best smoothed AUC=0.6589  saved.
    batch 1/11
    [swap-guard] 97.0% swap used (batch 3/11) -- pausing 3s for extra cleanup
    batch 6/11
    [swap-guard] 95.5% swap used (batch 6/11) -- pausing 3s for extra cleanup
    [swap-guard] 95.4% swap used (batch 9/11) -- pausing 3s for extra cleanup
    batch 11/11
    [swap-guard] 97.2% swap used (epoch end) -- pausing 3s for extra cleanup
    [swap-guard] 96.4% swap used (fold 5 epoch 9 val) -- pausing 3s for extra cleanup
  Ep   9/200  loss=1.4901  AUC=0.6591  AP=0.6167  smoothAUC=0.6607  (328.5s)
  ✓ Fold 5 new best smoothed AUC=0.6607  saved.
    batch 1/11
    [swap-guard] 92.6% swap used (batch 3/11) -- pausing 3s for extra cleanup
    batch 6/11
    [swap-guard] 97.6% swap used (batch 6/11) -- pausing 3s for extra cleanup
    batch 11/11
    [swap-guard] 97.5% swap used (epoch end) -- pausing 3s for extra cleanup
    [swap-guard] 96.1% swap used (fold 5 epoch 10 val) -- pausing 3s for extra cleanup
  Ep  10/200  loss=1.4087  AUC=0.6645  AP=0.6256  smoothAUC=0.6626  (346.5s)
  ✓ Fold 5 new best smoothed AUC=0.6626  saved.
    batch 1/11
    [swap-guard] 96.0% swap used (batch 3/11) -- pausing 3s for extra cleanup
    batch 6/11
    [swap-guard] 96.0% swap used (batch 6/11) -- pausing 3s for extra cleanup
    [swap-guard] 96.8% swap used (batch 9/11) -- pausing 3s for extra cleanup
    batch 11/11
    [swap-guard] 95.6% swap used (epoch end) -- pausing 3s for extra cleanup
    [swap-guard] 95.8% swap used (fold 5 epoch 11 val) -- pausing 3s for extra cleanup
  Ep  11/200  loss=1.3554  AUC=0.6522  AP=0.6214  smoothAUC=0.6586  (406.8s)
    batch 1/11
    [swap-guard] 95.6% swap used (batch 3/11) -- pausing 3s for extra cleanup
    batch 6/11
    [swap-guard] 96.5% swap used (batch 6/11) -- pausing 3s for extra cleanup
    [swap-guard] 95.5% swap used (batch 9/11) -- pausing 3s for extra cleanup
    batch 11/11
    [swap-guard] 96.5% swap used (epoch end) -- pausing 3s for extra cleanup
  Ep  12/200  loss=1.4044  AUC=0.6652  AP=0.6440  smoothAUC=0.6606  (453.9s)
    batch 1/11
    [swap-guard] 95.4% swap used (batch 3/11) -- pausing 3s for extra cleanup
    batch 6/11
    [swap-guard] 97.6% swap used (batch 6/11) -- pausing 3s for extra cleanup
    [swap-guard] 96.9% swap used (batch 9/11) -- pausing 3s for extra cleanup
    batch 11/11
    [swap-guard] 97.3% swap used (epoch end) -- pausing 3s for extra cleanup
    [swap-guard] 96.1% swap used (fold 5 epoch 13 val) -- pausing 3s for extra cleanup
  Ep  13/200  loss=1.4041  AUC=0.6353  AP=0.6302  smoothAUC=0.6509  (484.7s)
    batch 1/11
    [swap-guard] 98.2% swap used (batch 3/11) -- pausing 3s for extra cleanup
    batch 6/11
    [swap-guard] 96.0% swap used (batch 6/11) -- pausing 3s for extra cleanup
    [swap-guard] 96.1% swap used (batch 9/11) -- pausing 3s for extra cleanup
    batch 11/11
    [swap-guard] 97.5% swap used (epoch end) -- pausing 3s for extra cleanup
    [swap-guard] 96.9% swap used (fold 5 epoch 14 val) -- pausing 3s for extra cleanup
  Ep  14/200  loss=1.4231  AUC=0.6343  AP=0.6397  smoothAUC=0.6449  (349.9s)
    batch 1/11
    [swap-guard] 97.7% swap used (batch 3/11) -- pausing 3s for extra cleanup
    batch 6/11
    [swap-guard] 97.2% swap used (batch 6/11) -- pausing 3s for extra cleanup
    [swap-guard] 97.0% swap used (batch 9/11) -- pausing 3s for extra cleanup
    batch 11/11
    [swap-guard] 95.2% swap used (epoch end) -- pausing 3s for extra cleanup
    [swap-guard] 97.6% swap used (fold 5 epoch 15 val) -- pausing 3s for extra cleanup
  Ep  15/200  loss=1.5131  AUC=0.6424  AP=0.6399  smoothAUC=0.6373  (535.7s)
    batch 1/11
    [swap-guard] 94.9% swap used (batch 3/11) -- pausing 3s for extra cleanup
    batch 6/11
    [swap-guard] 96.7% swap used (batch 6/11) -- pausing 3s for extra cleanup
    [swap-guard] 98.1% swap used (batch 9/11) -- pausing 3s for extra cleanup
    batch 11/11
    [swap-guard] 96.3% swap used (epoch end) -- pausing 3s for extra cleanup
    [swap-guard] 96.7% swap used (fold 5 epoch 16 val) -- pausing 3s for extra cleanup
  Ep  16/200  loss=1.3395  AUC=0.6372  AP=0.6330  smoothAUC=0.6380  (321.3s)
    batch 1/11
    [swap-guard] 96.2% swap used (batch 3/11) -- pausing 3s for extra cleanup
    batch 6/11
    [swap-guard] 96.8% swap used (batch 6/11) -- pausing 3s for extra cleanup

[1/4] Loading dataset …
      233 graphs loaded.
      Dataset: 233 graphs | mean nodes=30.5 | mean edges=91.3 | categories: Bench_vice=54 C_Clamps=31 Crane_hook=25 Gate_Valve=25 Pipe_vice=42 Press_Tool=31 Tool_Post=25

[2/4] Building model …  (5-fold CV)

  Resuming from fold 4 — loading prior checkpoints …
Model built on mps  |  total params: 2,441,809
    [DIAG] graph 44: 2 nodes, 2 dir-edges, 1 pos, requested 1 neg but only 0 possible
/Users/mbp/Documents/MTECH/Sem4/Individual_project/AI_Assisted_3D_Assembly_Design/AI-Assisted-3D-Assembly-Design/.venv/lib/python3.12/site-packages/torch_geometric/transforms/base_transform.py:32: UserWarning: There are not enough negative edges to satisfy the provided sampling ratio. The ratio will be adjusted to 0.00.
  return self.forward(copy.copy(data))
    [DIAG] graph 60: 2 nodes, 2 dir-edges, 1 pos, requested 1 neg but only 0 possible
    [DIAG] graph 63: 2 nodes, 2 dir-edges, 1 pos, requested 1 neg but only 0 possible
    [DIAG] graph 71: 2 nodes, 2 dir-edges, 1 pos, requested 1 neg but only 0 possible
    [DIAG] graph 126: 2 nodes, 2 dir-edges, 1 pos, requested 1 neg but only 0 possible
  Fold 1/5 — train: 162  val: 41  test: 30
  Fold 1: AUC=0.8209  AP=0.7936  (from checkpoint, random=0.5000)
Model built on mps  |  total params: 2,441,809
/Users/mbp/Documents/MTECH/Sem4/Individual_project/AI_Assisted_3D_Assembly_Design/AI-Assisted-3D-Assembly-Design/.venv/lib/python3.12/site-packages/torch_geometric/transforms/base_transform.py:32: UserWarning: There are not enough negative edges to satisfy the provided sampling ratio. The ratio will be adjusted to 0.00.
  return self.forward(copy.copy(data))
    [DIAG] graph 63: 2 nodes, 2 dir-edges, 1 pos, requested 1 neg but only 0 possible
    [DIAG] graph 44: 2 nodes, 2 dir-edges, 1 pos, requested 1 neg but only 0 possible
    [DIAG] graph 60: 2 nodes, 2 dir-edges, 1 pos, requested 1 neg but only 0 possible
    [DIAG] graph 71: 2 nodes, 2 dir-edges, 1 pos, requested 1 neg but only 0 possible
    [DIAG] graph 126: 2 nodes, 2 dir-edges, 1 pos, requested 1 neg but only 0 possible
  Fold 2/5 — train: 162  val: 41  test: 30
  Fold 2: AUC=0.8284  AP=0.8361  (from checkpoint, random=0.5000)
Model built on mps  |  total params: 2,441,809
/Users/mbp/Documents/MTECH/Sem4/Individual_project/AI_Assisted_3D_Assembly_Design/AI-Assisted-3D-Assembly-Design/.venv/lib/python3.12/site-packages/torch_geometric/transforms/base_transform.py:32: UserWarning: There are not enough negative edges to satisfy the provided sampling ratio. The ratio will be adjusted to 0.00.
  return self.forward(copy.copy(data))
    [DIAG] graph 44: 2 nodes, 2 dir-edges, 1 pos, requested 1 neg but only 0 possible
    [DIAG] graph 60: 2 nodes, 2 dir-edges, 1 pos, requested 1 neg but only 0 possible
    [DIAG] graph 71: 2 nodes, 2 dir-edges, 1 pos, requested 1 neg but only 0 possible
    [DIAG] graph 126: 2 nodes, 2 dir-edges, 1 pos, requested 1 neg but only 0 possible
    [DIAG] graph 63: 2 nodes, 2 dir-edges, 1 pos, requested 1 neg but only 0 possible
  Fold 3/5 — train: 162  val: 41  test: 30
  Fold 3: AUC=0.7946  AP=0.7808  (from checkpoint, random=0.5000)
Model built on mps  |  total params: 2,441,809
/Users/mbp/Documents/MTECH/Sem4/Individual_project/AI_Assisted_3D_Assembly_Design/AI-Assisted-3D-Assembly-Design/.venv/lib/python3.12/site-packages/torch_geometric/transforms/base_transform.py:32: UserWarning: There are not enough negative edges to satisfy the provided sampling ratio. The ratio will be adjusted to 0.00.
  return self.forward(copy.copy(data))
    [DIAG] graph 44: 2 nodes, 2 dir-edges, 1 pos, requested 1 neg but only 0 possible
    [DIAG] graph 60: 2 nodes, 2 dir-edges, 1 pos, requested 1 neg but only 0 possible
    [DIAG] graph 63: 2 nodes, 2 dir-edges, 1 pos, requested 1 neg but only 0 possible
    [DIAG] graph 71: 2 nodes, 2 dir-edges, 1 pos, requested 1 neg but only 0 possible
    [DIAG] graph 126: 2 nodes, 2 dir-edges, 1 pos, requested 1 neg but only 0 possible
  Fold 4/5 — train: 163  val: 40  test: 30
  Fold 4: AUC=0.8556  AP=0.8452  (from checkpoint, random=0.5000)

[3/4] Training (5 folds) …

=======================================================
  FOLD 5 / 5
=======================================================
/Users/mbp/Documents/MTECH/Sem4/Individual_project/AI_Assisted_3D_Assembly_Design/AI-Assisted-3D-Assembly-Design/.venv/lib/python3.12/site-packages/torch_geometric/transforms/base_transform.py:32: UserWarning: There are not enough negative edges to satisfy the provided sampling ratio. The ratio will be adjusted to 0.00.
  return self.forward(copy.copy(data))
    [DIAG] graph 44: 2 nodes, 2 dir-edges, 1 pos, requested 1 neg but only 0 possible
    [DIAG] graph 60: 2 nodes, 2 dir-edges, 1 pos, requested 1 neg but only 0 possible
    [DIAG] graph 63: 2 nodes, 2 dir-edges, 1 pos, requested 1 neg but only 0 possible
    [DIAG] graph 71: 2 nodes, 2 dir-edges, 1 pos, requested 1 neg but only 0 possible
    [DIAG] graph 126: 2 nodes, 2 dir-edges, 1 pos, requested 1 neg but only 0 possible
  Fold 5/5 — train: 163  val: 40  test: 30
Model built on mps  |  total params: 2,441,809
    batch 1/11
    batch 6/11
    batch 11/11
  Ep   1/200  loss=1.6885  AUC=0.5598  AP=0.5757  smoothAUC=0.5598  (57.9s)
  ✓ Fold 5 new best smoothed AUC=0.5598  saved.
    batch 1/11
    batch 6/11
    batch 11/11
  Ep   2/200  loss=1.7011  AUC=0.5444  AP=0.5271  smoothAUC=0.5521  (102.1s)
    batch 1/11
    batch 6/11
    batch 11/11
    [swap-guard] 91.8% swap used (epoch end) -- pausing 3s for extra cleanup
  Ep   3/200  loss=1.6688  AUC=0.5678  AP=0.5592  smoothAUC=0.5573  (108.1s)
    batch 1/11
    [swap-guard] 95.4% swap used (batch 3/11) -- pausing 3s for extra cleanup
    batch 6/11
    [swap-guard] 91.4% swap used (batch 9/11) -- pausing 3s for extra cleanup
    batch 11/11
  Ep   4/200  loss=1.5610  AUC=0.5814  AP=0.5663  smoothAUC=0.5645  (72.6s)
  ✓ Fold 5 new best smoothed AUC=0.5645  saved.
    batch 1/11
    [swap-guard] 91.0% swap used (batch 3/11) -- pausing 3s for extra cleanup
    batch 6/11
    [swap-guard] 90.9% swap used (batch 6/11) -- pausing 3s for extra cleanup
    [swap-guard] 93.7% swap used (batch 9/11) -- pausing 3s for extra cleanup
    batch 11/11
  Ep   5/200  loss=1.6126  AUC=0.5821  AP=0.5624  smoothAUC=0.5771  (98.9s)
  ✓ Fold 5 new best smoothed AUC=0.5771  saved.
    batch 1/11
    batch 6/11
    [swap-guard] 92.4% swap used (batch 9/11) -- pausing 3s for extra cleanup
    batch 11/11
  Ep   6/200  loss=1.5478  AUC=0.6081  AP=0.5910  smoothAUC=0.5905  (91.2s)
  ✓ Fold 5 new best smoothed AUC=0.5905  saved.
    batch 1/11
    [swap-guard] 91.0% swap used (batch 3/11) -- pausing 3s for extra cleanup
    batch 6/11
    [swap-guard] 92.6% swap used (batch 6/11) -- pausing 3s for extra cleanup
    [swap-guard] 90.2% swap used (batch 9/11) -- pausing 3s for extra cleanup
    batch 11/11
  Ep   7/200  loss=1.4951  AUC=0.5894  AP=0.5662  smoothAUC=0.5932  (118.2s)
  ✓ Fold 5 new best smoothed AUC=0.5932  saved.
    batch 1/11
    [swap-guard] 91.4% swap used (batch 3/11) -- pausing 3s for extra cleanup
    batch 6/11
    [swap-guard] 93.3% swap used (batch 6/11) -- pausing 3s for extra cleanup
    [swap-guard] 91.8% swap used (batch 9/11) -- pausing 3s for extra cleanup
    batch 11/11
  Ep   8/200  loss=1.4712  AUC=0.6220  AP=0.5993  smoothAUC=0.6065  (93.7s)
  ✓ Fold 5 new best smoothed AUC=0.6065  saved.
    batch 1/11
    [swap-guard] 93.2% swap used (batch 3/11) -- pausing 3s for extra cleanup
    batch 6/11
    [swap-guard] 90.6% swap used (batch 6/11) -- pausing 3s for extra cleanup
    [swap-guard] 94.4% swap used (batch 9/11) -- pausing 3s for extra cleanup
    batch 11/11
  Ep   9/200  loss=1.5035  AUC=0.6661  AP=0.6338  smoothAUC=0.6258  (179.3s)
  ✓ Fold 5 new best smoothed AUC=0.6258  saved.
    batch 1/11
    [swap-guard] 92.9% swap used (batch 3/11) -- pausing 3s for extra cleanup
    batch 6/11
    batch 11/11
  Ep  10/200  loss=1.4713  AUC=0.6678  AP=0.6386  smoothAUC=0.6520  (84.0s)
  ✓ Fold 5 new best smoothed AUC=0.6520  saved.
    batch 1/11
    [swap-guard] 90.8% swap used (batch 3/11) -- pausing 3s for extra cleanup
    batch 6/11
    [swap-guard] 91.3% swap used (batch 6/11) -- pausing 3s for extra cleanup
    [swap-guard] 91.2% swap used (batch 9/11) -- pausing 3s for extra cleanup
    batch 11/11
  Ep  11/200  loss=1.5329  AUC=0.6931  AP=0.6545  smoothAUC=0.6757  (94.8s)
  ✓ Fold 5 new best smoothed AUC=0.6757  saved.
    batch 1/11
    [swap-guard] 91.9% swap used (batch 3/11) -- pausing 3s for extra cleanup
    batch 6/11
    [swap-guard] 91.7% swap used (batch 6/11) -- pausing 3s for extra cleanup
    batch 11/11
    [swap-guard] 92.4% swap used (epoch end) -- pausing 3s for extra cleanup
  Ep  12/200  loss=1.4401  AUC=0.6659  AP=0.6328  smoothAUC=0.6756  (86.0s)
    batch 1/11
    [swap-guard] 92.0% swap used (batch 3/11) -- pausing 3s for extra cleanup
    batch 6/11
    [swap-guard] 95.2% swap used (batch 6/11) -- pausing 3s for extra cleanup
    [swap-guard] 91.8% swap used (batch 9/11) -- pausing 3s for extra cleanup
    batch 11/11
    [swap-guard] 90.3% swap used (epoch end) -- pausing 3s for extra cleanup
  Ep  13/200  loss=1.3965  AUC=0.6571  AP=0.6109  smoothAUC=0.6720  (140.1s)
    batch 1/11
    [swap-guard] 92.6% swap used (batch 3/11) -- pausing 3s for extra cleanup
    batch 6/11
    [swap-guard] 93.7% swap used (batch 6/11) -- pausing 3s for extra cleanup
    batch 11/11
  Ep  14/200  loss=1.4337  AUC=0.6677  AP=0.6181  smoothAUC=0.6636  (104.5s)
    batch 1/11
    [swap-guard] 95.8% swap used (batch 3/11) -- pausing 3s for extra cleanup
    batch 6/11
    [swap-guard] 94.2% swap used (batch 6/11) -- pausing 3s for extra cleanup
    batch 11/11
    [swap-guard] 93.0% swap used (fold 5 epoch 15 val) -- pausing 3s for extra cleanup
  Ep  15/200  loss=1.3925  AUC=0.6560  AP=0.6081  smoothAUC=0.6603  (105.6s)
    batch 1/11
    [swap-guard] 91.6% swap used (batch 3/11) -- pausing 3s for extra cleanup
    batch 6/11
    [swap-guard] 93.1% swap used (batch 9/11) -- pausing 3s for extra cleanup
    batch 11/11
    [swap-guard] 92.0% swap used (fold 5 epoch 16 val) -- pausing 3s for extra cleanup
  Ep  16/200  loss=1.3667  AUC=0.6791  AP=0.6386  smoothAUC=0.6676  (84.4s)
    batch 1/11
    [swap-guard] 93.4% swap used (batch 3/11) -- pausing 3s for extra cleanup
    batch 6/11
    [swap-guard] 95.3% swap used (batch 6/11) -- pausing 3s for extra cleanup
    [swap-guard] 92.4% swap used (batch 9/11) -- pausing 3s for extra cleanup
    batch 11/11
  Ep  17/200  loss=1.3084  AUC=0.6766  AP=0.6422  smoothAUC=0.6705  (184.3s)
    batch 1/11
    [swap-guard] 96.6% swap used (batch 3/11) -- pausing 3s for extra cleanup
    batch 6/11
    [swap-guard] 91.3% swap used (batch 9/11) -- pausing 3s for extra cleanup
    batch 11/11
  Ep  18/200  loss=1.3078  AUC=0.7076  AP=0.6646  smoothAUC=0.6878  (107.0s)
  ✓ Fold 5 new best smoothed AUC=0.6878  saved.
    batch 1/11
    [swap-guard] 93.9% swap used (batch 3/11) -- pausing 3s for extra cleanup
    batch 6/11
    [swap-guard] 92.9% swap used (batch 6/11) -- pausing 3s for extra cleanup
    [swap-guard] 94.7% swap used (batch 9/11) -- pausing 3s for extra cleanup
    batch 11/11
    [swap-guard] 92.8% swap used (fold 5 epoch 19 val) -- pausing 3s for extra cleanup
  Ep  19/200  loss=1.2635  AUC=0.7210  AP=0.6798  smoothAUC=0.7017  (121.2s)
  ✓ Fold 5 new best smoothed AUC=0.7017  saved.
    batch 1/11
    [swap-guard] 92.8% swap used (batch 3/11) -- pausing 3s for extra cleanup
    batch 6/11
    [swap-guard] 95.4% swap used (batch 6/11) -- pausing 3s for extra cleanup
    [swap-guard] 95.4% swap used (batch 9/11) -- pausing 3s for extra cleanup
    batch 11/11
    [swap-guard] 91.0% swap used (epoch end) -- pausing 3s for extra cleanup
    [swap-guard] 90.5% swap used (fold 5 epoch 20 val) -- pausing 3s for extra cleanup
  Ep  20/200  loss=1.2611  AUC=0.7301  AP=0.6907  smoothAUC=0.7196  (115.4s)
  ✓ Fold 5 new best smoothed AUC=0.7196  saved.
    batch 1/11
    [swap-guard] 95.0% swap used (batch 3/11) -- pausing 3s for extra cleanup
    batch 6/11
    [swap-guard] 91.9% swap used (batch 6/11) -- pausing 3s for extra cleanup
    batch 11/11
  Ep  21/200  loss=1.2530  AUC=0.7227  AP=0.6936  smoothAUC=0.7246  (160.2s)
  ✓ Fold 5 new best smoothed AUC=0.7246  saved.
    batch 1/11
    batch 6/11
    [swap-guard] 92.6% swap used (batch 6/11) -- pausing 3s for extra cleanup
    batch 11/11
    [swap-guard] 94.2% swap used (epoch end) -- pausing 3s for extra cleanup
  Ep  22/200  loss=1.2383  AUC=0.7180  AP=0.6931  smoothAUC=0.7236  (116.2s)
    batch 1/11
    [swap-guard] 96.2% swap used (batch 3/11) -- pausing 3s for extra cleanup
    batch 6/11
    [swap-guard] 95.8% swap used (batch 6/11) -- pausing 3s for extra cleanup
    [swap-guard] 96.3% swap used (batch 9/11) -- pausing 3s for extra cleanup
    batch 11/11
    [swap-guard] 92.7% swap used (epoch end) -- pausing 3s for extra cleanup
  Ep  23/200  loss=1.2358  AUC=0.7327  AP=0.6999  smoothAUC=0.7245  (159.5s)
    batch 1/11
    [swap-guard] 91.7% swap used (batch 3/11) -- pausing 3s for extra cleanup
    batch 6/11
    [swap-guard] 92.5% swap used (batch 6/11) -- pausing 3s for extra cleanup
    [swap-guard] 91.8% swap used (batch 9/11) -- pausing 3s for extra cleanup
    batch 11/11
  Ep  24/200  loss=1.2198  AUC=0.7268  AP=0.6858  smoothAUC=0.7258  (155.2s)
  ✓ Fold 5 new best smoothed AUC=0.7258  saved.
    batch 1/11
    [swap-guard] 90.7% swap used (batch 3/11) -- pausing 3s for extra cleanup
    batch 6/11
    [swap-guard] 93.2% swap used (batch 6/11) -- pausing 3s for extra cleanup
    [swap-guard] 93.4% swap used (batch 9/11) -- pausing 3s for extra cleanup
    batch 11/11
    [swap-guard] 91.9% swap used (epoch end) -- pausing 3s for extra cleanup
  Ep  25/200  loss=1.1767  AUC=0.7123  AP=0.6718  smoothAUC=0.7239  (136.0s)
    batch 1/11
    [swap-guard] 93.2% swap used (batch 3/11) -- pausing 3s for extra cleanup
    batch 6/11
    [swap-guard] 95.3% swap used (batch 6/11) -- pausing 3s for extra cleanup
    [swap-guard] 93.1% swap used (batch 9/11) -- pausing 3s for extra cleanup
    batch 11/11
    [swap-guard] 90.6% swap used (epoch end) -- pausing 3s for extra cleanup
    [swap-guard] 90.7% swap used (fold 5 epoch 26 val) -- pausing 3s for extra cleanup
  Ep  26/200  loss=1.1423  AUC=0.7458  AP=0.7404  smoothAUC=0.7283  (141.1s)
  ✓ Fold 5 new best smoothed AUC=0.7283  saved.
    batch 1/11
    [swap-guard] 90.9% swap used (batch 3/11) -- pausing 3s for extra cleanup
    batch 6/11
    [swap-guard] 94.7% swap used (batch 6/11) -- pausing 3s for extra cleanup
    [swap-guard] 93.5% swap used (batch 9/11) -- pausing 3s for extra cleanup
    batch 11/11
    [swap-guard] 93.4% swap used (epoch end) -- pausing 3s for extra cleanup
  Ep  27/200  loss=1.1054  AUC=0.7290  AP=0.7223  smoothAUC=0.7290  (104.0s)
  ✓ Fold 5 new best smoothed AUC=0.7290  saved.
    batch 1/11
    [swap-guard] 95.9% swap used (batch 3/11) -- pausing 3s for extra cleanup
    batch 6/11
    [swap-guard] 94.9% swap used (batch 6/11) -- pausing 3s for extra cleanup
    [swap-guard] 94.7% swap used (batch 9/11) -- pausing 3s for extra cleanup
    batch 11/11
    [swap-guard] 92.7% swap used (epoch end) -- pausing 3s for extra cleanup
  Ep  28/200  loss=1.1236  AUC=0.7354  AP=0.7133  smoothAUC=0.7367  (116.0s)
  ✓ Fold 5 new best smoothed AUC=0.7367  saved.
    batch 1/11
    [swap-guard] 92.5% swap used (batch 3/11) -- pausing 3s for extra cleanup
    batch 6/11
    [swap-guard] 92.9% swap used (batch 6/11) -- pausing 3s for extra cleanup
    [swap-guard] 97.0% swap used (batch 9/11) -- pausing 3s for extra cleanup
    batch 11/11
    [swap-guard] 90.8% swap used (epoch end) -- pausing 3s for extra cleanup
    [swap-guard] 90.9% swap used (fold 5 epoch 29 val) -- pausing 3s for extra cleanup
  Ep  29/200  loss=1.1142  AUC=0.7419  AP=0.7129  smoothAUC=0.7354  (199.0s)
    batch 1/11
    batch 6/11
    [swap-guard] 92.7% swap used (batch 9/11) -- pausing 3s for extra cleanup
    batch 11/11
    [swap-guard] 91.3% swap used (epoch end) -- pausing 3s for extra cleanup
    [swap-guard] 93.1% swap used (fold 5 epoch 30 val) -- pausing 3s for extra cleanup
  Ep  30/200  loss=1.1290  AUC=0.7602  AP=0.7295  smoothAUC=0.7458  (142.7s)
  ✓ Fold 5 new best smoothed AUC=0.7458  saved.
    batch 1/11
    [swap-guard] 94.8% swap used (batch 3/11) -- pausing 3s for extra cleanup
    batch 6/11
    [swap-guard] 95.9% swap used (batch 9/11) -- pausing 3s for extra cleanup
    batch 11/11
    [swap-guard] 92.0% swap used (epoch end) -- pausing 3s for extra cleanup
    [swap-guard] 97.1% swap used (fold 5 epoch 31 val) -- pausing 3s for extra cleanup
  Ep  31/200  loss=1.1163  AUC=0.7625  AP=0.7302  smoothAUC=0.7548  (189.7s)
  ✓ Fold 5 new best smoothed AUC=0.7548  saved.
    batch 1/11
    batch 6/11
    [swap-guard] 91.2% swap used (batch 6/11) -- pausing 3s for extra cleanup
    [swap-guard] 93.1% swap used (batch 9/11) -- pausing 3s for extra cleanup
    batch 11/11
    [swap-guard] 94.6% swap used (epoch end) -- pausing 3s for extra cleanup
  Ep  32/200  loss=1.0867  AUC=0.7691  AP=0.7403  smoothAUC=0.7639  (111.3s)
  ✓ Fold 5 new best smoothed AUC=0.7639  saved.
    batch 1/11
    [swap-guard] 95.0% swap used (batch 3/11) -- pausing 3s for extra cleanup
    batch 6/11
    [swap-guard] 94.7% swap used (batch 6/11) -- pausing 3s for extra cleanup
    batch 11/11
    [swap-guard] 95.6% swap used (epoch end) -- pausing 3s for extra cleanup
    [swap-guard] 93.0% swap used (fold 5 epoch 33 val) -- pausing 3s for extra cleanup
  Ep  33/200  loss=1.1023  AUC=0.7821  AP=0.7614  smoothAUC=0.7712  (126.0s)
  ✓ Fold 5 new best smoothed AUC=0.7712  saved.
    batch 1/11
    [swap-guard] 94.7% swap used (batch 3/11) -- pausing 3s for extra cleanup
    batch 6/11
    [swap-guard] 96.3% swap used (batch 6/11) -- pausing 3s for extra cleanup
    [swap-guard] 93.7% swap used (batch 9/11) -- pausing 3s for extra cleanup
    batch 11/11
    [swap-guard] 91.9% swap used (epoch end) -- pausing 3s for extra cleanup
    [swap-guard] 91.9% swap used (fold 5 epoch 34 val) -- pausing 3s for extra cleanup
  Ep  34/200  loss=1.0494  AUC=0.7642  AP=0.7239  smoothAUC=0.7718  (160.0s)
  ✓ Fold 5 new best smoothed AUC=0.7718  saved.
    batch 1/11
    [swap-guard] 96.0% swap used (batch 3/11) -- pausing 3s for extra cleanup
    batch 6/11
    [swap-guard] 96.6% swap used (batch 6/11) -- pausing 3s for extra cleanup
    [swap-guard] 96.3% swap used (batch 9/11) -- pausing 3s for extra cleanup
    batch 11/11
    [swap-guard] 94.9% swap used (epoch end) -- pausing 3s for extra cleanup
    [swap-guard] 90.3% swap used (fold 5 epoch 35 val) -- pausing 3s for extra cleanup
  Ep  35/200  loss=0.9964  AUC=0.7600  AP=0.7193  smoothAUC=0.7688  (118.1s)
    batch 1/11
    batch 6/11
    [swap-guard] 95.5% swap used (batch 6/11) -- pausing 3s for extra cleanup
    [swap-guard] 93.6% swap used (batch 9/11) -- pausing 3s for extra cleanup
    batch 11/11
    [swap-guard] 91.4% swap used (epoch end) -- pausing 3s for extra cleanup
    [swap-guard] 97.3% swap used (fold 5 epoch 36 val) -- pausing 3s for extra cleanup
  Ep  36/200  loss=1.0101  AUC=0.7510  AP=0.6900  smoothAUC=0.7584  (114.2s)
    batch 1/11
    [swap-guard] 93.7% swap used (batch 3/11) -- pausing 3s for extra cleanup
    batch 6/11
    [swap-guard] 97.1% swap used (batch 6/11) -- pausing 3s for extra cleanup
    [swap-guard] 94.7% swap used (batch 9/11) -- pausing 3s for extra cleanup
    batch 11/11
    [swap-guard] 92.2% swap used (epoch end) -- pausing 3s for extra cleanup
    [swap-guard] 93.1% swap used (fold 5 epoch 37 val) -- pausing 3s for extra cleanup
  Ep  37/200  loss=1.0438  AUC=0.7420  AP=0.7046  smoothAUC=0.7510  (214.0s)
    batch 1/11
    [swap-guard] 93.5% swap used (batch 3/11) -- pausing 3s for extra cleanup
    batch 6/11
    [swap-guard] 93.6% swap used (batch 6/11) -- pausing 3s for extra cleanup
    [swap-guard] 93.4% swap used (batch 9/11) -- pausing 3s for extra cleanup
    batch 11/11
    [swap-guard] 92.7% swap used (epoch end) -- pausing 3s for extra cleanup
    [swap-guard] 92.4% swap used (fold 5 epoch 38 val) -- pausing 3s for extra cleanup
  Ep  38/200  loss=1.0187  AUC=0.7490  AP=0.7036  smoothAUC=0.7473  (171.8s)
    batch 1/11
    [swap-guard] 95.5% swap used (batch 3/11) -- pausing 3s for extra cleanup
    batch 6/11
    [swap-guard] 93.0% swap used (batch 9/11) -- pausing 3s for extra cleanup
    batch 11/11
    [swap-guard] 95.0% swap used (epoch end) -- pausing 3s for extra cleanup
  Ep  39/200  loss=0.9543  AUC=0.7320  AP=0.6830  smoothAUC=0.7410  (211.8s)
    batch 1/11
    batch 6/11
    [swap-guard] 92.9% swap used (batch 6/11) -- pausing 3s for extra cleanup
    batch 11/11
    [swap-guard] 91.9% swap used (epoch end) -- pausing 3s for extra cleanup
  Ep  40/200  loss=1.0312  AUC=0.7296  AP=0.6882  smoothAUC=0.7368  (158.9s)
    batch 1/11
    [swap-guard] 94.7% swap used (batch 3/11) -- pausing 3s for extra cleanup
    batch 6/11
    [swap-guard] 94.4% swap used (batch 6/11) -- pausing 3s for extra cleanup
    batch 11/11
    [swap-guard] 92.4% swap used (fold 5 epoch 41 val) -- pausing 3s for extra cleanup
  Ep  41/200  loss=0.9628  AUC=0.7452  AP=0.7190  smoothAUC=0.7356  (164.4s)
    batch 1/11
    [swap-guard] 94.0% swap used (batch 3/11) -- pausing 3s for extra cleanup
    batch 6/11
    [swap-guard] 95.5% swap used (batch 9/11) -- pausing 3s for extra cleanup
    batch 11/11
    [swap-guard] 93.8% swap used (epoch end) -- pausing 3s for extra cleanup
    [swap-guard] 98.3% swap used (fold 5 epoch 42 val) -- pausing 3s for extra cleanup
  Ep  42/200  loss=0.9386  AUC=0.7720  AP=0.7291  smoothAUC=0.7489  (196.0s)
    batch 1/11
    [swap-guard] 94.8% swap used (batch 3/11) -- pausing 3s for extra cleanup
    batch 6/11
    [swap-guard] 93.2% swap used (batch 6/11) -- pausing 3s for extra cleanup
    batch 11/11
    [swap-guard] 90.8% swap used (epoch end) -- pausing 3s for extra cleanup
    [swap-guard] 94.8% swap used (fold 5 epoch 43 val) -- pausing 3s for extra cleanup
  Ep  43/200  loss=0.9358  AUC=0.7689  AP=0.7080  smoothAUC=0.7620  (138.7s)
    batch 1/11
    [swap-guard] 94.1% swap used (batch 3/11) -- pausing 3s for extra cleanup
    batch 6/11
    [swap-guard] 96.0% swap used (batch 6/11) -- pausing 3s for extra cleanup
    [swap-guard] 90.1% swap used (batch 9/11) -- pausing 3s for extra cleanup
    batch 11/11
    [swap-guard] 93.6% swap used (epoch end) -- pausing 3s for extra cleanup
    [swap-guard] 90.3% swap used (fold 5 epoch 44 val) -- pausing 3s for extra cleanup
  Ep  44/200  loss=0.9223  AUC=0.7693  AP=0.7192  smoothAUC=0.7701  (228.7s)
    batch 1/11
    [swap-guard] 98.3% swap used (batch 3/11) -- pausing 3s for extra cleanup
    batch 6/11
    [swap-guard] 92.6% swap used (batch 6/11) -- pausing 3s for extra cleanup
    [swap-guard] 93.8% swap used (batch 9/11) -- pausing 3s for extra cleanup
    batch 11/11
    [swap-guard] 92.6% swap used (epoch end) -- pausing 3s for extra cleanup
    [swap-guard] 95.6% swap used (fold 5 epoch 45 val) -- pausing 3s for extra cleanup
  Ep  45/200  loss=0.8934  AUC=0.7665  AP=0.7336  smoothAUC=0.7682  (212.9s)
    batch 1/11
    batch 6/11
    [swap-guard] 95.0% swap used (batch 6/11) -- pausing 3s for extra cleanup
    [swap-guard] 94.4% swap used (batch 9/11) -- pausing 3s for extra cleanup
    batch 11/11
    [swap-guard] 90.6% swap used (epoch end) -- pausing 3s for extra cleanup
    [swap-guard] 96.2% swap used (fold 5 epoch 46 val) -- pausing 3s for extra cleanup
  Ep  46/200  loss=0.9287  AUC=0.7807  AP=0.7442  smoothAUC=0.7722  (191.0s)
  ✓ Fold 5 new best smoothed AUC=0.7722  saved.
    batch 1/11
    [swap-guard] 95.9% swap used (batch 3/11) -- pausing 3s for extra cleanup
    batch 6/11
    [swap-guard] 93.6% swap used (batch 6/11) -- pausing 3s for extra cleanup
    [swap-guard] 96.5% swap used (batch 9/11) -- pausing 3s for extra cleanup
    batch 11/11
    [swap-guard] 96.4% swap used (epoch end) -- pausing 3s for extra cleanup
    [swap-guard] 92.0% swap used (fold 5 epoch 47 val) -- pausing 3s for extra cleanup
  Ep  47/200  loss=0.9369  AUC=0.7867  AP=0.7500  smoothAUC=0.7780  (182.2s)
  ✓ Fold 5 new best smoothed AUC=0.7780  saved.
    batch 1/11
    [swap-guard] 94.1% swap used (batch 3/11) -- pausing 3s for extra cleanup
    batch 6/11
    [swap-guard] 94.3% swap used (batch 6/11) -- pausing 3s for extra cleanup
    [swap-guard] 96.0% swap used (batch 9/11) -- pausing 3s for extra cleanup
    batch 11/11
    [swap-guard] 96.8% swap used (epoch end) -- pausing 3s for extra cleanup
    [swap-guard] 95.6% swap used (fold 5 epoch 48 val) -- pausing 3s for extra cleanup
  Ep  48/200  loss=0.8706  AUC=0.7890  AP=0.7560  smoothAUC=0.7855  (156.3s)
  ✓ Fold 5 new best smoothed AUC=0.7855  saved.
    batch 1/11
    [swap-guard] 94.3% swap used (batch 3/11) -- pausing 3s for extra cleanup
    batch 6/11
    [swap-guard] 92.1% swap used (batch 6/11) -- pausing 3s for extra cleanup
    [swap-guard] 93.7% swap used (batch 9/11) -- pausing 3s for extra cleanup
    batch 11/11
    [swap-guard] 96.4% swap used (epoch end) -- pausing 3s for extra cleanup
    [swap-guard] 92.2% swap used (fold 5 epoch 49 val) -- pausing 3s for extra cleanup
  Ep  49/200  loss=0.8775  AUC=0.7931  AP=0.7663  smoothAUC=0.7896  (239.2s)
  ✓ Fold 5 new best smoothed AUC=0.7896  saved.
    batch 1/11
    batch 6/11
    [swap-guard] 95.7% swap used (batch 6/11) -- pausing 3s for extra cleanup
    [swap-guard] 96.8% swap used (batch 9/11) -- pausing 3s for extra cleanup
    batch 11/11
    [swap-guard] 96.0% swap used (epoch end) -- pausing 3s for extra cleanup
    [swap-guard] 91.6% swap used (fold 5 epoch 50 val) -- pausing 3s for extra cleanup
  Ep  50/200  loss=0.8548  AUC=0.7976  AP=0.7623  smoothAUC=0.7932  (162.6s)
  ✓ Fold 5 new best smoothed AUC=0.7932  saved.
    batch 1/11
    [swap-guard] 93.8% swap used (batch 3/11) -- pausing 3s for extra cleanup
    batch 6/11
    [swap-guard] 93.1% swap used (batch 6/11) -- pausing 3s for extra cleanup
    [swap-guard] 95.9% swap used (batch 9/11) -- pausing 3s for extra cleanup
    batch 11/11
    [swap-guard] 92.8% swap used (epoch end) -- pausing 3s for extra cleanup
    [swap-guard] 91.5% swap used (fold 5 epoch 51 val) -- pausing 3s for extra cleanup
  Ep  51/200  loss=0.8960  AUC=0.7888  AP=0.7486  smoothAUC=0.7932  (242.6s)
    batch 1/11
    [swap-guard] 97.2% swap used (batch 3/11) -- pausing 3s for extra cleanup
    batch 6/11
    [swap-guard] 96.6% swap used (batch 6/11) -- pausing 3s for extra cleanup
    [swap-guard] 93.8% swap used (batch 9/11) -- pausing 3s for extra cleanup
    batch 11/11
    [swap-guard] 93.2% swap used (epoch end) -- pausing 3s for extra cleanup
    [swap-guard] 91.3% swap used (fold 5 epoch 52 val) -- pausing 3s for extra cleanup
  Ep  52/200  loss=0.7876  AUC=0.7824  AP=0.7419  smoothAUC=0.7896  (162.0s)
    batch 1/11
    [swap-guard] 96.4% swap used (batch 3/11) -- pausing 3s for extra cleanup
    batch 6/11
    [swap-guard] 97.1% swap used (batch 6/11) -- pausing 3s for extra cleanup
    [swap-guard] 96.2% swap used (batch 9/11) -- pausing 3s for extra cleanup
    batch 11/11
    [swap-guard] 96.0% swap used (epoch end) -- pausing 3s for extra cleanup
    [swap-guard] 92.2% swap used (fold 5 epoch 53 val) -- pausing 3s for extra cleanup
  Ep  53/200  loss=0.8580  AUC=0.7827  AP=0.7407  smoothAUC=0.7846  (173.2s)
    batch 1/11
    [swap-guard] 93.5% swap used (batch 3/11) -- pausing 3s for extra cleanup
    batch 6/11
    [swap-guard] 93.1% swap used (batch 6/11) -- pausing 3s for extra cleanup
    [swap-guard] 95.4% swap used (batch 9/11) -- pausing 3s for extra cleanup
    batch 11/11
    [swap-guard] 92.3% swap used (epoch end) -- pausing 3s for extra cleanup
    [swap-guard] 97.6% swap used (fold 5 epoch 54 val) -- pausing 3s for extra cleanup
  Ep  54/200  loss=0.8288  AUC=0.7954  AP=0.7543  smoothAUC=0.7868  (235.9s)
    batch 1/11
    [swap-guard] 94.5% swap used (batch 3/11) -- pausing 3s for extra cleanup
    batch 6/11
    [swap-guard] 96.8% swap used (batch 6/11) -- pausing 3s for extra cleanup
    batch 11/11
    [swap-guard] 97.5% swap used (epoch end) -- pausing 3s for extra cleanup
    [swap-guard] 93.8% swap used (fold 5 epoch 55 val) -- pausing 3s for extra cleanup
  Ep  55/200  loss=0.7721  AUC=0.8041  AP=0.7609  smoothAUC=0.7941  (135.7s)
  ✓ Fold 5 new best smoothed AUC=0.7941  saved.
    batch 1/11
    [swap-guard] 95.3% swap used (batch 3/11) -- pausing 3s for extra cleanup
    batch 6/11
    [swap-guard] 94.8% swap used (batch 6/11) -- pausing 3s for extra cleanup
    [swap-guard] 96.3% swap used (batch 9/11) -- pausing 3s for extra cleanup
    batch 11/11
    [swap-guard] 93.7% swap used (epoch end) -- pausing 3s for extra cleanup
    [swap-guard] 95.0% swap used (fold 5 epoch 56 val) -- pausing 3s for extra cleanup
  Ep  56/200  loss=0.7521  AUC=0.7997  AP=0.7525  smoothAUC=0.7997  (222.1s)
  ✓ Fold 5 new best smoothed AUC=0.7997  saved.
    batch 1/11
    [swap-guard] 96.9% swap used (batch 3/11) -- pausing 3s for extra cleanup
    batch 6/11
    [swap-guard] 94.1% swap used (batch 6/11) -- pausing 3s for extra cleanup
    [swap-guard] 97.4% swap used (batch 9/11) -- pausing 3s for extra cleanup
    batch 11/11
    [swap-guard] 97.4% swap used (epoch end) -- pausing 3s for extra cleanup
    [swap-guard] 94.4% swap used (fold 5 epoch 57 val) -- pausing 3s for extra cleanup
  Ep  57/200  loss=0.7838  AUC=0.8007  AP=0.7524  smoothAUC=0.8015  (199.7s)
  ✓ Fold 5 new best smoothed AUC=0.8015  saved.
    batch 1/11
    [swap-guard] 96.6% swap used (batch 3/11) -- pausing 3s for extra cleanup
    batch 6/11
    [swap-guard] 95.9% swap used (batch 6/11) -- pausing 3s for extra cleanup
    [swap-guard] 96.2% swap used (batch 9/11) -- pausing 3s for extra cleanup
    batch 11/11
    [swap-guard] 96.5% swap used (epoch end) -- pausing 3s for extra cleanup
    [swap-guard] 93.9% swap used (fold 5 epoch 58 val) -- pausing 3s for extra cleanup
  Ep  58/200  loss=0.7613  AUC=0.8034  AP=0.7572  smoothAUC=0.8013  (207.3s)
    batch 1/11
    [swap-guard] 96.8% swap used (batch 3/11) -- pausing 3s for extra cleanup
    batch 6/11
    [swap-guard] 96.0% swap used (batch 6/11) -- pausing 3s for extra cleanup
    [swap-guard] 94.1% swap used (batch 9/11) -- pausing 3s for extra cleanup
    batch 11/11
    [swap-guard] 94.7% swap used (epoch end) -- pausing 3s for extra cleanup
  Ep  59/200  loss=0.8239  AUC=0.8053  AP=0.7687  smoothAUC=0.8031  (205.9s)
  ✓ Fold 5 new best smoothed AUC=0.8031  saved.
    batch 1/11
    [swap-guard] 94.4% swap used (batch 3/11) -- pausing 3s for extra cleanup
    batch 6/11
    [swap-guard] 95.9% swap used (batch 9/11) -- pausing 3s for extra cleanup
    batch 11/11
    [swap-guard] 96.1% swap used (epoch end) -- pausing 3s for extra cleanup
    [swap-guard] 95.5% swap used (fold 5 epoch 60 val) -- pausing 3s for extra cleanup
  Ep  60/200  loss=0.7542  AUC=0.7898  AP=0.7597  smoothAUC=0.7995  (249.9s)
    batch 1/11
    [swap-guard] 95.6% swap used (batch 3/11) -- pausing 3s for extra cleanup
    batch 6/11
    [swap-guard] 97.4% swap used (batch 6/11) -- pausing 3s for extra cleanup
    [swap-guard] 97.5% swap used (batch 9/11) -- pausing 3s for extra cleanup
    batch 11/11
    [swap-guard] 95.7% swap used (epoch end) -- pausing 3s for extra cleanup
  Ep  61/200  loss=0.7362  AUC=0.7851  AP=0.7521  smoothAUC=0.7934  (232.4s)
    batch 1/11
    [swap-guard] 96.1% swap used (batch 3/11) -- pausing 3s for extra cleanup
    batch 6/11
    [swap-guard] 96.9% swap used (batch 6/11) -- pausing 3s for extra cleanup
    [swap-guard] 97.3% swap used (batch 9/11) -- pausing 3s for extra cleanup
    batch 11/11
    [swap-guard] 95.2% swap used (epoch end) -- pausing 3s for extra cleanup
    [swap-guard] 91.2% swap used (fold 5 epoch 62 val) -- pausing 3s for extra cleanup
  Ep  62/200  loss=0.7226  AUC=0.7855  AP=0.7529  smoothAUC=0.7868  (280.0s)
    batch 1/11
    [swap-guard] 94.9% swap used (batch 3/11) -- pausing 3s for extra cleanup
    batch 6/11
    [swap-guard] 95.1% swap used (batch 6/11) -- pausing 3s for extra cleanup
    [swap-guard] 96.1% swap used (batch 9/11) -- pausing 3s for extra cleanup
    batch 11/11
    [swap-guard] 92.2% swap used (epoch end) -- pausing 3s for extra cleanup
    [swap-guard] 96.4% swap used (fold 5 epoch 63 val) -- pausing 3s for extra cleanup
  Ep  63/200  loss=0.7774  AUC=0.7859  AP=0.7507  smoothAUC=0.7855  (306.2s)
    batch 1/11
    [swap-guard] 96.7% swap used (batch 3/11) -- pausing 3s for extra cleanup
    batch 6/11
    [swap-guard] 98.0% swap used (batch 6/11) -- pausing 3s for extra cleanup
    [swap-guard] 94.2% swap used (batch 9/11) -- pausing 3s for extra cleanup
    batch 11/11
    [swap-guard] 94.7% swap used (epoch end) -- pausing 3s for extra cleanup
  Ep  64/200  loss=0.7504  AUC=0.7894  AP=0.7585  smoothAUC=0.7869  (278.5s)
    batch 1/11
    [swap-guard] 96.2% swap used (batch 3/11) -- pausing 3s for extra cleanup
    batch 6/11
    [swap-guard] 96.5% swap used (batch 6/11) -- pausing 3s for extra cleanup
    [swap-guard] 96.8% swap used (batch 9/11) -- pausing 3s for extra cleanup
    batch 11/11
    [swap-guard] 94.7% swap used (epoch end) -- pausing 3s for extra cleanup
    [swap-guard] 98.3% swap used (fold 5 epoch 65 val) -- pausing 3s for extra cleanup
  Ep  65/200  loss=0.6730  AUC=0.8023  AP=0.7721  smoothAUC=0.7925  (291.8s)
    batch 1/11
    [swap-guard] 97.8% swap used (batch 3/11) -- pausing 3s for extra cleanup
    batch 6/11
    [swap-guard] 96.9% swap used (batch 6/11) -- pausing 3s for extra cleanup
    [swap-guard] 95.8% swap used (batch 9/11) -- pausing 3s for extra cleanup
    batch 11/11
    [swap-guard] 96.8% swap used (epoch end) -- pausing 3s for extra cleanup
    [swap-guard] 95.3% swap used (fold 5 epoch 66 val) -- pausing 3s for extra cleanup
  Ep  66/200  loss=0.7216  AUC=0.7995  AP=0.7574  smoothAUC=0.7971  (175.7s)
    batch 1/11
    [swap-guard] 95.1% swap used (batch 3/11) -- pausing 3s for extra cleanup
    batch 6/11
    [swap-guard] 96.5% swap used (batch 6/11) -- pausing 3s for extra cleanup
    [swap-guard] 95.1% swap used (batch 9/11) -- pausing 3s for extra cleanup
    batch 11/11
    [swap-guard] 94.4% swap used (epoch end) -- pausing 3s for extra cleanup
    [swap-guard] 93.9% swap used (fold 5 epoch 67 val) -- pausing 3s for extra cleanup
  Ep  67/200  loss=0.7291  AUC=0.8023  AP=0.7579  smoothAUC=0.8013  (213.0s)
    batch 1/11
    [swap-guard] 95.1% swap used (batch 3/11) -- pausing 3s for extra cleanup
    batch 6/11
    [swap-guard] 94.6% swap used (batch 6/11) -- pausing 3s for extra cleanup
    [swap-guard] 96.8% swap used (batch 9/11) -- pausing 3s for extra cleanup
    batch 11/11
    [swap-guard] 94.8% swap used (epoch end) -- pausing 3s for extra cleanup
    [swap-guard] 94.5% swap used (fold 5 epoch 68 val) -- pausing 3s for extra cleanup
  Ep  68/200  loss=0.7276  AUC=0.8051  AP=0.7693  smoothAUC=0.8023  (293.9s)
    batch 1/11
    [swap-guard] 94.4% swap used (batch 3/11) -- pausing 3s for extra cleanup
    batch 6/11
    [swap-guard] 96.8% swap used (batch 6/11) -- pausing 3s for extra cleanup
    batch 11/11
    [swap-guard] 94.6% swap used (epoch end) -- pausing 3s for extra cleanup
    [swap-guard] 96.9% swap used (fold 5 epoch 69 val) -- pausing 3s for extra cleanup
  Ep  69/200  loss=0.7905  AUC=0.8054  AP=0.7739  smoothAUC=0.8042  (214.9s)
  ✓ Fold 5 new best smoothed AUC=0.8042  saved.
    batch 1/11
    [swap-guard] 95.9% swap used (batch 3/11) -- pausing 3s for extra cleanup
    batch 6/11
    [swap-guard] 90.7% swap used (batch 6/11) -- pausing 3s for extra cleanup
    [swap-guard] 96.1% swap used (batch 9/11) -- pausing 3s for extra cleanup
    batch 11/11
    [swap-guard] 97.3% swap used (epoch end) -- pausing 3s for extra cleanup
    [swap-guard] 96.5% swap used (fold 5 epoch 70 val) -- pausing 3s for extra cleanup
  Ep  70/200  loss=0.7214  AUC=0.8059  AP=0.7799  smoothAUC=0.8054  (277.6s)
  ✓ Fold 5 new best smoothed AUC=0.8054  saved.
    batch 1/11
    [swap-guard] 95.7% swap used (batch 3/11) -- pausing 3s for extra cleanup
    batch 6/11
    [swap-guard] 97.0% swap used (batch 6/11) -- pausing 3s for extra cleanup
    [swap-guard] 95.0% swap used (batch 9/11) -- pausing 3s for extra cleanup
    batch 11/11
    [swap-guard] 97.0% swap used (epoch end) -- pausing 3s for extra cleanup
    [swap-guard] 97.0% swap used (fold 5 epoch 71 val) -- pausing 3s for extra cleanup
  Ep  71/200  loss=0.6883  AUC=0.8040  AP=0.7685  smoothAUC=0.8051  (224.3s)
    batch 1/11
    [swap-guard] 94.8% swap used (batch 3/11) -- pausing 3s for extra cleanup
    batch 6/11
    [swap-guard] 92.6% swap used (batch 6/11) -- pausing 3s for extra cleanup
    [swap-guard] 96.5% swap used (batch 9/11) -- pausing 3s for extra cleanup
    batch 11/11
    [swap-guard] 93.9% swap used (epoch end) -- pausing 3s for extra cleanup
    [swap-guard] 97.4% swap used (fold 5 epoch 72 val) -- pausing 3s for extra cleanup
  Ep  72/200  loss=0.7021  AUC=0.8025  AP=0.7664  smoothAUC=0.8041  (276.2s)
    batch 1/11
    [swap-guard] 97.2% swap used (batch 3/11) -- pausing 3s for extra cleanup
    batch 6/11
    [swap-guard] 97.7% swap used (batch 6/11) -- pausing 3s for extra cleanup
    [swap-guard] 96.1% swap used (batch 9/11) -- pausing 3s for extra cleanup
    batch 11/11
    [swap-guard] 93.3% swap used (epoch end) -- pausing 3s for extra cleanup
    [swap-guard] 94.9% swap used (fold 5 epoch 73 val) -- pausing 3s for extra cleanup
  Ep  73/200  loss=0.6872  AUC=0.8025  AP=0.7676  smoothAUC=0.8030  (323.1s)
    batch 1/11
    [swap-guard] 94.9% swap used (batch 3/11) -- pausing 3s for extra cleanup
    batch 6/11
    [swap-guard] 94.3% swap used (batch 6/11) -- pausing 3s for extra cleanup
    [swap-guard] 96.6% swap used (batch 9/11) -- pausing 3s for extra cleanup
    batch 11/11
    [swap-guard] 93.2% swap used (epoch end) -- pausing 3s for extra cleanup
    [swap-guard] 95.5% swap used (fold 5 epoch 74 val) -- pausing 3s for extra cleanup
  Ep  74/200  loss=0.6977  AUC=0.8039  AP=0.7730  smoothAUC=0.8030  (275.8s)
    batch 1/11
    [swap-guard] 96.0% swap used (batch 3/11) -- pausing 3s for extra cleanup
    batch 6/11
    [swap-guard] 94.6% swap used (batch 6/11) -- pausing 3s for extra cleanup
    [swap-guard] 97.6% swap used (batch 9/11) -- pausing 3s for extra cleanup
    batch 11/11
    [swap-guard] 97.4% swap used (epoch end) -- pausing 3s for extra cleanup
    [swap-guard] 96.9% swap used (fold 5 epoch 75 val) -- pausing 3s for extra cleanup
  Ep  75/200  loss=0.7107  AUC=0.8021  AP=0.7729  smoothAUC=0.8028  (310.7s)
    batch 1/11
    batch 6/11
    [swap-guard] 95.1% swap used (batch 6/11) -- pausing 3s for extra cleanup
    [swap-guard] 96.5% swap used (batch 9/11) -- pausing 3s for extra cleanup
    batch 11/11
    [swap-guard] 93.9% swap used (epoch end) -- pausing 3s for extra cleanup
    [swap-guard] 97.3% swap used (fold 5 epoch 76 val) -- pausing 3s for extra cleanup
  Ep  76/200  loss=0.6566  AUC=0.8043  AP=0.7738  smoothAUC=0.8034  (231.6s)
    batch 1/11
    [swap-guard] 94.5% swap used (batch 3/11) -- pausing 3s for extra cleanup
    batch 6/11
    [swap-guard] 95.3% swap used (batch 6/11) -- pausing 3s for extra cleanup
    [swap-guard] 95.6% swap used (batch 9/11) -- pausing 3s for extra cleanup
    batch 11/11
    [swap-guard] 95.8% swap used (epoch end) -- pausing 3s for extra cleanup
  Ep  77/200  loss=0.6494  AUC=0.7987  AP=0.7678  smoothAUC=0.8017  (267.7s)
    batch 1/11
    [swap-guard] 94.9% swap used (batch 3/11) -- pausing 3s for extra cleanup
    batch 6/11
    [swap-guard] 97.0% swap used (batch 9/11) -- pausing 3s for extra cleanup
    batch 11/11
    [swap-guard] 95.6% swap used (epoch end) -- pausing 3s for extra cleanup
    [swap-guard] 96.6% swap used (fold 5 epoch 78 val) -- pausing 3s for extra cleanup
  Ep  78/200  loss=0.7128  AUC=0.8022  AP=0.7708  smoothAUC=0.8017  (365.2s)
    batch 1/11
    [swap-guard] 96.2% swap used (batch 3/11) -- pausing 3s for extra cleanup
    batch 6/11
    [swap-guard] 95.2% swap used (batch 6/11) -- pausing 3s for extra cleanup
    [swap-guard] 94.6% swap used (batch 9/11) -- pausing 3s for extra cleanup
    batch 11/11
    [swap-guard] 93.9% swap used (epoch end) -- pausing 3s for extra cleanup
    [swap-guard] 94.3% swap used (fold 5 epoch 79 val) -- pausing 3s for extra cleanup
  Ep  79/200  loss=0.7019  AUC=0.8003  AP=0.7682  smoothAUC=0.8004  (318.0s)
    batch 1/11
    [swap-guard] 97.1% swap used (batch 3/11) -- pausing 3s for extra cleanup
    batch 6/11
    [swap-guard] 96.7% swap used (batch 6/11) -- pausing 3s for extra cleanup
    [swap-guard] 97.9% swap used (batch 9/11) -- pausing 3s for extra cleanup
    batch 11/11
    [swap-guard] 94.4% swap used (epoch end) -- pausing 3s for extra cleanup
    [swap-guard] 94.4% swap used (fold 5 epoch 80 val) -- pausing 3s for extra cleanup
  Ep  80/200  loss=0.6707  AUC=0.8046  AP=0.7735  smoothAUC=0.8023  (247.0s)
    batch 1/11
    [swap-guard] 94.4% swap used (batch 3/11) -- pausing 3s for extra cleanup
    batch 6/11
    [swap-guard] 96.8% swap used (batch 6/11) -- pausing 3s for extra cleanup
    [swap-guard] 95.1% swap used (batch 9/11) -- pausing 3s for extra cleanup
    batch 11/11
    [swap-guard] 96.2% swap used (epoch end) -- pausing 3s for extra cleanup
    [swap-guard] 90.9% swap used (fold 5 epoch 81 val) -- pausing 3s for extra cleanup
  Ep  81/200  loss=0.6676  AUC=0.8097  AP=0.7788  smoothAUC=0.8048  (425.6s)
    batch 1/11
    [swap-guard] 95.8% swap used (batch 3/11) -- pausing 3s for extra cleanup
    batch 6/11
    [swap-guard] 94.6% swap used (batch 6/11) -- pausing 3s for extra cleanup
    [swap-guard] 93.4% swap used (batch 9/11) -- pausing 3s for extra cleanup
    batch 11/11
    [swap-guard] 95.6% swap used (epoch end) -- pausing 3s for extra cleanup
  Ep  82/200  loss=0.6458  AUC=0.8120  AP=0.7834  smoothAUC=0.8088  (281.7s)
  ✓ Fold 5 new best smoothed AUC=0.8088  saved.
    batch 1/11
    batch 6/11
    [swap-guard] 96.5% swap used (batch 6/11) -- pausing 3s for extra cleanup
    [swap-guard] 97.1% swap used (batch 9/11) -- pausing 3s for extra cleanup
    batch 11/11
    [swap-guard] 96.8% swap used (epoch end) -- pausing 3s for extra cleanup
    [swap-guard] 96.7% swap used (fold 5 epoch 83 val) -- pausing 3s for extra cleanup
  Ep  83/200  loss=0.6017  AUC=0.8125  AP=0.7855  smoothAUC=0.8114  (244.9s)
  ✓ Fold 5 new best smoothed AUC=0.8114  saved.
    batch 1/11
    [swap-guard] 95.1% swap used (batch 3/11) -- pausing 3s for extra cleanup
    batch 6/11
    [swap-guard] 95.2% swap used (batch 6/11) -- pausing 3s for extra cleanup
    [swap-guard] 96.9% swap used (batch 9/11) -- pausing 3s for extra cleanup
    batch 11/11
    [swap-guard] 97.1% swap used (epoch end) -- pausing 3s for extra cleanup
    [swap-guard] 96.1% swap used (fold 5 epoch 84 val) -- pausing 3s for extra cleanup
  Ep  84/200  loss=0.6302  AUC=0.8111  AP=0.7828  smoothAUC=0.8119  (242.6s)
  ✓ Fold 5 new best smoothed AUC=0.8119  saved.
    batch 1/11
    [swap-guard] 94.6% swap used (batch 3/11) -- pausing 3s for extra cleanup
    batch 6/11
    [swap-guard] 95.2% swap used (batch 6/11) -- pausing 3s for extra cleanup
    [swap-guard] 97.3% swap used (batch 9/11) -- pausing 3s for extra cleanup
    batch 11/11
    [swap-guard] 97.4% swap used (epoch end) -- pausing 3s for extra cleanup
    [swap-guard] 97.2% swap used (fold 5 epoch 85 val) -- pausing 3s for extra cleanup
  Ep  85/200  loss=0.6309  AUC=0.8114  AP=0.7811  smoothAUC=0.8117  (226.1s)
    batch 1/11
    [swap-guard] 96.7% swap used (batch 3/11) -- pausing 3s for extra cleanup
    batch 6/11
    [swap-guard] 95.4% swap used (batch 6/11) -- pausing 3s for extra cleanup
    [swap-guard] 96.3% swap used (batch 9/11) -- pausing 3s for extra cleanup
    batch 11/11
    [swap-guard] 95.7% swap used (epoch end) -- pausing 3s for extra cleanup
    [swap-guard] 94.3% swap used (fold 5 epoch 86 val) -- pausing 3s for extra cleanup
  Ep  86/200  loss=0.6483  AUC=0.8162  AP=0.7874  smoothAUC=0.8129  (211.6s)
  ✓ Fold 5 new best smoothed AUC=0.8129  saved.
    batch 1/11
    batch 6/11
    [swap-guard] 96.2% swap used (batch 6/11) -- pausing 3s for extra cleanup
    [swap-guard] 94.5% swap used (batch 9/11) -- pausing 3s for extra cleanup
    batch 11/11
    [swap-guard] 94.6% swap used (epoch end) -- pausing 3s for extra cleanup
    [swap-guard] 96.1% swap used (fold 5 epoch 87 val) -- pausing 3s for extra cleanup
  Ep  87/200  loss=0.6464  AUC=0.8152  AP=0.7851  smoothAUC=0.8143  (286.5s)
  ✓ Fold 5 new best smoothed AUC=0.8143  saved.
    batch 1/11
    [swap-guard] 96.2% swap used (batch 3/11) -- pausing 3s for extra cleanup
    batch 6/11
    [swap-guard] 96.1% swap used (batch 6/11) -- pausing 3s for extra cleanup
    [swap-guard] 95.1% swap used (batch 9/11) -- pausing 3s for extra cleanup
    batch 11/11
    [swap-guard] 97.6% swap used (epoch end) -- pausing 3s for extra cleanup
    [swap-guard] 96.3% swap used (fold 5 epoch 88 val) -- pausing 3s for extra cleanup
  Ep  88/200  loss=0.6601  AUC=0.8167  AP=0.7884  smoothAUC=0.8160  (368.4s)
  ✓ Fold 5 new best smoothed AUC=0.8160  saved.
    batch 1/11
    [swap-guard] 94.7% swap used (batch 3/11) -- pausing 3s for extra cleanup
    batch 6/11
    [swap-guard] 96.2% swap used (batch 6/11) -- pausing 3s for extra cleanup
    [swap-guard] 96.9% swap used (batch 9/11) -- pausing 3s for extra cleanup
    batch 11/11
    [swap-guard] 97.5% swap used (epoch end) -- pausing 3s for extra cleanup
    [swap-guard] 98.1% swap used (fold 5 epoch 89 val) -- pausing 3s for extra cleanup
  Ep  89/200  loss=0.6542  AUC=0.8145  AP=0.7871  smoothAUC=0.8155  (318.5s)
    batch 1/11
    [swap-guard] 94.8% swap used (batch 3/11) -- pausing 3s for extra cleanup
    batch 6/11
    [swap-guard] 96.4% swap used (batch 6/11) -- pausing 3s for extra cleanup
    [swap-guard] 94.8% swap used (batch 9/11) -- pausing 3s for extra cleanup
    batch 11/11
    [swap-guard] 96.7% swap used (epoch end) -- pausing 3s for extra cleanup
    [swap-guard] 97.0% swap used (fold 5 epoch 90 val) -- pausing 3s for extra cleanup
  Ep  90/200  loss=0.6338  AUC=0.8121  AP=0.7861  smoothAUC=0.8144  (285.8s)
    batch 1/11
    [swap-guard] 94.5% swap used (batch 3/11) -- pausing 3s for extra cleanup
    batch 6/11
    [swap-guard] 94.9% swap used (batch 6/11) -- pausing 3s for extra cleanup
    [swap-guard] 95.9% swap used (batch 9/11) -- pausing 3s for extra cleanup
    batch 11/11
    [swap-guard] 95.5% swap used (epoch end) -- pausing 3s for extra cleanup
    [swap-guard] 93.7% swap used (fold 5 epoch 91 val) -- pausing 3s for extra cleanup
  Ep  91/200  loss=0.5936  AUC=0.8113  AP=0.7823  smoothAUC=0.8126  (327.4s)
    batch 1/11
    [swap-guard] 96.7% swap used (batch 3/11) -- pausing 3s for extra cleanup
    batch 6/11
    [swap-guard] 96.7% swap used (batch 6/11) -- pausing 3s for extra cleanup
    [swap-guard] 96.4% swap used (batch 9/11) -- pausing 3s for extra cleanup
    batch 11/11
    [swap-guard] 95.0% swap used (epoch end) -- pausing 3s for extra cleanup
    [swap-guard] 94.9% swap used (fold 5 epoch 92 val) -- pausing 3s for extra cleanup
  Ep  92/200  loss=0.5735  AUC=0.8132  AP=0.7800  smoothAUC=0.8122  (351.2s)
    batch 1/11
    [swap-guard] 96.6% swap used (batch 3/11) -- pausing 3s for extra cleanup
    batch 6/11
    [swap-guard] 97.0% swap used (batch 6/11) -- pausing 3s for extra cleanup
    [swap-guard] 97.6% swap used (batch 9/11) -- pausing 3s for extra cleanup
    batch 11/11
    [swap-guard] 94.0% swap used (epoch end) -- pausing 3s for extra cleanup
    [swap-guard] 96.3% swap used (fold 5 epoch 93 val) -- pausing 3s for extra cleanup
  Ep  93/200  loss=0.6362  AUC=0.8114  AP=0.7815  smoothAUC=0.8120  (385.7s)
    batch 1/11
    [swap-guard] 94.6% swap used (batch 3/11) -- pausing 3s for extra cleanup
    batch 6/11
    [swap-guard] 96.6% swap used (batch 6/11) -- pausing 3s for extra cleanup
    [swap-guard] 95.4% swap used (batch 9/11) -- pausing 3s for extra cleanup
    batch 11/11
    [swap-guard] 95.9% swap used (epoch end) -- pausing 3s for extra cleanup
    [swap-guard] 97.8% swap used (fold 5 epoch 94 val) -- pausing 3s for extra cleanup
  Ep  94/200  loss=0.5970  AUC=0.8138  AP=0.7842  smoothAUC=0.8128  (427.5s)
    batch 1/11
    [swap-guard] 95.0% swap used (batch 3/11) -- pausing 3s for extra cleanup
    batch 6/11
    [swap-guard] 95.5% swap used (batch 6/11) -- pausing 3s for extra cleanup
    [swap-guard] 96.6% swap used (batch 9/11) -- pausing 3s for extra cleanup
    batch 11/11
    [swap-guard] 93.5% swap used (epoch end) -- pausing 3s for extra cleanup
    [swap-guard] 95.0% swap used (fold 5 epoch 95 val) -- pausing 3s for extra cleanup
  Ep  95/200  loss=0.5973  AUC=0.8148  AP=0.7849  smoothAUC=0.8133  (469.1s)
    batch 1/11
    [swap-guard] 94.8% swap used (batch 3/11) -- pausing 3s for extra cleanup
    batch 6/11
    [swap-guard] 97.6% swap used (batch 6/11) -- pausing 3s for extra cleanup
    [swap-guard] 96.1% swap used (batch 9/11) -- pausing 3s for extra cleanup
    batch 11/11
    [swap-guard] 97.4% swap used (epoch end) -- pausing 3s for extra cleanup
    [swap-guard] 95.4% swap used (fold 5 epoch 96 val) -- pausing 3s for extra cleanup
  Ep  96/200  loss=0.5752  AUC=0.8152  AP=0.7837  smoothAUC=0.8146  (462.9s)
    batch 1/11
    [swap-guard] 97.1% swap used (batch 3/11) -- pausing 3s for extra cleanup
    batch 6/11
    [swap-guard] 95.0% swap used (batch 6/11) -- pausing 3s for extra cleanup
    [swap-guard] 97.6% swap used (batch 9/11) -- pausing 3s for extra cleanup
    batch 11/11
    [swap-guard] 97.5% swap used (epoch end) -- pausing 3s for extra cleanup
    [swap-guard] 95.0% swap used (fold 5 epoch 97 val) -- pausing 3s for extra cleanup
  Ep  97/200  loss=0.6160  AUC=0.8141  AP=0.7826  smoothAUC=0.8147  (451.6s)
    batch 1/11
    [swap-guard] 96.5% swap used (batch 3/11) -- pausing 3s for extra cleanup
    batch 6/11
    [swap-guard] 97.7% swap used (batch 6/11) -- pausing 3s for extra cleanup
    [swap-guard] 96.7% swap used (batch 9/11) -- pausing 3s for extra cleanup
    batch 11/11
    [swap-guard] 93.4% swap used (epoch end) -- pausing 3s for extra cleanup
    [swap-guard] 98.4% swap used (fold 5 epoch 98 val) -- pausing 3s for extra cleanup
  Ep  98/200  loss=0.5787  AUC=0.8150  AP=0.7846  smoothAUC=0.8148  (409.2s)
    batch 1/11
    batch 6/11
    [swap-guard] 98.0% swap used (batch 6/11) -- pausing 3s for extra cleanup
    [swap-guard] 96.8% swap used (batch 9/11) -- pausing 3s for extra cleanup
    batch 11/11
    [swap-guard] 96.0% swap used (epoch end) -- pausing 3s for extra cleanup
    [swap-guard] 94.4% swap used (fold 5 epoch 99 val) -- pausing 3s for extra cleanup
  Ep  99/200  loss=0.6389  AUC=0.8132  AP=0.7819  smoothAUC=0.8141  (425.2s)
    batch 1/11
    [swap-guard] 97.9% swap used (batch 3/11) -- pausing 3s for extra cleanup
    batch 6/11
    [swap-guard] 96.1% swap used (batch 6/11) -- pausing 3s for extra cleanup
    [swap-guard] 96.8% swap used (batch 9/11) -- pausing 3s for extra cleanup
    batch 11/11
    [swap-guard] 95.4% swap used (epoch end) -- pausing 3s for extra cleanup
    [swap-guard] 98.1% swap used (fold 5 epoch 100 val) -- pausing 3s for extra cleanup
  Ep 100/200  loss=0.6306  AUC=0.8136  AP=0.7799  smoothAUC=0.8139  (403.6s)
    batch 1/11
    [swap-guard] 95.5% swap used (batch 3/11) -- pausing 3s for extra cleanup
    batch 6/11
    [swap-guard] 95.6% swap used (batch 6/11) -- pausing 3s for extra cleanup
    [swap-guard] 97.4% swap used (batch 9/11) -- pausing 3s for extra cleanup
    batch 11/11
    [swap-guard] 97.7% swap used (epoch end) -- pausing 3s for extra cleanup
    [swap-guard] 97.4% swap used (fold 5 epoch 101 val) -- pausing 3s for extra cleanup
  Ep 101/200  loss=0.6301  AUC=0.8108  AP=0.7793  smoothAUC=0.8125  (457.2s)
    batch 1/11
    [swap-guard] 95.9% swap used (batch 3/11) -- pausing 3s for extra cleanup
    batch 6/11
    [swap-guard] 96.5% swap used (batch 6/11) -- pausing 3s for extra cleanup
    [swap-guard] 98.3% swap used (batch 9/11) -- pausing 3s for extra cleanup
    batch 11/11
    [swap-guard] 92.6% swap used (epoch end) -- pausing 3s for extra cleanup
    [swap-guard] 96.2% swap used (fold 5 epoch 102 val) -- pausing 3s for extra cleanup
  Ep 102/200  loss=0.5852  AUC=0.8095  AP=0.7770  smoothAUC=0.8113  (363.0s)
    batch 1/11
    [swap-guard] 96.3% swap used (batch 3/11) -- pausing 3s for extra cleanup
    batch 6/11
    [swap-guard] 96.7% swap used (batch 6/11) -- pausing 3s for extra cleanup
    [swap-guard] 96.2% swap used (batch 9/11) -- pausing 3s for extra cleanup
    batch 11/11
    [swap-guard] 94.3% swap used (epoch end) -- pausing 3s for extra cleanup
    [swap-guard] 97.9% swap used (fold 5 epoch 103 val) -- pausing 3s for extra cleanup
  Ep 103/200  loss=0.6173  AUC=0.8115  AP=0.7763  smoothAUC=0.8106  (447.9s)
    batch 1/11
    [swap-guard] 96.6% swap used (batch 3/11) -- pausing 3s for extra cleanup
    batch 6/11
    [swap-guard] 96.6% swap used (batch 6/11) -- pausing 3s for extra cleanup
    [swap-guard] 95.8% swap used (batch 9/11) -- pausing 3s for extra cleanup
    batch 11/11
    [swap-guard] 96.5% swap used (epoch end) -- pausing 3s for extra cleanup
    [swap-guard] 97.1% swap used (fold 5 epoch 104 val) -- pausing 3s for extra cleanup
  Ep 104/200  loss=0.6143  AUC=0.8132  AP=0.7771  smoothAUC=0.8114  (511.5s)
    batch 1/11
    [swap-guard] 96.9% swap used (batch 3/11) -- pausing 3s for extra cleanup
    batch 6/11
    [swap-guard] 95.8% swap used (batch 6/11) -- pausing 3s for extra cleanup
    [swap-guard] 95.7% swap used (batch 9/11) -- pausing 3s for extra cleanup
    batch 11/11
    [swap-guard] 96.5% swap used (epoch end) -- pausing 3s for extra cleanup
    [swap-guard] 97.0% swap used (fold 5 epoch 105 val) -- pausing 3s for extra cleanup
  Ep 105/200  loss=0.6365  AUC=0.8103  AP=0.7719  smoothAUC=0.8117  (436.1s)
    batch 1/11
    [swap-guard] 97.3% swap used (batch 3/11) -- pausing 3s for extra cleanup
    batch 6/11
    [swap-guard] 95.6% swap used (batch 6/11) -- pausing 3s for extra cleanup
    [swap-guard] 96.2% swap used (batch 9/11) -- pausing 3s for extra cleanup
    batch 11/11
    [swap-guard] 94.6% swap used (epoch end) -- pausing 3s for extra cleanup
    [swap-guard] 95.6% swap used (fold 5 epoch 106 val) -- pausing 3s for extra cleanup
  Ep 106/200  loss=0.6525  AUC=0.8093  AP=0.7719  smoothAUC=0.8110  (416.2s)
    batch 1/11
    [swap-guard] 96.8% swap used (batch 3/11) -- pausing 3s for extra cleanup
    batch 6/11
    [swap-guard] 96.6% swap used (batch 6/11) -- pausing 3s for extra cleanup
    [swap-guard] 95.3% swap used (batch 9/11) -- pausing 3s for extra cleanup
    batch 11/11
    [swap-guard] 96.2% swap used (epoch end) -- pausing 3s for extra cleanup
    [swap-guard] 96.8% swap used (fold 5 epoch 107 val) -- pausing 3s for extra cleanup
  Ep 107/200  loss=0.6454  AUC=0.8120  AP=0.7751  smoothAUC=0.8106  (639.1s)
    batch 1/11
    [swap-guard] 96.8% swap used (batch 3/11) -- pausing 3s for extra cleanup
    batch 6/11
    [swap-guard] 95.4% swap used (batch 6/11) -- pausing 3s for extra cleanup
    [swap-guard] 96.0% swap used (batch 9/11) -- pausing 3s for extra cleanup
    batch 11/11
    [swap-guard] 98.0% swap used (epoch end) -- pausing 3s for extra cleanup
    [swap-guard] 96.8% swap used (fold 5 epoch 108 val) -- pausing 3s for extra cleanup
  Ep 108/200  loss=0.5764  AUC=0.8107  AP=0.7764  smoothAUC=0.8107  (436.9s)

  Early stopping at epoch 108.

  Fold 5 test — AUC=0.8179  AP=0.8010  (random=0.5000)

=======================================================
  5-Fold CV Summary
=======================================================
  Fold 1: AUC=0.8209  AP=0.7936  (random=0.5000)
  Fold 2: AUC=0.8284  AP=0.8361  (random=0.5000)
  Fold 3: AUC=0.7946  AP=0.7808  (random=0.5000)
  Fold 4: AUC=0.8556  AP=0.8452  (random=0.5000)
  Fold 5: AUC=0.8179  AP=0.8010  (random=0.5000)
  ─────────────────────────────────────────
  Mean AUC        = 0.8235 ± 0.0219
  Mean AP         = 0.8114 ± 0.0279
  Mean random AP  = 0.5000 ± 0.0000  (chance baseline — AP lift over this is the real signal)
  Best overall fold: 4  (val AUC=0.8607)

[4/4] Final test evaluation (best_overall.pt) …
Model built on mps  |  total params: 2,441,809
/Users/mbp/Documents/MTECH/Sem4/Individual_project/AI_Assisted_3D_Assembly_Design/AI-Assisted-3D-Assembly-Design/.venv/lib/python3.12/site-packages/torch_geometric/transforms/base_transform.py:32: UserWarning: There are not enough negative edges to satisfy the provided sampling ratio. The ratio will be adjusted to 0.00.
  return self.forward(copy.copy(data))
    [DIAG] graph 44: 2 nodes, 2 dir-edges, 1 pos, requested 1 neg but only 0 possible
    [DIAG] graph 60: 2 nodes, 2 dir-edges, 1 pos, requested 1 neg but only 0 possible
    [DIAG] graph 63: 2 nodes, 2 dir-edges, 1 pos, requested 1 neg but only 0 possible
    [DIAG] graph 71: 2 nodes, 2 dir-edges, 1 pos, requested 1 neg but only 0 possible
    [DIAG] graph 126: 2 nodes, 2 dir-edges, 1 pos, requested 1 neg but only 0 possible
  Fold 4/5 — train: 163  val: 40  test: 30

  ── Test results (best overall model) ─────
     auc         : 0.8556
     ap          : 0.8452
     random_ap   : 0.5000

  Results saved        → results
  Best overall ckpt    → checkpoints/best_overall.pt
  Trained model export → ../trained_models/assembly_gnn_20260816_053716_auc08607.pt

  ✓ best_serving.pt updated — AUC=0.8235, AP=0.8114

  Building assembly template cache …
  [TemplateDB] Built 7 category templates from 233 training assemblies.
    Bench Vice                                bodies≈22  dist={'long_shaft': 2, 'short_shaft': 2, 'thick_plate': 2, 'thin_plate': 3, 'bolt': 2, 'washer': 2, 'nut': 4, 'body': 12}
    C Clamps                                  bodies≈7  dist={'long_shaft': 1, 'short_shaft': 1, 'thick_plate': 1, 'thin_plate': 1, 'bolt': 1, 'washer': 1, 'nut': 2, 'body': 2}
    Crane Hook                                bodies≈46  dist={'long_shaft': 4, 'short_shaft': 3, 'thick_plate': 5, 'thin_plate': 2, 'bolt': 1, 'washer': 7, 'nut': 15, 'body': 8}
    Gate Valve                                bodies≈59  dist={'long_shaft': 1, 'short_shaft': 5, 'thick_plate': 4, 'thin_plate': 4, 'bolt': 4, 'washer': 3, 'nut': 18, 'body': 19}
    Pipe Vice                                 bodies≈8  dist={'long_shaft': 1, 'short_shaft': 1, 'thick_plate': 1, 'thin_plate': 2, 'bolt': 1, 'washer': 1, 'nut': 2, 'body': 4}
    Press Tool                                bodies≈10  dist={'long_shaft': 4, 'short_shaft': 4, 'thick_plate': 2, 'thin_plate': 5, 'bolt': 9, 'washer': 5, 'nut': 4, 'body': 5}
    Tool Post                                 bodies≈28  dist={'long_shaft': 2, 'short_shaft': 8, 'thick_plate': 2, 'thin_plate': 1, 'bolt': 8, 'washer': 2, 'nut': 1, 'body': 8}
  [TemplateDB] Saved 7 templates → data/assembly_templates.json
